order_id,customer_id,order_date,status
ORD00001,CUST0001,2023-11-03,Cancelled
ORD00002,CUST0051,2024-01-07,Delivered
ORD00003,CUST0685,2023-11-02,Delivered
ORD00004,CUST0717,2024-12-17,Delivered
ORD00005,CUST0772,2024-12-18,Shipped
ORD00006,CUST0446,2024-04-25,Delivered
ORD00007,CUST0449,2023-05-28,Delivered
ORD00008,CUST0881,2023-11-11,Delivered
ORD00009,CUST0488,2024-03-12,Shipped
ORD00010,CUST0800,2024-12-24,Delivered
ORD00011,CUST0034,2024-12-13,Shipped
ORD00012,CUST0348,2024-12-16,Delivered
ORD00013,CUST0095,2024-06-26,Delivered
ORD00014,CUST0072,2024-11-24,Cancelled
ORD00015,CUST0551,2024-02-20,Shipped
ORD00016,CUST0154,2023-08-11,Delivered
ORD00017,CUST0250,2023-02-22,Delivered
ORD00018,CUST0674,2024-05-20,Delivered
ORD00019,CUST0438,2024-03-15,Delivered
ORD00020,CUST0118,2024-07-24,Delivered
ORD00021,CUST0771,2024-09-14,Delivered
ORD00022,CUST0891,2024-09-26,Delivered
ORD00023,CUST0306,2023-02-21,Shipped
ORD00024,CUST0268,2024-06-26,Delivered
ORD00025,CUST0961,2023-12-05,Shipped
ORD00026,CUST0054,2024-01-03,Delivered
ORD00027,CUST0236,2023-11-12,Cancelled
ORD00028,CUST0389,2024-06-19,Processing
ORD00029,CUST0990,2023-09-22,Processing
ORD00030,CUST0734,2024-12-12,Processing
ORD00031,CUST0763,2024-11-19,Cancelled
ORD00032,CUST0825,2023-08-13,Delivered
ORD00033,CUST0401,2024-09-08,Delivered
ORD00034,CUST0624,2023-01-06,Delivered
ORD00035,CUST0767,2024-08-18,Shipped
ORD00036,CUST0303,2023-04-09,Shipped
ORD00037,CUST0919,2024-04-20,Delivered
ORD00038,CUST0207,2024-10-16,Delivered
ORD00039,CUST0229,2023-03-28,Delivered
ORD00040,CUST0853,2023-07-23,Cancelled
ORD00041,CUST0910,2024-12-26,Delivered
ORD00042,CUST0578,2024-10-23,Delivered
ORD00043,CUST0075,2023-08-10,Delivered
ORD00044,CUST0435,2024-11-23,Delivered
ORD00045,CUST0103,2023-11-17,Cancelled
ORD00046,CUST0422,2023-03-07,Shipped
ORD00047,CUST0704,2023-04-16,Processing
ORD00048,CUST0764,2023-06-19,Delivered
ORD00049,CUST0738,2024-07-18,Shipped
ORD00050,CUST0806,2023-09-03,Delivered
ORD00051,CUST0306,2023-05-23,Shipped
ORD00052,CUST0098,2024-08-25,Delivered
ORD00053,CUST0850,2024-11-03,Delivered
ORD00054,CUST0798,2023-12-21,Shipped
ORD00055,CUST0335,2023-07-22,Cancelled
ORD00056,CUST0859,2024-03-27,Delivered
ORD00057,CUST0435,2023-11-05,Processing
ORD00058,CUST0447,2024-08-28,Delivered
ORD00059,CUST0994,2023-11-17,Delivered
ORD00060,CUST0308,2023-05-06,Delivered
ORD00061,CUST0249,2024-12-08,Delivered
ORD00062,CUST0166,2024-12-17,Delivered
ORD00063,CUST0481,2024-11-09,Delivered
ORD00064,CUST0984,2023-09-18,Delivered
ORD00065,CUST0335,2024-03-10,Cancelled
ORD00066,CUST0542,2023-08-06,Delivered
ORD00067,CUST0759,2023-03-20,Shipped
ORD00068,CUST0106,2024-11-19,Delivered
ORD00069,CUST0563,2023-11-01,Shipped
ORD00070,CUST0081,2023-01-21,Delivered
ORD00071,CUST0133,2024-09-25,Delivered
ORD00072,CUST0797,2024-09-01,Delivered
ORD00073,CUST0900,2024-12-18,Delivered
ORD00074,CUST0138,2024-09-10,Delivered
ORD00075,CUST0184,2024-04-26,Shipped
ORD00076,CUST0401,2024-05-03,Cancelled
ORD00077,CUST0330,2023-03-14,Processing
ORD00078,CUST0785,2024-07-11,Shipped
ORD00079,CUST0508,2023-05-23,Delivered
ORD00080,CUST0852,2024-10-28,Delivered
ORD00081,CUST0984,2024-12-05,Delivered
ORD00082,CUST0069,2024-08-04,Delivered
ORD00083,CUST0546,2024-04-04,Delivered
ORD00084,CUST0774,2024-07-05,Delivered
ORD00085,CUST0053,2023-01-13,Delivered
ORD00086,CUST0450,2024-04-28,Delivered
ORD00087,CUST0205,2023-11-19,Processing
ORD00088,CUST0126,2024-03-06,Processing
ORD00089,CUST0747,2024-12-15,Delivered
ORD00090,CUST0043,2024-12-16,Cancelled
ORD00091,CUST0752,2023-02-13,Cancelled
ORD00092,CUST0971,2024-12-07,Delivered
ORD00093,CUST0883,2024-01-10,Delivered
ORD00094,CUST0111,2024-09-27,Delivered
ORD00095,CUST0761,2024-05-01,Cancelled
ORD00096,CUST0663,2023-07-09,Cancelled
ORD00097,CUST0183,2024-11-12,Delivered
ORD00098,CUST0848,2023-06-19,Delivered
ORD00099,CUST0095,2023-06-10,Delivered
ORD00100,CUST0971,2023-06-15,Delivered
ORD00101,CUST0374,2024-11-20,Delivered
ORD00102,CUST0912,2023-03-04,Processing
ORD00103,CUST0520,2024-06-11,Shipped
ORD00104,CUST0900,2024-11-07,Processing
ORD00105,CUST0360,2024-08-02,Processing
ORD00106,CUST0900,2023-03-11,Shipped
ORD00107,CUST0696,2024-08-05,Delivered
ORD00108,CUST0281,2023-05-20,Delivered
ORD00109,CUST0195,2024-03-20,Delivered
ORD00110,CUST0864,2024-09-17,Shipped
ORD00111,CUST0195,2024-10-10,Delivered
ORD00112,CUST0667,2024-11-12,Shipped
ORD00113,CUST0093,2024-10-14,Delivered
ORD00114,CUST0672,2024-11-24,Delivered
ORD00115,CUST0946,2023-09-09,Delivered
ORD00116,CUST0061,2023-10-19,Delivered
ORD00117,CUST0634,2024-03-21,Shipped
ORD00118,CUST0051,2024-03-22,Shipped
ORD00119,CUST0403,2023-01-23,Delivered
ORD00120,CUST0789,2023-04-15,Delivered
ORD00121,CUST0005,2024-06-14,Delivered
ORD00122,CUST0466,2023-06-25,Delivered
ORD00123,CUST0604,2024-12-24,Delivered
ORD00124,CUST0682,2023-10-17,Cancelled
ORD00125,CUST0829,2023-08-22,Delivered
ORD00126,CUST0534,2024-08-11,Delivered
ORD00127,CUST0405,2023-07-18,Delivered
ORD00128,CUST0838,2024-08-22,Delivered
ORD00129,CUST0513,2024-09-07,Delivered
ORD00130,CUST0645,2023-05-10,Delivered
ORD00131,CUST0233,2023-12-10,Delivered
ORD00132,CUST0524,2024-10-23,Delivered
ORD00133,CUST0346,2024-05-12,Delivered
ORD00134,CUST0046,2024-05-19,Delivered
ORD00135,CUST0546,2024-12-13,Delivered
ORD00136,CUST0945,2024-12-26,Cancelled
ORD00137,CUST0078,2023-05-10,Delivered
ORD00138,CUST0730,2023-05-15,Delivered
ORD00139,CUST0813,2024-10-07,Delivered
ORD00140,CUST0923,2023-11-09,Delivered
ORD00141,CUST0073,2024-03-20,Delivered
ORD00142,CUST0794,2023-04-22,Shipped
ORD00143,CUST0249,2023-09-02,Shipped
ORD00144,CUST0047,2023-06-23,Delivered
ORD00145,CUST0121,2024-02-25,Delivered
ORD00146,CUST0214,2023-01-18,Delivered
ORD00147,CUST0239,2023-06-16,Cancelled
ORD00148,CUST0056,2024-09-25,Shipped
ORD00149,CUST0350,2024-05-21,Delivered
ORD00150,CUST0107,2023-12-03,Delivered
ORD00151,CUST0831,2023-08-24,Delivered
ORD00152,CUST0048,2023-12-06,Delivered
ORD00153,CUST0573,2024-12-06,Delivered
ORD00154,CUST0337,2023-12-13,Delivered
ORD00155,CUST0026,2024-03-24,Shipped
ORD00156,CUST0804,2024-12-01,Delivered
ORD00157,CUST0257,2024-08-04,Delivered
ORD00158,CUST0008,2024-05-21,Cancelled
ORD00159,CUST0625,2024-12-05,Delivered
ORD00160,CUST0867,2024-05-26,Delivered
ORD00161,CUST0253,2023-05-24,Delivered
ORD00162,CUST0692,2024-09-23,Delivered
ORD00163,CUST0719,2023-01-11,Processing
ORD00164,CUST0303,2024-08-25,Delivered
ORD00165,CUST0639,2023-03-28,Delivered
ORD00166,CUST0056,2024-11-17,Delivered
ORD00167,CUST0726,2024-02-22,Shipped
ORD00168,CUST0526,2023-03-05,Shipped
ORD00169,CUST0474,2024-05-08,Delivered
ORD00170,CUST0028,2023-04-08,Delivered
ORD00171,CUST0983,2024-11-11,Shipped
ORD00172,CUST0078,2024-09-19,Delivered
ORD00173,CUST0216,2023-04-12,Processing
ORD00174,CUST0386,2023-02-04,Processing
ORD00175,CUST0365,2024-05-13,Processing
ORD00176,CUST0666,2024-10-21,Delivered
ORD00177,CUST0526,2024-06-08,Delivered
ORD00178,CUST0699,2023-12-16,Processing
ORD00179,CUST0312,2023-07-20,Delivered
ORD00180,CUST0883,2024-06-18,Delivered
ORD00181,CUST0007,2024-11-26,Processing
ORD00182,CUST0003,2023-11-22,Cancelled
ORD00183,CUST0623,2023-08-17,Delivered
ORD00184,CUST0919,2024-02-19,Delivered
ORD00185,CUST0750,2023-02-18,Delivered
ORD00186,CUST0363,2023-08-05,Processing
ORD00187,CUST0751,2023-05-17,Cancelled
ORD00188,CUST0508,2024-02-07,Delivered
ORD00189,CUST0274,2024-02-17,Delivered
ORD00190,CUST0506,2024-11-15,Cancelled
ORD00191,CUST0806,2023-08-15,Delivered
ORD00192,CUST0739,2023-08-22,Delivered
ORD00193,CUST0883,2024-10-13,Returned
ORD00194,CUST0015,2024-11-24,Delivered
ORD00195,CUST0192,2023-08-02,Shipped
ORD00196,CUST0985,2024-05-03,Delivered
ORD00197,CUST0631,2023-12-03,Delivered
ORD00198,CUST0485,2024-01-14,Processing
ORD00199,CUST0028,2023-11-25,Delivered
ORD00200,CUST0714,2024-06-13,Returned
ORD00201,CUST0039,2024-11-13,Delivered
ORD00202,CUST0953,2024-02-22,Delivered
ORD00203,CUST0273,2023-09-12,Delivered
ORD00204,CUST0231,2023-03-18,Delivered
ORD00205,CUST0086,2024-08-24,Delivered
ORD00206,CUST0474,2023-11-25,Delivered
ORD00207,CUST0126,2023-12-15,Delivered
ORD00208,CUST0812,2024-08-27,Delivered
ORD00209,CUST0537,2023-04-12,Shipped
ORD00210,CUST0145,2023-05-24,Shipped
ORD00211,CUST0525,2023-01-22,Shipped
ORD00212,CUST0212,2024-09-01,Delivered
ORD00213,CUST0025,2023-04-04,Delivered
ORD00214,CUST0580,2023-07-22,Shipped
ORD00215,CUST0394,2023-04-02,Delivered
ORD00216,CUST0067,2024-07-18,Delivered
ORD00217,CUST0233,2023-11-25,Processing
ORD00218,CUST0109,2023-03-10,Processing
ORD00219,CUST0146,2023-11-24,Delivered
ORD00220,CUST0111,2024-08-25,Delivered
ORD00221,CUST0228,2024-04-05,Shipped
ORD00222,CUST0111,2023-06-09,Delivered
ORD00223,CUST0470,2023-08-19,Processing
ORD00224,CUST0034,2023-09-14,Shipped
ORD00225,CUST0623,2024-01-12,Processing
ORD00226,CUST0776,2024-11-11,Delivered
ORD00227,CUST0936,2024-06-10,Delivered
ORD00228,CUST0369,2024-03-18,Shipped
ORD00229,CUST0748,2024-04-08,Shipped
ORD00230,CUST0595,2024-11-05,Shipped
ORD00231,CUST0554,2024-12-18,Delivered
ORD00232,CUST0425,2024-12-18,Delivered
ORD00233,CUST0613,2023-06-09,Cancelled
ORD00234,CUST0518,2023-05-03,Shipped
ORD00235,CUST0692,2024-11-03,Cancelled
ORD00236,CUST0282,2023-01-13,Shipped
ORD00237,CUST0320,2023-12-07,Delivered
ORD00238,CUST0738,2023-07-28,Shipped
ORD00239,CUST0443,2024-05-01,Cancelled
ORD00240,CUST0952,2023-12-24,Delivered
ORD00241,CUST0315,2023-10-25,Shipped
ORD00242,CUST0877,2024-12-23,Delivered
ORD00243,CUST0966,2023-06-08,Delivered
ORD00244,CUST0741,2024-11-13,Shipped
ORD00245,CUST0377,2024-08-12,Delivered
ORD00246,CUST0289,2024-04-17,Delivered
ORD00247,CUST0437,2024-07-26,Delivered
ORD00248,CUST0662,2024-11-11,Delivered
ORD00249,CUST0277,2023-06-14,Delivered
ORD00250,CUST0710,2023-08-08,Delivered
ORD00251,CUST0582,2023-01-18,Cancelled
ORD00252,CUST0503,2024-05-07,Delivered
ORD00253,CUST0624,2024-04-19,Delivered
ORD00254,CUST0516,2023-07-21,Delivered
ORD00255,CUST0350,2024-04-27,Shipped
ORD00256,CUST0843,2024-12-21,Delivered
ORD00257,CUST0446,2024-07-24,Processing
ORD00258,CUST0830,2024-03-24,Shipped
ORD00259,CUST0350,2024-03-18,Processing
ORD00260,CUST0607,2023-08-27,Delivered
ORD00261,CUST0664,2023-12-22,Shipped
ORD00262,CUST0823,2023-11-14,Delivered
ORD00263,CUST0137,2023-11-08,Cancelled
ORD00264,CUST0759,2023-10-01,Shipped
ORD00265,CUST0899,2023-08-12,Delivered
ORD00266,CUST0243,2023-09-22,Delivered
ORD00267,CUST0543,2024-09-01,Delivered
ORD00268,CUST0040,2023-08-14,Shipped
ORD00269,CUST0229,2023-01-24,Delivered
ORD00270,CUST0548,2024-08-10,Delivered
ORD00271,CUST0920,2023-08-23,Delivered
ORD00272,CUST0223,2024-11-06,Shipped
ORD00273,CUST0006,2023-12-17,Processing
ORD00274,CUST0322,2023-04-20,Processing
ORD00275,CUST0468,2024-11-09,Shipped
ORD00276,CUST0732,2024-02-13,Delivered
ORD00277,CUST0075,2024-08-23,Delivered
ORD00278,CUST0004,2023-05-27,Shipped
ORD00279,CUST0847,2023-09-28,Delivered
ORD00280,CUST0646,2023-02-13,Delivered
ORD00281,CUST0118,2024-08-02,Delivered
ORD00282,CUST0881,2023-10-03,Delivered
ORD00283,CUST0606,2024-11-21,Delivered
ORD00284,CUST0504,2024-08-28,Cancelled
ORD00285,CUST0998,2023-12-02,Delivered
ORD00286,CUST0947,2023-04-28,Delivered
ORD00287,CUST0574,2024-05-03,Delivered
ORD00288,CUST0441,2024-12-19,Shipped
ORD00289,CUST0194,2023-03-28,Delivered
ORD00290,CUST0847,2024-01-07,Cancelled
ORD00291,CUST0715,2023-11-23,Cancelled
ORD00292,CUST0392,2024-12-10,Delivered
ORD00293,CUST0026,2023-08-19,Cancelled
ORD00294,CUST0435,2024-10-18,Returned
ORD00295,CUST0173,2024-06-24,Processing
ORD00296,CUST0300,2023-11-23,Processing
ORD00297,CUST0645,2023-08-12,Delivered
ORD00298,CUST0326,2023-02-08,Delivered
ORD00299,CUST0410,2023-05-25,Delivered
ORD00300,CUST0118,2024-12-11,Delivered
ORD00301,CUST0836,2023-09-26,Returned
ORD00302,CUST0787,2024-07-12,Delivered
ORD00303,CUST0724,2024-07-22,Shipped
ORD00304,CUST0225,2024-02-20,Processing
ORD00305,CUST0532,2024-11-23,Processing
ORD00306,CUST0113,2023-02-05,Returned
ORD00307,CUST0140,2024-10-21,Delivered
ORD00308,CUST0559,2023-10-11,Delivered
ORD00309,CUST0001,2024-02-01,Delivered
ORD00310,CUST0090,2024-07-25,Delivered
ORD00311,CUST0654,2024-02-03,Delivered
ORD00312,CUST0320,2023-07-18,Delivered
ORD00313,CUST0550,2024-02-03,Processing
ORD00314,CUST0805,2024-08-20,Delivered
ORD00315,CUST0894,2024-11-01,Delivered
ORD00316,CUST0139,2024-06-25,Shipped
ORD00317,CUST0511,2023-10-18,Delivered
ORD00318,CUST0868,2023-08-06,Delivered
ORD00319,CUST0845,2024-03-09,Shipped
ORD00320,CUST0259,2024-04-05,Shipped
ORD00321,CUST0673,2023-03-09,Shipped
ORD00322,CUST0902,2024-05-26,Delivered
ORD00323,CUST0690,2023-06-08,Processing
ORD00324,CUST0010,2024-09-07,Delivered
ORD00325,CUST0261,2024-02-10,Delivered
ORD00326,CUST0919,2023-12-11,Shipped
ORD00327,CUST0650,2024-11-11,Processing
ORD00328,CUST0172,2024-05-27,Delivered
ORD00329,CUST0898,2023-05-20,Delivered
ORD00330,CUST0013,2023-07-06,Returned
ORD00331,CUST0168,2024-12-10,Shipped
ORD00332,CUST0642,2024-12-26,Delivered
ORD00333,CUST0596,2023-05-09,Shipped
ORD00334,CUST0321,2024-06-19,Delivered
ORD00335,CUST0319,2023-09-18,Delivered
ORD00336,CUST0613,2023-10-18,Delivered
ORD00337,CUST0329,2023-12-15,Cancelled
ORD00338,CUST0785,2023-07-10,Cancelled
ORD00339,CUST0777,2023-11-26,Delivered
ORD00340,CUST0971,2024-10-05,Delivered
ORD00341,CUST0911,2024-04-22,Delivered
ORD00342,CUST0920,2023-10-26,Returned
ORD00343,CUST0550,2024-02-20,Returned
ORD00344,CUST0419,2024-09-18,Shipped
ORD00345,CUST0606,2024-08-26,Processing
ORD00346,CUST0095,2024-10-26,Shipped
ORD00347,CUST0817,2023-02-08,Delivered
ORD00348,CUST0581,2024-03-20,Delivered
ORD00349,CUST0318,2023-08-21,Delivered
ORD00350,CUST0956,2024-12-11,Shipped
ORD00351,CUST0236,2024-02-04,Shipped
ORD00352,CUST0946,2024-04-24,Delivered
ORD00353,CUST0334,2023-07-13,Cancelled
ORD00354,CUST0885,2024-11-19,Delivered
ORD00355,CUST0376,2023-05-01,Delivered
ORD00356,CUST0459,2024-02-14,Shipped
ORD00357,CUST0137,2023-02-24,Shipped
ORD00358,CUST0930,2023-05-11,Shipped
ORD00359,CUST0588,2024-11-17,Delivered
ORD00360,CUST0995,2024-05-04,Delivered
ORD00361,CUST0547,2024-10-15,Shipped
ORD00362,CUST0513,2024-02-02,Delivered
ORD00363,CUST0296,2023-01-11,Delivered
ORD00364,CUST0320,2023-10-06,Shipped
ORD00365,CUST0918,2023-08-18,Delivered
ORD00366,CUST0572,2023-05-14,Shipped
ORD00367,CUST0832,2024-04-13,Processing
ORD00368,CUST0349,2023-03-22,Delivered
ORD00369,CUST0840,2024-06-24,Delivered
ORD00370,CUST0779,2023-07-14,Processing
ORD00371,CUST0873,2024-01-07,Delivered
ORD00372,CUST0229,2023-05-23,Shipped
ORD00373,CUST0270,2023-08-26,Processing
ORD00374,CUST0828,2023-06-07,Processing
ORD00375,CUST0798,2024-02-22,Returned
ORD00376,CUST0291,2024-08-21,Delivered
ORD00377,CUST0725,2024-09-20,Delivered
ORD00378,CUST0165,2024-09-12,Delivered
ORD00379,CUST0005,2024-11-20,Delivered
ORD00380,CUST0851,2023-11-23,Delivered
ORD00381,CUST0379,2024-12-19,Delivered
ORD00382,CUST0078,2023-10-11,Cancelled
ORD00383,CUST0410,2023-04-04,Delivered
ORD00384,CUST0574,2023-06-05,Delivered
ORD00385,CUST0132,2024-06-05,Delivered
ORD00386,CUST0601,2024-06-16,Delivered
ORD00387,CUST0749,2023-08-16,Delivered
ORD00388,CUST0042,2024-03-11,Delivered
ORD00389,CUST0089,2024-09-28,Delivered
ORD00390,CUST0402,2024-12-16,Delivered
ORD00391,CUST0296,2023-04-13,Cancelled
ORD00392,CUST0840,2024-06-16,Cancelled
ORD00393,CUST0295,2024-10-15,Shipped
ORD00394,CUST0616,2024-03-19,Delivered
ORD00395,CUST0526,2023-11-08,Processing
ORD00396,CUST0800,2024-01-08,Cancelled
ORD00397,CUST0691,2024-03-15,Delivered
ORD00398,CUST0637,2024-08-04,Shipped
ORD00399,CUST0422,2023-04-18,Delivered
ORD00400,CUST0865,2024-08-25,Processing
ORD00401,CUST0023,2023-11-15,Returned
ORD00402,CUST0575,2023-12-04,Delivered
ORD00403,CUST0143,2023-05-02,Cancelled
ORD00404,CUST0993,2024-04-28,Shipped
ORD00405,CUST0665,2023-07-04,Returned
ORD00406,CUST0145,2023-04-24,Delivered
ORD00407,CUST0225,2024-11-20,Processing
ORD00408,CUST0503,2024-03-05,Delivered
ORD00409,CUST0962,2023-11-26,Delivered
ORD00410,CUST0974,2023-08-18,Delivered
ORD00411,CUST0821,2024-09-06,Returned
ORD00412,CUST0616,2024-12-10,Processing
ORD00413,CUST0104,2024-08-28,Processing
ORD00414,CUST0947,2023-03-25,Cancelled
ORD00415,CUST0039,2024-12-09,Delivered
ORD00416,CUST0947,2023-10-05,Delivered
ORD00417,CUST0198,2023-03-11,Delivered
ORD00418,CUST0646,2023-11-22,Delivered
ORD00419,CUST0579,2024-07-19,Delivered
ORD00420,CUST0391,2024-09-13,Delivered
ORD00421,CUST0179,2024-02-26,Delivered
ORD00422,CUST0968,2023-06-24,Delivered
ORD00423,CUST0554,2024-10-12,Delivered
ORD00424,CUST0448,2024-12-11,Delivered
ORD00425,CUST0500,2023-11-28,Returned
ORD00426,CUST0015,2023-10-15,Shipped
ORD00427,CUST0623,2024-11-26,Returned
ORD00428,CUST0669,2024-04-14,Delivered
ORD00429,CUST0289,2023-07-11,Delivered
ORD00430,CUST0478,2024-05-19,Processing
ORD00431,CUST0231,2023-08-16,Delivered
ORD00432,CUST0923,2024-12-25,Delivered
ORD00433,CUST0420,2023-01-21,Delivered
ORD00434,CUST0157,2024-01-28,Delivered
ORD00435,CUST0550,2023-07-01,Delivered
ORD00436,CUST0441,2024-04-23,Delivered
ORD00437,CUST0097,2023-12-10,Shipped
ORD00438,CUST0997,2023-12-09,Delivered
ORD00439,CUST0411,2023-09-09,Delivered
ORD00440,CUST0951,2023-06-21,Processing
ORD00441,CUST0289,2023-01-21,Delivered
ORD00442,CUST0254,2024-10-25,Delivered
ORD00443,CUST0196,2023-06-03,Processing
ORD00444,CUST0598,2023-01-16,Delivered
ORD00445,CUST0834,2023-03-08,Delivered
ORD00446,CUST0522,2024-01-23,Delivered
ORD00447,CUST0517,2024-11-28,Delivered
ORD00448,CUST0635,2024-10-16,Delivered
ORD00449,CUST0842,2023-04-03,Processing
ORD00450,CUST0865,2023-02-12,Delivered
ORD00451,CUST0118,2024-03-25,Delivered
ORD00452,CUST0806,2023-09-22,Delivered
ORD00453,CUST0909,2023-02-19,Delivered
ORD00454,CUST0159,2023-09-06,Shipped
ORD00455,CUST0815,2024-06-07,Delivered
ORD00456,CUST0228,2023-12-20,Delivered
ORD00457,CUST0877,2024-11-03,Delivered
ORD00458,CUST0216,2023-03-04,Delivered
ORD00459,CUST0948,2024-06-14,Delivered
ORD00460,CUST0696,2024-11-08,Processing
ORD00461,CUST0015,2024-09-08,Delivered
ORD00462,CUST0157,2024-11-23,Delivered
ORD00463,CUST0648,2023-11-22,Delivered
ORD00464,CUST0261,2024-04-20,Shipped
ORD00465,CUST0157,2023-10-10,Delivered
ORD00466,CUST0047,2023-11-26,Shipped
ORD00467,CUST0324,2023-07-04,Processing
ORD00468,CUST0844,2023-07-20,Processing
ORD00469,CUST0685,2023-08-01,Delivered
ORD00470,CUST0130,2024-12-05,Delivered
ORD00471,CUST0411,2024-11-19,Processing
ORD00472,CUST0095,2024-06-22,Returned
ORD00473,CUST0627,2023-11-25,Cancelled
ORD00474,CUST0755,2023-01-03,Delivered
ORD00475,CUST0932,2023-04-02,Delivered
ORD00476,CUST0292,2023-12-13,Delivered
ORD00477,CUST0794,2024-09-17,Shipped
ORD00478,CUST0811,2024-06-13,Delivered
ORD00479,CUST0283,2023-09-18,Delivered
ORD00480,CUST0069,2023-05-10,Processing
ORD00481,CUST0660,2023-08-07,Delivered
ORD00482,CUST0011,2023-08-13,Processing
ORD00483,CUST0254,2023-05-14,Delivered
ORD00484,CUST0842,2023-01-03,Delivered
ORD00485,CUST0872,2024-02-20,Delivered
ORD00486,CUST0550,2023-05-24,Shipped
ORD00487,CUST0134,2023-02-23,Delivered
ORD00488,CUST0712,2023-10-06,Delivered
ORD00489,CUST0023,2024-12-17,Cancelled
ORD00490,CUST0815,2024-03-05,Delivered
ORD00491,CUST0346,2024-10-04,Delivered
ORD00492,CUST0302,2023-05-14,Delivered
ORD00493,CUST0363,2024-08-09,Delivered
ORD00494,CUST0396,2023-07-17,Shipped
ORD00495,CUST0218,2024-01-28,Delivered
ORD00496,CUST0141,2023-06-09,Delivered
ORD00497,CUST0616,2023-12-22,Delivered
ORD00498,CUST0958,2023-04-17,Shipped
ORD00499,CUST0210,2023-01-28,Delivered
ORD00500,CUST0985,2023-04-16,Delivered
ORD00501,CUST0993,2024-06-05,Delivered
ORD00502,CUST0623,2023-12-28,Delivered
ORD00503,CUST0616,2023-08-23,Delivered
ORD00504,CUST0828,2024-04-08,Delivered
ORD00505,CUST0683,2024-12-11,Processing
ORD00506,CUST0460,2024-11-19,Delivered
ORD00507,CUST0356,2024-02-22,Cancelled
ORD00508,CUST0324,2023-03-26,Returned
ORD00509,CUST0133,2023-12-03,Delivered
ORD00510,CUST0888,2024-11-25,Delivered
ORD00511,CUST0805,2024-05-18,Delivered
ORD00512,CUST0840,2024-01-07,Processing
ORD00513,CUST0127,2024-08-10,Delivered
ORD00514,CUST0106,2023-07-19,Delivered
ORD00515,CUST0604,2024-12-25,Delivered
ORD00516,CUST0799,2023-10-18,Processing
ORD00517,CUST0378,2023-03-14,Processing
ORD00518,CUST0905,2023-04-12,Delivered
ORD00519,CUST0051,2023-12-01,Shipped
ORD00520,CUST0029,2024-11-24,Delivered
ORD00521,CUST0462,2024-02-17,Delivered
ORD00522,CUST0296,2023-06-02,Cancelled
ORD00523,CUST0297,2023-10-03,Delivered
ORD00524,CUST0726,2023-12-28,Delivered
ORD00525,CUST0779,2024-10-12,Delivered
ORD00526,CUST0407,2024-12-03,Cancelled
ORD00527,CUST0769,2023-08-21,Processing
ORD00528,CUST0814,2024-02-19,Shipped
ORD00529,CUST0613,2023-07-05,Shipped
ORD00530,CUST0405,2023-05-28,Delivered
ORD00531,CUST0346,2024-12-13,Delivered
ORD00532,CUST0622,2024-05-09,Delivered
ORD00533,CUST0420,2023-02-07,Delivered
ORD00534,CUST0182,2023-11-19,Delivered
ORD00535,CUST0983,2023-03-06,Cancelled
ORD00536,CUST0825,2024-07-14,Delivered
ORD00537,CUST0001,2023-08-25,Delivered
ORD00538,CUST0831,2023-07-15,Delivered
ORD00539,CUST0950,2024-11-03,Delivered
ORD00540,CUST0567,2023-11-10,Cancelled
ORD00541,CUST0371,2023-04-28,Delivered
ORD00542,CUST0936,2024-03-23,Delivered
ORD00543,CUST0911,2023-12-13,Shipped
ORD00544,CUST0661,2023-10-09,Delivered
ORD00545,CUST0431,2023-01-13,Delivered
ORD00546,CUST0969,2024-08-18,Delivered
ORD00547,CUST0309,2023-02-04,Delivered
ORD00548,CUST0137,2023-03-02,Returned
ORD00549,CUST0202,2023-03-27,Shipped
ORD00550,CUST0436,2024-06-21,Delivered
ORD00551,CUST0313,2023-09-09,Processing
ORD00552,CUST0117,2023-01-03,Delivered
ORD00553,CUST0666,2023-12-15,Delivered
ORD00554,CUST0937,2023-02-28,Delivered
ORD00555,CUST0803,2024-03-15,Delivered
ORD00556,CUST0575,2023-03-19,Delivered
ORD00557,CUST0244,2024-11-13,Delivered
ORD00558,CUST0537,2024-01-22,Cancelled
ORD00559,CUST0602,2024-03-07,Delivered
ORD00560,CUST0075,2023-05-15,Delivered
ORD00561,CUST0806,2023-01-20,Delivered
ORD00562,CUST0386,2023-09-16,Delivered
ORD00563,CUST0903,2024-12-16,Delivered
ORD00564,CUST0210,2023-02-13,Delivered
ORD00565,CUST0475,2023-06-21,Processing
ORD00566,CUST0418,2023-09-26,Delivered
ORD00567,CUST0347,2023-12-26,Delivered
ORD00568,CUST0529,2024-07-26,Delivered
ORD00569,CUST0640,2024-05-19,Delivered
ORD00570,CUST0939,2024-06-06,Delivered
ORD00571,CUST0955,2023-05-08,Shipped
ORD00572,CUST0876,2023-12-25,Delivered
ORD00573,CUST0763,2024-01-16,Delivered
ORD00574,CUST0179,2024-11-08,Delivered
ORD00575,CUST0182,2023-02-22,Delivered
ORD00576,CUST0664,2023-04-27,Delivered
ORD00577,CUST0025,2023-11-08,Processing
ORD00578,CUST0967,2024-06-27,Delivered
ORD00579,CUST0180,2023-03-19,Shipped
ORD00580,CUST0710,2024-11-23,Delivered
ORD00581,CUST0501,2024-12-01,Processing
ORD00582,CUST0856,2024-12-19,Delivered
ORD00583,CUST0161,2023-08-07,Shipped
ORD00584,CUST0177,2024-08-06,Delivered
ORD00585,CUST0285,2024-01-02,Cancelled
ORD00586,CUST0063,2023-09-01,Delivered
ORD00587,CUST0662,2024-01-20,Delivered
ORD00588,CUST0666,2023-11-11,Delivered
ORD00589,CUST0156,2023-12-28,Processing
ORD00590,CUST0882,2024-01-05,Delivered
ORD00591,CUST0469,2023-11-28,Processing
ORD00592,CUST0049,2024-12-12,Delivered
ORD00593,CUST0967,2024-09-11,Delivered
ORD00594,CUST0849,2024-05-06,Delivered
ORD00595,CUST0084,2024-11-16,Returned
ORD00596,CUST0361,2024-03-18,Shipped
ORD00597,CUST0689,2024-04-19,Cancelled
ORD00598,CUST0148,2023-06-24,Delivered
ORD00599,CUST0630,2024-03-24,Delivered
ORD00600,CUST0342,2023-12-19,Shipped
ORD00601,CUST0476,2024-11-25,Delivered
ORD00602,CUST0063,2023-03-11,Processing
ORD00603,CUST0701,2023-09-04,Cancelled
ORD00604,CUST0360,2024-03-24,Cancelled
ORD00605,CUST0561,2023-04-11,Shipped
ORD00606,CUST0327,2023-09-03,Delivered
ORD00607,CUST0769,2024-07-09,Delivered
ORD00608,CUST0736,2023-04-03,Returned
ORD00609,CUST0141,2024-04-04,Delivered
ORD00610,CUST0990,2023-01-15,Shipped
ORD00611,CUST0215,2024-12-14,Shipped
ORD00612,CUST0435,2024-12-12,Shipped
ORD00613,CUST0891,2024-02-16,Returned
ORD00614,CUST0952,2023-03-03,Delivered
ORD00615,CUST0723,2023-05-11,Delivered
ORD00616,CUST0318,2024-12-03,Delivered
ORD00617,CUST0032,2024-03-13,Delivered
ORD00618,CUST0670,2023-10-18,Delivered
ORD00619,CUST0285,2023-05-20,Delivered
ORD00620,CUST0305,2024-10-14,Processing
ORD00621,CUST0429,2023-09-14,Cancelled
ORD00622,CUST0477,2023-01-11,Delivered
ORD00623,CUST0286,2023-12-14,Delivered
ORD00624,CUST0144,2024-10-10,Cancelled
ORD00625,CUST0424,2023-02-13,Delivered
ORD00626,CUST0019,2024-03-12,Delivered
ORD00627,CUST0018,2023-06-10,Delivered
ORD00628,CUST0769,2024-04-01,Delivered
ORD00629,CUST0590,2023-03-10,Delivered
ORD00630,CUST0371,2023-07-04,Returned
ORD00631,CUST0175,2024-11-16,Delivered
ORD00632,CUST0194,2024-12-09,Delivered
ORD00633,CUST0502,2023-09-13,Delivered
ORD00634,CUST0988,2023-06-13,Delivered
ORD00635,CUST0113,2024-03-02,Shipped
ORD00636,CUST0114,2024-07-09,Shipped
ORD00637,CUST0222,2023-11-19,Shipped
ORD00638,CUST0678,2023-03-23,Delivered
ORD00639,CUST0947,2023-02-12,Cancelled
ORD00640,CUST0831,2024-12-19,Processing
ORD00641,CUST0644,2023-08-27,Shipped
ORD00642,CUST0897,2024-11-14,Delivered
ORD00643,CUST0264,2024-08-08,Delivered
ORD00644,CUST0925,2024-05-13,Delivered
ORD00645,CUST0055,2023-08-17,Shipped
ORD00646,CUST0871,2023-03-25,Delivered
ORD00647,CUST0643,2024-03-06,Delivered
ORD00648,CUST0800,2023-11-05,Cancelled
ORD00649,CUST0778,2023-06-22,Cancelled
ORD00650,CUST0458,2024-04-27,Cancelled
ORD00651,CUST0979,2023-11-09,Delivered
ORD00652,CUST0878,2024-12-26,Shipped
ORD00653,CUST0162,2023-02-18,Delivered
ORD00654,CUST0380,2024-08-28,Delivered
ORD00655,CUST0993,2024-08-28,Delivered
ORD00656,CUST0087,2023-11-20,Delivered
ORD00657,CUST0055,2024-02-05,Delivered
ORD00658,CUST0476,2023-08-19,Processing
ORD00659,CUST0800,2023-12-19,Delivered
ORD00660,CUST0178,2023-11-28,Shipped
ORD00661,CUST0391,2024-12-09,Delivered
ORD00662,CUST0349,2024-09-19,Delivered
ORD00663,CUST0008,2024-01-09,Delivered
ORD00664,CUST0833,2024-03-20,Delivered
ORD00665,CUST0313,2024-01-11,Delivered
ORD00666,CUST0759,2023-01-16,Delivered
ORD00667,CUST0835,2024-12-01,Delivered
ORD00668,CUST0984,2024-11-10,Delivered
ORD00669,CUST0983,2024-05-16,Delivered
ORD00670,CUST0443,2023-12-08,Cancelled
ORD00671,CUST0767,2023-05-24,Delivered
ORD00672,CUST0328,2024-11-11,Shipped
ORD00673,CUST0054,2024-10-20,Shipped
ORD00674,CUST0761,2023-03-07,Cancelled
ORD00675,CUST0239,2024-10-25,Processing
ORD00676,CUST0229,2024-11-17,Delivered
ORD00677,CUST0579,2023-02-23,Shipped
ORD00678,CUST0051,2024-03-28,Cancelled
ORD00679,CUST0609,2023-03-27,Delivered
ORD00680,CUST0604,2023-11-08,Delivered
ORD00681,CUST0264,2023-07-12,Delivered
ORD00682,CUST0418,2023-05-27,Processing
ORD00683,CUST0803,2024-08-21,Processing
ORD00684,CUST0096,2023-10-08,Delivered
ORD00685,CUST0088,2024-07-15,Delivered
ORD00686,CUST0078,2023-12-16,Delivered
ORD00687,CUST0288,2024-05-27,Delivered
ORD00688,CUST0120,2024-10-23,Returned
ORD00689,CUST0814,2023-05-13,Delivered
ORD00690,CUST0491,2023-03-19,Delivered
ORD00691,CUST0912,2023-11-21,Delivered
ORD00692,CUST0452,2023-10-09,Shipped
ORD00693,CUST0500,2024-08-28,Delivered
ORD00694,CUST0165,2023-07-05,Shipped
ORD00695,CUST0182,2023-09-01,Delivered
ORD00696,CUST0469,2023-04-26,Delivered
ORD00697,CUST0910,2024-10-23,Delivered
ORD00698,CUST0735,2024-06-13,Delivered
ORD00699,CUST0823,2024-07-07,Delivered
ORD00700,CUST0944,2024-05-17,Cancelled
ORD00701,CUST0978,2024-09-01,Processing
ORD00702,CUST0007,2024-08-20,Returned
ORD00703,CUST0330,2024-05-04,Delivered
ORD00704,CUST0775,2024-02-09,Returned
ORD00705,CUST0673,2024-11-09,Delivered
ORD00706,CUST0151,2024-03-17,Delivered
ORD00707,CUST0085,2023-12-26,Delivered
ORD00708,CUST0147,2024-10-22,Delivered
ORD00709,CUST0624,2023-10-21,Shipped
ORD00710,CUST0381,2024-12-09,Delivered
ORD00711,CUST0915,2024-06-24,Delivered
ORD00712,CUST0548,2023-09-19,Delivered
ORD00713,CUST0285,2023-05-23,Delivered
ORD00714,CUST0700,2023-10-21,Delivered
ORD00715,CUST0082,2024-12-22,Delivered
ORD00716,CUST0514,2024-08-28,Processing
ORD00717,CUST0897,2023-11-18,Processing
ORD00718,CUST0815,2023-05-16,Delivered
ORD00719,CUST0709,2023-10-24,Delivered
ORD00720,CUST0916,2023-12-11,Delivered
ORD00721,CUST0523,2023-04-08,Processing
ORD00722,CUST0746,2024-06-11,Delivered
ORD00723,CUST0386,2024-04-10,Delivered
ORD00724,CUST0707,2024-11-16,Delivered
ORD00725,CUST0471,2023-11-19,Delivered
ORD00726,CUST0119,2023-07-07,Delivered
ORD00727,CUST0396,2023-11-13,Processing
ORD00728,CUST0532,2024-06-28,Delivered
ORD00729,CUST0261,2023-03-07,Delivered
ORD00730,CUST0805,2024-06-19,Processing
ORD00731,CUST0934,2024-03-28,Processing
ORD00732,CUST0256,2023-11-16,Delivered
ORD00733,CUST0734,2024-09-06,Delivered
ORD00734,CUST0905,2024-09-01,Delivered
ORD00735,CUST0226,2024-05-25,Cancelled
ORD00736,CUST0053,2023-08-06,Delivered
ORD00737,CUST0940,2024-11-25,Cancelled
ORD00738,CUST0867,2023-03-14,Shipped
ORD00739,CUST0500,2024-06-16,Delivered
ORD00740,CUST0506,2024-01-18,Delivered
ORD00741,CUST0854,2023-10-01,Delivered
ORD00742,CUST0364,2024-11-17,Delivered
ORD00743,CUST0280,2023-01-01,Delivered
ORD00744,CUST0593,2023-04-12,Shipped
ORD00745,CUST0714,2024-03-13,Returned
ORD00746,CUST0158,2024-03-27,Delivered
ORD00747,CUST0632,2023-05-10,Shipped
ORD00748,CUST0059,2024-10-20,Delivered
ORD00749,CUST0727,2024-07-22,Delivered
ORD00750,CUST0128,2023-05-16,Delivered
ORD00751,CUST0736,2024-11-06,Delivered
ORD00752,CUST0721,2024-01-08,Cancelled
ORD00753,CUST0882,2023-04-01,Shipped
ORD00754,CUST0115,2023-03-23,Delivered
ORD00755,CUST0209,2023-06-21,Delivered
ORD00756,CUST0526,2024-11-20,Delivered
ORD00757,CUST0521,2023-09-02,Delivered
ORD00758,CUST0552,2023-09-01,Processing
ORD00759,CUST0962,2023-10-14,Processing
ORD00760,CUST0237,2024-06-18,Delivered
ORD00761,CUST0281,2024-07-05,Delivered
ORD00762,CUST0359,2023-10-21,Delivered
ORD00763,CUST0201,2023-05-22,Delivered
ORD00764,CUST0758,2023-10-09,Delivered
ORD00765,CUST0278,2023-06-04,Delivered
ORD00766,CUST0235,2023-05-26,Shipped
ORD00767,CUST0494,2023-07-20,Shipped
ORD00768,CUST0004,2023-11-27,Delivered
ORD00769,CUST0666,2023-06-14,Delivered
ORD00770,CUST0442,2024-03-18,Delivered
ORD00771,CUST0029,2024-12-23,Delivered
ORD00772,CUST0109,2024-05-01,Processing
ORD00773,CUST0610,2023-10-04,Delivered
ORD00774,CUST0727,2024-03-03,Delivered
ORD00775,CUST0805,2023-10-04,Delivered
ORD00776,CUST0075,2024-09-15,Cancelled
ORD00777,CUST0838,2024-04-02,Delivered
ORD00778,CUST0146,2023-11-28,Delivered
ORD00779,CUST0128,2023-11-12,Delivered
ORD00780,CUST0853,2024-06-04,Shipped
ORD00781,CUST0042,2023-11-02,Cancelled
ORD00782,CUST0356,2023-11-22,Delivered
ORD00783,CUST0041,2023-05-15,Cancelled
ORD00784,CUST0934,2024-12-03,Cancelled
ORD00785,CUST0034,2024-11-06,Cancelled
ORD00786,CUST0017,2023-06-15,Shipped
ORD00787,CUST0677,2024-11-23,Shipped
ORD00788,CUST0153,2024-11-21,Delivered
ORD00789,CUST0998,2023-02-23,Shipped
ORD00790,CUST0378,2023-12-28,Delivered
ORD00791,CUST0588,2023-02-19,Shipped
ORD00792,CUST0599,2024-11-22,Delivered
ORD00793,CUST0629,2024-03-13,Shipped
ORD00794,CUST0874,2024-09-28,Processing
ORD00795,CUST0342,2023-07-16,Delivered
ORD00796,CUST0981,2023-12-15,Processing
ORD00797,CUST0027,2023-02-21,Delivered
ORD00798,CUST0825,2024-01-28,Processing
ORD00799,CUST0287,2023-12-22,Delivered
ORD00800,CUST0646,2024-08-23,Delivered
ORD00801,CUST0731,2023-07-24,Cancelled
ORD00802,CUST0168,2023-07-22,Delivered
ORD00803,CUST0610,2024-03-27,Processing
ORD00804,CUST0268,2023-01-06,Delivered
ORD00805,CUST0749,2024-11-28,Delivered
ORD00806,CUST0821,2023-02-16,Delivered
ORD00807,CUST0455,2024-04-09,Delivered
ORD00808,CUST0906,2023-08-18,Delivered
ORD00809,CUST0685,2024-06-08,Delivered
ORD00810,CUST0401,2023-07-26,Delivered
ORD00811,CUST0922,2024-02-16,Delivered
ORD00812,CUST0981,2024-05-16,Returned
ORD00813,CUST0476,2023-02-14,Returned
ORD00814,CUST0702,2023-08-01,Delivered
ORD00815,CUST0634,2023-11-20,Shipped
ORD00816,CUST0558,2024-12-18,Delivered
ORD00817,CUST0576,2023-09-15,Shipped
ORD00818,CUST0130,2024-06-02,Processing
ORD00819,CUST0822,2023-11-11,Cancelled
ORD00820,CUST0363,2024-10-12,Delivered
ORD00821,CUST0705,2024-02-25,Processing
ORD00822,CUST0819,2023-01-12,Delivered
ORD00823,CUST0693,2024-08-12,Returned
ORD00824,CUST0292,2023-01-06,Delivered
ORD00825,CUST0371,2024-03-23,Delivered
ORD00826,CUST0794,2024-02-20,Shipped
ORD00827,CUST0029,2023-03-28,Shipped
ORD00828,CUST0149,2024-04-27,Delivered
ORD00829,CUST0779,2023-10-04,Cancelled
ORD00830,CUST0296,2024-01-21,Delivered
ORD00831,CUST0011,2023-11-15,Shipped
ORD00832,CUST0512,2024-09-17,Delivered
ORD00833,CUST0676,2023-12-01,Delivered
ORD00834,CUST0113,2023-08-14,Delivered
ORD00835,CUST0187,2024-12-25,Delivered
ORD00836,CUST0807,2023-10-06,Delivered
ORD00837,CUST0744,2023-02-22,Delivered
ORD00838,CUST0227,2024-08-13,Delivered
ORD00839,CUST0310,2024-12-23,Shipped
ORD00840,CUST0098,2023-05-11,Cancelled
ORD00841,CUST0055,2024-07-05,Delivered
ORD00842,CUST0623,2023-06-23,Delivered
ORD00843,CUST0664,2024-11-18,Delivered
ORD00844,CUST0758,2024-10-18,Delivered
ORD00845,CUST0406,2023-04-20,Shipped
ORD00846,CUST0069,2024-10-22,Delivered
ORD00847,CUST0312,2023-12-21,Delivered
ORD00848,CUST0289,2023-08-23,Delivered
ORD00849,CUST0762,2024-10-25,Delivered
ORD00850,CUST0548,2024-08-19,Processing
ORD00851,CUST0751,2024-10-27,Returned
ORD00852,CUST0148,2024-12-14,Delivered
ORD00853,CUST0467,2023-08-01,Delivered
ORD00854,CUST0739,2024-03-22,Processing
ORD00855,CUST0244,2023-04-25,Cancelled
ORD00856,CUST0491,2023-12-22,Delivered
ORD00857,CUST0849,2024-03-02,Delivered
ORD00858,CUST0958,2024-04-18,Delivered
ORD00859,CUST0507,2023-06-15,Delivered
ORD00860,CUST0365,2023-09-22,Delivered
ORD00861,CUST0482,2023-10-18,Delivered
ORD00862,CUST0201,2024-04-26,Delivered
ORD00863,CUST0154,2024-10-02,Delivered
ORD00864,CUST0450,2024-06-26,Processing
ORD00865,CUST0501,2024-12-02,Delivered
ORD00866,CUST0073,2023-10-07,Delivered
ORD00867,CUST0713,2024-11-21,Delivered
ORD00868,CUST0296,2024-11-18,Delivered
ORD00869,CUST0017,2023-11-07,Returned
ORD00870,CUST0641,2024-07-22,Delivered
ORD00871,CUST0217,2023-03-06,Delivered
ORD00872,CUST0061,2023-06-14,Shipped
ORD00873,CUST0939,2024-08-05,Delivered
ORD00874,CUST0616,2023-09-09,Cancelled
ORD00875,CUST0042,2023-05-23,Delivered
ORD00876,CUST0025,2023-01-11,Delivered
ORD00877,CUST0039,2023-11-21,Delivered
ORD00878,CUST0803,2024-07-19,Delivered
ORD00879,CUST0131,2024-02-23,Processing
ORD00880,CUST0498,2024-08-06,Processing
ORD00881,CUST0229,2023-11-06,Delivered
ORD00882,CUST0108,2024-08-13,Delivered
ORD00883,CUST0172,2023-05-07,Processing
ORD00884,CUST0435,2024-05-10,Cancelled
ORD00885,CUST0478,2023-12-20,Delivered
ORD00886,CUST0102,2024-12-27,Delivered
ORD00887,CUST0866,2023-02-12,Delivered
ORD00888,CUST0524,2024-04-21,Cancelled
ORD00889,CUST0275,2023-12-22,Delivered
ORD00890,CUST0613,2024-06-26,Delivered
ORD00891,CUST0044,2023-06-18,Shipped
ORD00892,CUST0955,2024-01-17,Delivered
ORD00893,CUST0817,2024-08-17,Delivered
ORD00894,CUST0957,2024-07-10,Delivered
ORD00895,CUST0017,2023-05-03,Delivered
ORD00896,CUST0330,2023-03-25,Delivered
ORD00897,CUST0569,2023-09-07,Delivered
ORD00898,CUST0823,2023-11-14,Delivered
ORD00899,CUST0497,2023-04-27,Delivered
ORD00900,CUST0815,2024-09-03,Processing
ORD00901,CUST0012,2023-01-23,Shipped
ORD00902,CUST0318,2024-01-03,Delivered
ORD00903,CUST0592,2023-03-09,Delivered
ORD00904,CUST0216,2023-08-08,Delivered
ORD00905,CUST0339,2024-06-15,Delivered
ORD00906,CUST0776,2024-07-01,Delivered
ORD00907,CUST0991,2024-10-18,Shipped
ORD00908,CUST0661,2023-09-20,Delivered
ORD00909,CUST0081,2023-11-19,Delivered
ORD00910,CUST0727,2023-10-03,Delivered
ORD00911,CUST0485,2024-12-04,Shipped
ORD00912,CUST0374,2024-11-10,Delivered
ORD00913,CUST0976,2023-05-15,Shipped
ORD00914,CUST0710,2024-06-22,Delivered
ORD00915,CUST0200,2023-07-18,Cancelled
ORD00916,CUST0537,2023-03-13,Cancelled
ORD00917,CUST0466,2024-12-05,Delivered
ORD00918,CUST0089,2024-10-26,Delivered
ORD00919,CUST0268,2024-12-01,Delivered
ORD00920,CUST0655,2023-03-01,Delivered
ORD00921,CUST0571,2024-08-03,Shipped
ORD00922,CUST0922,2024-04-24,Processing
ORD00923,CUST0489,2024-04-21,Shipped
ORD00924,CUST0877,2023-03-08,Processing
ORD00925,CUST0538,2024-04-06,Delivered
ORD00926,CUST0047,2023-11-18,Delivered
ORD00927,CUST0288,2024-09-03,Shipped
ORD00928,CUST0778,2024-10-09,Delivered
ORD00929,CUST0016,2023-04-19,Shipped
ORD00930,CUST0711,2024-12-12,Delivered
ORD00931,CUST0401,2023-10-08,Delivered
ORD00932,CUST0919,2023-05-03,Returned
ORD00933,CUST0794,2023-05-15,Delivered
ORD00934,CUST0981,2024-09-10,Returned
ORD00935,CUST0086,2023-08-12,Returned
ORD00936,CUST0250,2024-12-06,Processing
ORD00937,CUST0391,2023-05-26,Shipped
ORD00938,CUST0782,2023-10-21,Delivered
ORD00939,CUST0335,2024-05-12,Processing
ORD00940,CUST0629,2023-10-11,Delivered
ORD00941,CUST0519,2024-07-12,Delivered
ORD00942,CUST0137,2024-07-04,Delivered
ORD00943,CUST0883,2023-09-03,Delivered
ORD00944,CUST0688,2024-11-05,Delivered
ORD00945,CUST0840,2023-04-21,Delivered
ORD00946,CUST0498,2023-10-01,Delivered
ORD00947,CUST0827,2023-11-19,Processing
ORD00948,CUST0727,2024-11-07,Delivered
ORD00949,CUST0477,2023-08-18,Cancelled
ORD00950,CUST0594,2024-09-05,Shipped
ORD00951,CUST0223,2024-06-25,Processing
ORD00952,CUST0990,2024-03-17,Delivered
ORD00953,CUST0372,2023-06-17,Processing
ORD00954,CUST0935,2023-10-28,Delivered
ORD00955,CUST0995,2023-11-05,Processing
ORD00956,CUST0402,2024-03-19,Delivered
ORD00957,CUST0443,2023-10-16,Cancelled
ORD00958,CUST0490,2024-01-25,Returned
ORD00959,CUST0615,2024-04-09,Delivered
ORD00960,CUST0273,2024-04-22,Delivered
ORD00961,CUST0526,2023-08-26,Shipped
ORD00962,CUST0159,2024-06-15,Delivered
ORD00963,CUST0152,2023-01-21,Processing
ORD00964,CUST0995,2024-02-17,Delivered
ORD00965,CUST0620,2024-11-09,Delivered
ORD00966,CUST0188,2023-06-13,Returned
ORD00967,CUST0813,2024-09-27,Shipped
ORD00968,CUST0098,2023-08-13,Processing
ORD00969,CUST0131,2023-08-12,Delivered
ORD00970,CUST0805,2024-07-16,Shipped
ORD00971,CUST0171,2023-08-05,Delivered
ORD00972,CUST0936,2024-03-03,Delivered
ORD00973,CUST0986,2024-04-06,Shipped
ORD00974,CUST0183,2023-06-23,Delivered
ORD00975,CUST0983,2023-10-14,Delivered
ORD00976,CUST0364,2024-10-16,Delivered
ORD00977,CUST0039,2024-07-19,Shipped
ORD00978,CUST0527,2023-09-14,Delivered
ORD00979,CUST0888,2023-04-05,Shipped
ORD00980,CUST0497,2023-03-17,Delivered
ORD00981,CUST0516,2023-12-05,Shipped
ORD00982,CUST0349,2023-03-06,Shipped
ORD00983,CUST0982,2024-09-19,Delivered
ORD00984,CUST0921,2023-12-24,Delivered
ORD00985,CUST0397,2024-12-07,Delivered
ORD00986,CUST0722,2024-09-16,Delivered
ORD00987,CUST0161,2024-03-27,Processing
ORD00988,CUST0016,2024-09-26,Delivered
ORD00989,CUST0493,2023-09-17,Shipped
ORD00990,CUST0426,2024-03-22,Delivered
ORD00991,CUST0108,2024-12-20,Delivered
ORD00992,CUST0894,2023-04-13,Cancelled
ORD00993,CUST0450,2023-02-07,Delivered
ORD00994,CUST0311,2024-11-20,Delivered
ORD00995,CUST0739,2023-03-20,Delivered
ORD00996,CUST0170,2023-12-18,Delivered
ORD00997,CUST0546,2023-02-22,Delivered
ORD00998,CUST0414,2023-12-18,Delivered
ORD00999,CUST0251,2023-12-25,Shipped
ORD01000,CUST0759,2024-08-12,Delivered
ORD01001,CUST0781,2023-10-14,Delivered
ORD01002,CUST0141,2023-12-16,Delivered
ORD01003,CUST0274,2024-06-26,Delivered
ORD01004,CUST0416,2023-06-09,Shipped
ORD01005,CUST0608,2024-11-28,Returned
ORD01006,CUST0739,2023-05-18,Delivered
ORD01007,CUST0891,2024-04-01,Cancelled
ORD01008,CUST0039,2023-08-04,Delivered
ORD01009,CUST0814,2023-06-07,Delivered
ORD01010,CUST0029,2024-06-04,Delivered
ORD01011,CUST0958,2023-06-19,Delivered
ORD01012,CUST0477,2024-04-18,Delivered
ORD01013,CUST0318,2024-08-20,Delivered
ORD01014,CUST0245,2024-12-13,Delivered
ORD01015,CUST0748,2023-06-26,Cancelled
ORD01016,CUST0697,2024-03-18,Delivered
ORD01017,CUST0272,2024-04-10,Delivered
ORD01018,CUST0440,2024-11-13,Shipped
ORD01019,CUST0748,2023-11-22,Delivered
ORD01020,CUST0239,2023-10-15,Delivered
ORD01021,CUST0377,2023-02-17,Shipped
ORD01022,CUST0266,2024-11-26,Cancelled
ORD01023,CUST0926,2023-03-21,Processing
ORD01024,CUST0921,2023-11-27,Shipped
ORD01025,CUST0359,2023-07-20,Shipped
ORD01026,CUST0340,2024-02-09,Cancelled
ORD01027,CUST0389,2023-06-20,Delivered
ORD01028,CUST0577,2023-10-13,Delivered
ORD01029,CUST0990,2024-10-20,Delivered
ORD01030,CUST0689,2023-12-27,Delivered
ORD01031,CUST0003,2023-09-15,Shipped
ORD01032,CUST0429,2023-04-22,Shipped
ORD01033,CUST0142,2024-04-26,Delivered
ORD01034,CUST0376,2023-09-22,Delivered
ORD01035,CUST0670,2023-06-21,Shipped
ORD01036,CUST0324,2023-12-03,Delivered
ORD01037,CUST0146,2024-11-12,Shipped
ORD01038,CUST0958,2024-06-07,Delivered
ORD01039,CUST0293,2023-10-03,Delivered
ORD01040,CUST0665,2023-08-24,Delivered
ORD01041,CUST0432,2024-05-27,Delivered
ORD01042,CUST0705,2024-04-07,Processing
ORD01043,CUST0949,2024-12-19,Cancelled
ORD01044,CUST0975,2023-04-14,Shipped
ORD01045,CUST0585,2023-08-17,Delivered
ORD01046,CUST0399,2024-05-04,Delivered
ORD01047,CUST0817,2024-12-27,Shipped
ORD01048,CUST0889,2024-10-13,Processing
ORD01049,CUST0344,2024-11-25,Delivered
ORD01050,CUST0964,2024-12-15,Delivered
ORD01051,CUST0140,2024-12-28,Shipped
ORD01052,CUST0187,2023-07-09,Delivered
ORD01053,CUST0805,2023-06-26,Delivered
ORD01054,CUST0061,2023-10-08,Delivered
ORD01055,CUST0997,2024-06-12,Delivered
ORD01056,CUST0939,2023-10-09,Processing
ORD01057,CUST0380,2023-05-13,Cancelled
ORD01058,CUST0710,2024-02-06,Delivered
ORD01059,CUST0807,2024-05-07,Delivered
ORD01060,CUST0440,2024-03-24,Delivered
ORD01061,CUST0319,2023-07-07,Delivered
ORD01062,CUST0302,2023-10-28,Delivered
ORD01063,CUST0344,2024-04-07,Delivered
ORD01064,CUST0011,2023-11-12,Delivered
ORD01065,CUST0062,2023-11-04,Delivered
ORD01066,CUST0845,2023-10-22,Delivered
ORD01067,CUST0226,2024-09-25,Delivered
ORD01068,CUST0153,2023-11-12,Delivered
ORD01069,CUST0711,2024-07-19,Delivered
ORD01070,CUST0564,2024-07-25,Returned
ORD01071,CUST0772,2024-06-25,Delivered
ORD01072,CUST0571,2023-01-26,Delivered
ORD01073,CUST0584,2024-07-18,Cancelled
ORD01074,CUST0660,2023-08-13,Returned
ORD01075,CUST0861,2023-07-04,Delivered
ORD01076,CUST0575,2024-05-01,Processing
ORD01077,CUST0310,2023-10-13,Delivered
ORD01078,CUST0885,2023-05-20,Delivered
ORD01079,CUST0243,2024-03-09,Delivered
ORD01080,CUST0493,2023-04-20,Shipped
ORD01081,CUST0366,2024-06-16,Shipped
ORD01082,CUST0330,2024-04-23,Delivered
ORD01083,CUST0107,2024-06-13,Delivered
ORD01084,CUST0226,2024-07-19,Shipped
ORD01085,CUST0825,2023-12-22,Delivered
ORD01086,CUST0218,2023-11-24,Delivered
ORD01087,CUST0937,2024-11-18,Shipped
ORD01088,CUST0753,2024-11-07,Shipped
ORD01089,CUST0506,2023-11-24,Shipped
ORD01090,CUST0259,2023-07-01,Cancelled
ORD01091,CUST0888,2023-06-05,Delivered
ORD01092,CUST0774,2024-11-10,Shipped
ORD01093,CUST0517,2024-08-19,Delivered
ORD01094,CUST0773,2023-06-23,Delivered
ORD01095,CUST0054,2023-02-27,Delivered
ORD01096,CUST0047,2024-07-21,Delivered
ORD01097,CUST0727,2023-07-11,Delivered
ORD01098,CUST0689,2024-06-18,Delivered
ORD01099,CUST0521,2024-05-14,Processing
ORD01100,CUST0099,2023-06-22,Delivered
ORD01101,CUST0020,2023-08-21,Delivered
ORD01102,CUST0890,2023-12-10,Returned
ORD01103,CUST0753,2024-05-17,Delivered
ORD01104,CUST0573,2024-11-15,Delivered
ORD01105,CUST0891,2023-06-10,Delivered
ORD01106,CUST0490,2024-09-05,Delivered
ORD01107,CUST0419,2023-09-11,Delivered
ORD01108,CUST0690,2024-09-19,Delivered
ORD01109,CUST0850,2024-11-03,Delivered
ORD01110,CUST0062,2023-03-08,Delivered
ORD01111,CUST0145,2024-05-10,Delivered
ORD01112,CUST0216,2024-09-13,Delivered
ORD01113,CUST0003,2024-12-25,Shipped
ORD01114,CUST0160,2024-10-17,Processing
ORD01115,CUST0739,2024-06-06,Delivered
ORD01116,CUST0998,2023-03-08,Delivered
ORD01117,CUST0781,2024-12-23,Shipped
ORD01118,CUST0120,2023-04-13,Delivered
ORD01119,CUST0893,2023-02-16,Delivered
ORD01120,CUST0089,2023-01-13,Delivered
ORD01121,CUST0329,2023-02-20,Cancelled
ORD01122,CUST0580,2023-02-13,Processing
ORD01123,CUST0910,2024-04-24,Delivered
ORD01124,CUST0357,2024-07-05,Shipped
ORD01125,CUST0610,2023-08-06,Delivered
ORD01126,CUST0267,2023-01-12,Shipped
ORD01127,CUST0617,2024-11-15,Delivered
ORD01128,CUST0952,2024-08-05,Delivered
ORD01129,CUST0323,2023-09-15,Shipped
ORD01130,CUST0635,2024-08-21,Delivered
ORD01131,CUST0988,2024-12-16,Delivered
ORD01132,CUST0541,2023-11-15,Cancelled
ORD01133,CUST0649,2024-06-09,Delivered
ORD01134,CUST0195,2023-05-01,Delivered
ORD01135,CUST0921,2023-05-16,Delivered
ORD01136,CUST0738,2023-10-16,Shipped
ORD01137,CUST0332,2024-05-25,Shipped
ORD01138,CUST0170,2024-11-20,Delivered
ORD01139,CUST0521,2023-11-18,Shipped
ORD01140,CUST0463,2024-03-18,Delivered
ORD01141,CUST0040,2024-06-06,Shipped
ORD01142,CUST0537,2024-11-08,Delivered
ORD01143,CUST0261,2024-02-21,Delivered
ORD01144,CUST0395,2023-08-26,Cancelled
ORD01145,CUST0955,2024-05-24,Delivered
ORD01146,CUST0226,2024-06-28,Delivered
ORD01147,CUST0984,2023-03-10,Delivered
ORD01148,CUST0124,2023-09-20,Returned
ORD01149,CUST0975,2024-05-20,Delivered
ORD01150,CUST0038,2024-03-01,Delivered
ORD01151,CUST0328,2023-01-18,Delivered
ORD01152,CUST0251,2023-03-04,Delivered
ORD01153,CUST0901,2024-04-23,Delivered
ORD01154,CUST0176,2024-10-08,Shipped
ORD01155,CUST0602,2023-03-16,Returned
ORD01156,CUST0914,2023-05-10,Delivered
ORD01157,CUST0454,2024-12-15,Delivered
ORD01158,CUST0037,2023-05-27,Delivered
ORD01159,CUST0316,2023-01-25,Delivered
ORD01160,CUST0688,2024-02-16,Cancelled
ORD01161,CUST0973,2023-04-27,Delivered
ORD01162,CUST0796,2024-11-27,Delivered
ORD01163,CUST0965,2023-03-25,Shipped
ORD01164,CUST0973,2023-06-15,Delivered
ORD01165,CUST0593,2023-10-02,Shipped
ORD01166,CUST0114,2023-07-25,Delivered
ORD01167,CUST0040,2023-08-07,Processing
ORD01168,CUST0301,2024-06-10,Cancelled
ORD01169,CUST0224,2024-03-24,Shipped
ORD01170,CUST0318,2023-10-18,Cancelled
ORD01171,CUST0349,2023-04-21,Delivered
ORD01172,CUST0115,2024-04-02,Delivered
ORD01173,CUST0698,2023-12-08,Delivered
ORD01174,CUST0323,2024-05-06,Delivered
ORD01175,CUST0568,2024-09-13,Delivered
ORD01176,CUST0040,2023-01-02,Delivered
ORD01177,CUST0866,2024-10-05,Delivered
ORD01178,CUST0040,2024-11-08,Delivered
ORD01179,CUST0859,2023-07-22,Delivered
ORD01180,CUST0973,2024-12-25,Shipped
ORD01181,CUST0749,2023-01-21,Delivered
ORD01182,CUST0289,2023-10-26,Delivered
ORD01183,CUST0262,2023-03-08,Delivered
ORD01184,CUST0216,2024-12-26,Delivered
ORD01185,CUST0147,2024-11-15,Cancelled
ORD01186,CUST0336,2023-01-13,Delivered
ORD01187,CUST0168,2024-10-09,Delivered
ORD01188,CUST0092,2023-07-15,Processing
ORD01189,CUST0353,2024-08-16,Delivered
ORD01190,CUST0571,2023-08-18,Delivered
ORD01191,CUST0571,2024-05-15,Delivered
ORD01192,CUST0816,2024-11-20,Cancelled
ORD01193,CUST0681,2023-02-05,Delivered
ORD01194,CUST0781,2024-05-09,Delivered
ORD01195,CUST0363,2024-07-25,Delivered
ORD01196,CUST0557,2024-10-01,Delivered
ORD01197,CUST0345,2024-11-08,Delivered
ORD01198,CUST0693,2024-10-22,Delivered
ORD01199,CUST0170,2024-03-22,Delivered
ORD01200,CUST0356,2024-11-05,Cancelled
ORD01201,CUST0191,2024-05-21,Shipped
ORD01202,CUST0667,2024-02-17,Delivered
ORD01203,CUST0422,2023-01-05,Processing
ORD01204,CUST0700,2023-12-07,Delivered
ORD01205,CUST0007,2023-07-04,Delivered
ORD01206,CUST0133,2023-08-27,Shipped
ORD01207,CUST0747,2024-09-17,Processing
ORD01208,CUST0557,2024-01-08,Processing
ORD01209,CUST0826,2023-01-07,Delivered
ORD01210,CUST0761,2024-12-27,Cancelled
ORD01211,CUST0031,2023-07-21,Delivered
ORD01212,CUST0535,2023-06-24,Cancelled
ORD01213,CUST0426,2024-11-26,Returned
ORD01214,CUST0394,2023-11-09,Delivered
ORD01215,CUST0672,2023-10-27,Shipped
ORD01216,CUST0363,2024-02-07,Delivered
ORD01217,CUST0437,2023-02-08,Delivered
ORD01218,CUST0670,2024-03-17,Delivered
ORD01219,CUST0551,2023-08-06,Delivered
ORD01220,CUST0927,2024-10-25,Cancelled
ORD01221,CUST0082,2024-10-23,Shipped
ORD01222,CUST0356,2024-12-06,Delivered
ORD01223,CUST0258,2023-08-17,Processing
ORD01224,CUST0718,2024-09-18,Cancelled
ORD01225,CUST0589,2024-12-11,Delivered
ORD01226,CUST0989,2024-11-14,Returned
ORD01227,CUST0524,2024-11-11,Delivered
ORD01228,CUST0295,2023-08-07,Processing
ORD01229,CUST0962,2024-11-24,Delivered
ORD01230,CUST0224,2024-06-15,Delivered
ORD01231,CUST0525,2024-12-01,Delivered
ORD01232,CUST0046,2023-12-20,Shipped
ORD01233,CUST0667,2023-08-10,Delivered
ORD01234,CUST0113,2023-05-08,Delivered
ORD01235,CUST0233,2023-11-01,Delivered
ORD01236,CUST0017,2024-12-17,Cancelled
ORD01237,CUST0360,2023-02-15,Delivered
ORD01238,CUST0223,2024-03-09,Delivered
ORD01239,CUST0866,2024-12-08,Delivered
ORD01240,CUST0700,2023-04-10,Delivered
ORD01241,CUST0448,2023-08-19,Processing
ORD01242,CUST0856,2023-10-24,Processing
ORD01243,CUST0365,2024-11-06,Delivered
ORD01244,CUST0675,2024-11-23,Delivered
ORD01245,CUST0326,2023-09-10,Processing
ORD01246,CUST0467,2023-10-19,Delivered
ORD01247,CUST0414,2024-02-02,Processing
ORD01248,CUST0455,2024-05-27,Shipped
ORD01249,CUST0586,2024-06-28,Processing
ORD01250,CUST0233,2023-11-08,Delivered
ORD01251,CUST0224,2023-09-21,Delivered
ORD01252,CUST0994,2024-01-17,Cancelled
ORD01253,CUST0831,2023-05-19,Delivered
ORD01254,CUST0412,2023-05-23,Delivered
ORD01255,CUST0572,2023-03-22,Delivered
ORD01256,CUST0335,2024-12-25,Shipped
ORD01257,CUST0222,2023-04-10,Delivered
ORD01258,CUST0037,2024-03-11,Delivered
ORD01259,CUST0989,2023-07-24,Delivered
ORD01260,CUST0278,2023-08-09,Delivered
ORD01261,CUST0196,2023-06-14,Shipped
ORD01262,CUST0916,2023-11-16,Delivered
ORD01263,CUST0864,2023-07-21,Delivered
ORD01264,CUST0484,2023-08-24,Shipped
ORD01265,CUST0242,2023-04-09,Delivered
ORD01266,CUST0324,2024-05-19,Delivered
ORD01267,CUST0731,2023-02-14,Delivered
ORD01268,CUST0192,2024-06-07,Delivered
ORD01269,CUST0017,2024-05-21,Delivered
ORD01270,CUST0524,2023-11-06,Delivered
ORD01271,CUST0918,2024-09-26,Delivered
ORD01272,CUST0401,2024-09-15,Delivered
ORD01273,CUST0906,2023-12-08,Delivered
ORD01274,CUST0886,2023-10-05,Delivered
ORD01275,CUST0705,2023-02-02,Delivered
ORD01276,CUST0022,2023-12-05,Processing
ORD01277,CUST0474,2024-01-23,Delivered
ORD01278,CUST0120,2023-05-16,Delivered
ORD01279,CUST0210,2023-05-24,Delivered
ORD01280,CUST0306,2023-04-17,Delivered
ORD01281,CUST0270,2024-08-20,Delivered
ORD01282,CUST0704,2023-10-22,Delivered
ORD01283,CUST0687,2023-06-22,Cancelled
ORD01284,CUST0285,2023-04-02,Delivered
ORD01285,CUST0716,2024-04-23,Cancelled
ORD01286,CUST0676,2024-01-21,Delivered
ORD01287,CUST0763,2023-02-22,Delivered
ORD01288,CUST0227,2024-10-22,Delivered
ORD01289,CUST0948,2024-11-01,Delivered
ORD01290,CUST0381,2024-11-21,Delivered
ORD01291,CUST0460,2024-04-13,Shipped
ORD01292,CUST0007,2023-12-16,Delivered
ORD01293,CUST0029,2023-03-17,Cancelled
ORD01294,CUST0907,2024-08-23,Processing
ORD01295,CUST0033,2023-01-17,Delivered
ORD01296,CUST0646,2024-05-13,Delivered
ORD01297,CUST0879,2023-01-22,Delivered
ORD01298,CUST0079,2024-06-10,Delivered
ORD01299,CUST0928,2023-12-17,Delivered
ORD01300,CUST0947,2024-11-21,Delivered
ORD01301,CUST0459,2024-12-27,Delivered
ORD01302,CUST0570,2023-12-09,Delivered
ORD01303,CUST0983,2023-03-13,Returned
ORD01304,CUST0538,2023-02-13,Shipped
ORD01305,CUST0482,2023-06-19,Cancelled
ORD01306,CUST0430,2023-06-10,Delivered
ORD01307,CUST0738,2024-07-05,Delivered
ORD01308,CUST0285,2023-09-19,Delivered
ORD01309,CUST0516,2023-11-10,Delivered
ORD01310,CUST0977,2023-07-25,Delivered
ORD01311,CUST0099,2023-09-19,Shipped
ORD01312,CUST0397,2023-05-18,Shipped
ORD01313,CUST0489,2023-03-27,Delivered
ORD01314,CUST0039,2023-10-25,Delivered
ORD01315,CUST0271,2024-12-14,Delivered
ORD01316,CUST0887,2024-05-24,Delivered
ORD01317,CUST0797,2024-03-07,Delivered
ORD01318,CUST0157,2023-03-01,Delivered
ORD01319,CUST0075,2024-09-20,Delivered
ORD01320,CUST0884,2023-09-08,Cancelled
ORD01321,CUST0800,2023-06-23,Delivered
ORD01322,CUST0130,2024-03-28,Shipped
ORD01323,CUST0687,2024-10-12,Delivered
ORD01324,CUST0974,2023-11-16,Delivered
ORD01325,CUST0084,2024-03-07,Delivered
ORD01326,CUST0022,2023-01-25,Delivered
ORD01327,CUST0459,2023-12-14,Delivered
ORD01328,CUST0539,2023-10-07,Processing
ORD01329,CUST0707,2023-02-15,Shipped
ORD01330,CUST0849,2024-10-28,Delivered
ORD01331,CUST0382,2024-12-14,Delivered
ORD01332,CUST0748,2024-11-20,Cancelled
ORD01333,CUST0440,2024-10-13,Delivered
ORD01334,CUST0604,2023-08-15,Delivered
ORD01335,CUST0989,2024-11-02,Delivered
ORD01336,CUST0021,2023-08-13,Processing
ORD01337,CUST0303,2023-08-17,Returned
ORD01338,CUST0976,2023-03-15,Delivered
ORD01339,CUST0869,2024-12-25,Cancelled
ORD01340,CUST0955,2024-07-14,Processing
ORD01341,CUST0084,2024-09-02,Delivered
ORD01342,CUST0774,2023-07-21,Delivered
ORD01343,CUST0659,2024-02-17,Delivered
ORD01344,CUST0953,2023-03-19,Returned
ORD01345,CUST0453,2023-06-11,Delivered
ORD01346,CUST0387,2024-01-15,Processing
ORD01347,CUST0507,2023-12-03,Delivered
ORD01348,CUST0257,2024-05-21,Shipped
ORD01349,CUST0570,2023-10-04,Delivered
ORD01350,CUST0892,2023-02-15,Delivered
ORD01351,CUST0934,2024-02-23,Processing
ORD01352,CUST0527,2024-10-17,Processing
ORD01353,CUST0162,2023-06-13,Processing
ORD01354,CUST0957,2023-11-11,Delivered
ORD01355,CUST0163,2023-03-05,Shipped
ORD01356,CUST0832,2023-11-02,Delivered
ORD01357,CUST0793,2024-05-24,Delivered
ORD01358,CUST0792,2024-05-06,Delivered
ORD01359,CUST0524,2023-12-07,Delivered
ORD01360,CUST0786,2023-09-09,Delivered
ORD01361,CUST0271,2023-07-28,Returned
ORD01362,CUST0492,2024-08-01,Delivered
ORD01363,CUST0208,2024-04-19,Shipped
ORD01364,CUST0539,2024-07-15,Delivered
ORD01365,CUST0584,2023-09-01,Delivered
ORD01366,CUST0060,2023-12-09,Delivered
ORD01367,CUST0430,2023-01-05,Cancelled
ORD01368,CUST0985,2023-09-02,Cancelled
ORD01369,CUST0657,2023-11-22,Cancelled
ORD01370,CUST0605,2024-05-03,Returned
ORD01371,CUST0309,2023-02-06,Delivered
ORD01372,CUST0520,2023-10-20,Delivered
ORD01373,CUST0591,2023-12-24,Shipped
ORD01374,CUST0027,2024-12-03,Delivered
ORD01375,CUST0686,2024-05-13,Delivered
ORD01376,CUST0562,2023-11-27,Delivered
ORD01377,CUST0199,2023-05-05,Delivered
ORD01378,CUST0387,2023-10-09,Delivered
ORD01379,CUST0349,2024-08-17,Delivered
ORD01380,CUST0960,2023-10-20,Delivered
ORD01381,CUST0940,2023-02-24,Delivered
ORD01382,CUST0693,2023-07-23,Delivered
ORD01383,CUST0536,2024-06-28,Delivered
ORD01384,CUST0828,2024-04-19,Shipped
ORD01385,CUST0378,2024-12-20,Delivered
ORD01386,CUST0899,2024-08-21,Delivered
ORD01387,CUST0916,2024-07-06,Processing
ORD01388,CUST0558,2023-10-07,Delivered
ORD01389,CUST0527,2023-02-15,Delivered
ORD01390,CUST0153,2023-10-07,Shipped
ORD01391,CUST0734,2024-06-11,Delivered
ORD01392,CUST0206,2024-08-21,Processing
ORD01393,CUST0455,2023-01-07,Shipped
ORD01394,CUST0273,2024-04-03,Delivered
ORD01395,CUST0894,2024-05-18,Delivered
ORD01396,CUST0236,2024-11-04,Delivered
ORD01397,CUST0852,2024-05-24,Delivered
ORD01398,CUST0740,2023-11-07,Delivered
ORD01399,CUST0521,2024-11-22,Delivered
ORD01400,CUST0678,2024-12-26,Delivered
ORD01401,CUST0944,2023-09-16,Delivered
ORD01402,CUST0956,2023-09-28,Delivered
ORD01403,CUST0831,2024-07-27,Delivered
ORD01404,CUST0726,2024-12-02,Delivered
ORD01405,CUST0501,2024-08-22,Shipped
ORD01406,CUST0117,2024-08-01,Delivered
ORD01407,CUST0386,2023-08-11,Delivered
ORD01408,CUST0344,2024-02-05,Cancelled
ORD01409,CUST0584,2024-11-11,Delivered
ORD01410,CUST0395,2024-09-27,Delivered
ORD01411,CUST0064,2023-08-13,Delivered
ORD01412,CUST0717,2023-09-28,Shipped
ORD01413,CUST0721,2024-10-11,Delivered
ORD01414,CUST0072,2023-05-03,Delivered
ORD01415,CUST0789,2024-12-12,Delivered
ORD01416,CUST0274,2024-11-10,Cancelled
ORD01417,CUST0990,2023-08-06,Delivered
ORD01418,CUST0320,2023-06-02,Delivered
ORD01419,CUST0338,2023-12-15,Processing
ORD01420,CUST0366,2023-11-17,Delivered
ORD01421,CUST0495,2023-04-16,Cancelled
ORD01422,CUST0607,2024-11-05,Delivered
ORD01423,CUST0166,2023-11-17,Processing
ORD01424,CUST0544,2023-04-02,Delivered
ORD01425,CUST0011,2024-06-28,Shipped
ORD01426,CUST0301,2023-01-02,Cancelled
ORD01427,CUST0729,2023-05-02,Delivered
ORD01428,CUST0801,2023-08-22,Delivered
ORD01429,CUST0102,2024-01-25,Delivered
ORD01430,CUST0425,2024-09-07,Delivered
ORD01431,CUST0392,2024-04-10,Delivered
ORD01432,CUST0779,2024-08-25,Delivered
ORD01433,CUST0214,2024-10-09,Delivered
ORD01434,CUST0691,2023-03-04,Delivered
ORD01435,CUST0088,2023-12-18,Delivered
ORD01436,CUST0553,2023-04-12,Delivered
ORD01437,CUST0401,2024-05-23,Delivered
ORD01438,CUST0588,2024-08-06,Delivered
ORD01439,CUST0889,2023-05-11,Delivered
ORD01440,CUST0046,2024-01-01,Delivered
ORD01441,CUST0672,2024-12-02,Delivered
ORD01442,CUST0463,2023-06-03,Delivered
ORD01443,CUST0592,2024-06-23,Delivered
ORD01444,CUST0310,2024-09-10,Processing
ORD01445,CUST0086,2024-11-23,Delivered
ORD01446,CUST0092,2023-12-25,Shipped
ORD01447,CUST0660,2024-08-03,Shipped
ORD01448,CUST0673,2024-02-10,Processing
ORD01449,CUST0714,2024-07-08,Cancelled
ORD01450,CUST0936,2023-11-20,Delivered
ORD01451,CUST0928,2024-12-13,Delivered
ORD01452,CUST0242,2023-10-22,Cancelled
ORD01453,CUST0865,2024-11-11,Delivered
ORD01454,CUST0002,2024-07-03,Delivered
ORD01455,CUST0225,2024-02-16,Shipped
ORD01456,CUST0801,2024-11-10,Shipped
ORD01457,CUST0745,2024-09-05,Cancelled
ORD01458,CUST0973,2023-06-23,Returned
ORD01459,CUST0926,2023-05-21,Shipped
ORD01460,CUST0929,2023-11-18,Delivered
ORD01461,CUST0589,2024-06-14,Cancelled
ORD01462,CUST0116,2023-09-18,Delivered
ORD01463,CUST0666,2023-12-13,Delivered
ORD01464,CUST0918,2023-05-27,Cancelled
ORD01465,CUST0103,2024-11-14,Delivered
ORD01466,CUST0194,2024-08-08,Delivered
ORD01467,CUST0166,2023-10-03,Delivered
ORD01468,CUST0871,2024-02-20,Processing
ORD01469,CUST0090,2024-05-04,Delivered
ORD01470,CUST0686,2024-03-13,Shipped
ORD01471,CUST0122,2023-09-22,Delivered
ORD01472,CUST0143,2024-05-21,Shipped
ORD01473,CUST0994,2023-02-27,Shipped
ORD01474,CUST0106,2023-12-25,Delivered
ORD01475,CUST0887,2023-11-22,Delivered
ORD01476,CUST0428,2023-07-10,Delivered
ORD01477,CUST0305,2024-09-15,Returned
ORD01478,CUST0872,2023-04-11,Shipped
ORD01479,CUST0971,2024-08-22,Cancelled
ORD01480,CUST0317,2024-12-14,Delivered
ORD01481,CUST0963,2024-12-19,Processing
ORD01482,CUST0635,2023-09-17,Shipped
ORD01483,CUST0902,2024-11-28,Shipped
ORD01484,CUST0009,2024-02-18,Returned
ORD01485,CUST0774,2023-01-18,Delivered
ORD01486,CUST0073,2024-02-10,Delivered
ORD01487,CUST0359,2023-04-23,Shipped
ORD01488,CUST0223,2024-09-23,Shipped
ORD01489,CUST0416,2024-06-14,Delivered
ORD01490,CUST0553,2023-10-16,Delivered
ORD01491,CUST0370,2023-03-13,Delivered
ORD01492,CUST0716,2024-11-05,Delivered
ORD01493,CUST0264,2024-12-22,Delivered
ORD01494,CUST0840,2023-03-03,Shipped
ORD01495,CUST0690,2023-03-16,Shipped
ORD01496,CUST0860,2024-12-05,Delivered
ORD01497,CUST0318,2023-03-26,Delivered
ORD01498,CUST0084,2024-11-26,Delivered
ORD01499,CUST0318,2024-09-15,Delivered
ORD01500,CUST0111,2024-08-15,Processing
ORD01501,CUST0251,2024-06-06,Cancelled
ORD01502,CUST0383,2024-09-19,Delivered
ORD01503,CUST0007,2024-11-08,Shipped
ORD01504,CUST0459,2024-06-18,Cancelled
ORD01505,CUST0084,2024-01-02,Processing
ORD01506,CUST0208,2024-10-04,Delivered
ORD01507,CUST0900,2024-12-03,Cancelled
ORD01508,CUST0390,2023-10-17,Delivered
ORD01509,CUST0314,2024-07-03,Delivered
ORD01510,CUST0022,2023-04-21,Delivered
ORD01511,CUST0410,2023-10-18,Delivered
ORD01512,CUST0895,2024-09-11,Delivered
ORD01513,CUST0515,2023-07-17,Delivered
ORD01514,CUST0127,2024-08-11,Delivered
ORD01515,CUST0809,2024-06-26,Processing
ORD01516,CUST0700,2024-05-02,Cancelled
ORD01517,CUST0874,2024-10-19,Delivered
ORD01518,CUST0014,2024-02-16,Processing
ORD01519,CUST0971,2023-08-22,Processing
ORD01520,CUST0978,2024-11-20,Shipped
ORD01521,CUST0012,2023-05-03,Delivered
ORD01522,CUST0087,2023-08-28,Shipped
ORD01523,CUST0524,2024-04-20,Cancelled
ORD01524,CUST0909,2024-05-09,Shipped
ORD01525,CUST0537,2023-10-20,Delivered
ORD01526,CUST0301,2023-12-24,Delivered
ORD01527,CUST0243,2023-09-12,Shipped
ORD01528,CUST0122,2023-04-23,Delivered
ORD01529,CUST0147,2023-07-26,Delivered
ORD01530,CUST0567,2023-05-03,Delivered
ORD01531,CUST0750,2023-09-27,Processing
ORD01532,CUST0356,2023-11-25,Processing
ORD01533,CUST0685,2024-11-08,Delivered
ORD01534,CUST0904,2024-10-06,Cancelled
ORD01535,CUST0733,2023-08-27,Delivered
ORD01536,CUST0631,2024-01-09,Shipped
ORD01537,CUST0309,2023-01-15,Shipped
ORD01538,CUST0695,2024-07-16,Processing
ORD01539,CUST0288,2023-06-23,Cancelled
ORD01540,CUST0307,2024-07-05,Delivered
ORD01541,CUST0812,2024-01-26,Processing
ORD01542,CUST0594,2024-06-11,Delivered
ORD01543,CUST0966,2023-02-18,Shipped
ORD01544,CUST0914,2024-12-14,Shipped
ORD01545,CUST0723,2024-05-09,Shipped
ORD01546,CUST0662,2023-04-19,Delivered
ORD01547,CUST0549,2024-07-22,Cancelled
ORD01548,CUST0352,2023-10-19,Delivered
ORD01549,CUST0312,2023-08-22,Delivered
ORD01550,CUST0873,2023-05-01,Shipped
ORD01551,CUST0059,2023-11-01,Delivered
ORD01552,CUST0643,2024-02-04,Processing
ORD01553,CUST0924,2024-06-24,Delivered
ORD01554,CUST0714,2024-04-02,Delivered
ORD01555,CUST0755,2023-09-02,Processing
ORD01556,CUST0035,2023-12-21,Delivered
ORD01557,CUST0445,2023-10-04,Delivered
ORD01558,CUST0093,2023-11-05,Shipped
ORD01559,CUST0950,2024-09-21,Delivered
ORD01560,CUST0959,2023-12-23,Delivered
ORD01561,CUST0207,2023-04-15,Delivered
ORD01562,CUST0353,2023-09-09,Processing
ORD01563,CUST0903,2024-10-22,Processing
ORD01564,CUST0332,2024-04-25,Shipped
ORD01565,CUST0817,2023-05-02,Delivered
ORD01566,CUST0862,2024-06-02,Processing
ORD01567,CUST0725,2024-12-09,Shipped
ORD01568,CUST0159,2023-07-16,Shipped
ORD01569,CUST0954,2023-09-06,Delivered
ORD01570,CUST0957,2024-02-18,Cancelled
ORD01571,CUST0024,2024-04-21,Shipped
ORD01572,CUST0404,2023-12-23,Delivered
ORD01573,CUST0805,2024-02-03,Delivered
ORD01574,CUST0516,2023-08-09,Cancelled
ORD01575,CUST0732,2024-01-16,Delivered
ORD01576,CUST0364,2023-09-01,Returned
ORD01577,CUST0382,2023-10-09,Shipped
ORD01578,CUST0532,2023-10-13,Shipped
ORD01579,CUST0956,2023-08-25,Delivered
ORD01580,CUST0152,2024-07-13,Delivered
ORD01581,CUST0562,2023-08-01,Cancelled
ORD01582,CUST0689,2024-12-27,Delivered
ORD01583,CUST0947,2024-03-18,Processing
ORD01584,CUST0608,2024-05-10,Delivered
ORD01585,CUST0617,2024-01-21,Delivered
ORD01586,CUST0420,2023-06-28,Delivered
ORD01587,CUST0250,2024-02-15,Delivered
ORD01588,CUST0117,2024-09-06,Returned
ORD01589,CUST0866,2023-12-22,Delivered
ORD01590,CUST0512,2023-05-13,Delivered
ORD01591,CUST0740,2023-09-12,Delivered
ORD01592,CUST0578,2024-02-21,Delivered
ORD01593,CUST0335,2024-10-05,Delivered
ORD01594,CUST0418,2023-04-24,Cancelled
ORD01595,CUST0932,2023-07-03,Delivered
ORD01596,CUST0774,2024-07-27,Delivered
ORD01597,CUST0295,2024-12-01,Delivered
ORD01598,CUST0938,2023-05-11,Returned
ORD01599,CUST0755,2023-06-07,Delivered
ORD01600,CUST0371,2024-12-28,Delivered
ORD01601,CUST0186,2023-10-08,Shipped
ORD01602,CUST0246,2023-01-05,Delivered
ORD01603,CUST0637,2024-09-16,Delivered
ORD01604,CUST0268,2023-04-21,Delivered
ORD01605,CUST0643,2023-01-21,Processing
ORD01606,CUST0237,2023-12-27,Delivered
ORD01607,CUST0530,2023-07-06,Processing
ORD01608,CUST0552,2023-11-04,Shipped
ORD01609,CUST0021,2023-07-26,Delivered
ORD01610,CUST0911,2023-02-07,Delivered
ORD01611,CUST0737,2024-05-27,Delivered
ORD01612,CUST0867,2024-05-22,Shipped
ORD01613,CUST0794,2023-05-26,Delivered
ORD01614,CUST0520,2023-11-19,Delivered
ORD01615,CUST0100,2023-05-04,Delivered
ORD01616,CUST0752,2024-03-14,Returned
ORD01617,CUST0478,2023-10-18,Delivered
ORD01618,CUST0599,2023-07-19,Cancelled
ORD01619,CUST0298,2023-03-26,Delivered
ORD01620,CUST0940,2024-11-01,Delivered
ORD01621,CUST0526,2024-02-01,Delivered
ORD01622,CUST0334,2023-12-23,Delivered
ORD01623,CUST0002,2024-06-26,Delivered
ORD01624,CUST0375,2024-10-07,Delivered
ORD01625,CUST0293,2023-09-17,Cancelled
ORD01626,CUST0837,2024-06-06,Processing
ORD01627,CUST0934,2023-09-23,Shipped
ORD01628,CUST0553,2024-09-03,Delivered
ORD01629,CUST0318,2024-05-01,Delivered
ORD01630,CUST0502,2023-04-17,Delivered
ORD01631,CUST0828,2023-09-28,Shipped
ORD01632,CUST0381,2023-07-21,Cancelled
ORD01633,CUST0623,2023-05-07,Delivered
ORD01634,CUST0014,2023-11-22,Delivered
ORD01635,CUST0504,2024-07-06,Delivered
ORD01636,CUST0231,2023-01-12,Delivered
ORD01637,CUST0985,2024-04-09,Delivered
ORD01638,CUST0084,2024-09-25,Shipped
ORD01639,CUST0130,2024-01-24,Shipped
ORD01640,CUST0743,2023-12-06,Delivered
ORD01641,CUST0838,2023-11-16,Delivered
ORD01642,CUST0145,2023-02-08,Returned
ORD01643,CUST0891,2024-09-11,Delivered
ORD01644,CUST0857,2024-04-22,Delivered
ORD01645,CUST0028,2024-04-04,Delivered
ORD01646,CUST0066,2024-04-08,Delivered
ORD01647,CUST0163,2024-11-13,Delivered
ORD01648,CUST0229,2023-02-19,Processing
ORD01649,CUST0261,2024-01-14,Delivered
ORD01650,CUST0449,2023-04-20,Delivered
ORD01651,CUST0424,2024-03-12,Shipped
ORD01652,CUST0460,2023-07-07,Delivered
ORD01653,CUST0952,2024-12-07,Processing
ORD01654,CUST0676,2024-03-23,Processing
ORD01655,CUST0301,2023-05-04,Delivered
ORD01656,CUST0919,2024-07-06,Processing
ORD01657,CUST0303,2024-04-10,Delivered
ORD01658,CUST0287,2023-11-21,Returned
ORD01659,CUST0395,2023-08-18,Delivered
ORD01660,CUST0010,2023-02-28,Returned
ORD01661,CUST0707,2024-11-07,Shipped
ORD01662,CUST0630,2024-11-09,Delivered
ORD01663,CUST0270,2023-10-24,Delivered
ORD01664,CUST0592,2023-04-14,Returned
ORD01665,CUST0970,2023-12-19,Processing
ORD01666,CUST0605,2023-12-01,Delivered
ORD01667,CUST0778,2024-12-02,Shipped
ORD01668,CUST0844,2024-10-17,Delivered
ORD01669,CUST0862,2023-06-13,Delivered
ORD01670,CUST0361,2024-11-23,Delivered
ORD01671,CUST0257,2023-07-08,Delivered
ORD01672,CUST0133,2023-08-01,Processing
ORD01673,CUST0276,2024-12-05,Delivered
ORD01674,CUST0776,2024-05-21,Processing
ORD01675,CUST0683,2023-01-22,Delivered
ORD01676,CUST0972,2024-03-15,Delivered
ORD01677,CUST0513,2023-12-15,Delivered
ORD01678,CUST0313,2023-12-13,Delivered
ORD01679,CUST0576,2023-11-12,Delivered
ORD01680,CUST0886,2024-10-01,Delivered
ORD01681,CUST0980,2023-06-23,Delivered
ORD01682,CUST0284,2024-08-10,Delivered
ORD01683,CUST0121,2024-11-23,Delivered
ORD01684,CUST0107,2023-11-03,Delivered
ORD01685,CUST0933,2024-10-02,Cancelled
ORD01686,CUST0687,2024-12-04,Cancelled
ORD01687,CUST0997,2024-06-20,Delivered
ORD01688,CUST0204,2023-06-06,Delivered
ORD01689,CUST0165,2023-08-25,Delivered
ORD01690,CUST0305,2023-03-11,Cancelled
ORD01691,CUST0497,2023-08-21,Delivered
ORD01692,CUST0632,2024-10-25,Delivered
ORD01693,CUST0556,2023-11-25,Delivered
ORD01694,CUST0824,2023-05-09,Delivered
ORD01695,CUST0156,2024-05-03,Delivered
ORD01696,CUST0367,2024-05-16,Processing
ORD01697,CUST0719,2023-07-18,Delivered
ORD01698,CUST0902,2024-07-12,Shipped
ORD01699,CUST0620,2023-03-15,Delivered
ORD01700,CUST0251,2023-02-06,Delivered
ORD01701,CUST0957,2024-12-03,Cancelled
ORD01702,CUST0916,2023-03-04,Delivered
ORD01703,CUST0882,2023-07-28,Processing
ORD01704,CUST0334,2023-08-21,Delivered
ORD01705,CUST0642,2023-05-22,Delivered
ORD01706,CUST0969,2023-07-14,Cancelled
ORD01707,CUST0511,2024-10-01,Delivered
ORD01708,CUST0293,2024-03-01,Processing
ORD01709,CUST0020,2023-11-17,Delivered
ORD01710,CUST0282,2024-06-11,Processing
ORD01711,CUST0797,2024-07-22,Delivered
ORD01712,CUST0001,2024-07-19,Delivered
ORD01713,CUST0119,2023-12-10,Shipped
ORD01714,CUST0035,2023-11-08,Cancelled
ORD01715,CUST0198,2024-06-10,Cancelled
ORD01716,CUST0485,2023-03-10,Processing
ORD01717,CUST0757,2024-12-20,Cancelled
ORD01718,CUST0059,2023-10-10,Delivered
ORD01719,CUST0837,2023-12-27,Delivered
ORD01720,CUST0161,2023-03-04,Delivered
ORD01721,CUST0691,2023-12-19,Delivered
ORD01722,CUST0206,2023-07-12,Delivered
ORD01723,CUST0012,2023-04-23,Delivered
ORD01724,CUST0490,2023-10-12,Delivered
ORD01725,CUST0276,2023-06-18,Shipped
ORD01726,CUST0693,2023-08-04,Delivered
ORD01727,CUST0242,2023-06-16,Delivered
ORD01728,CUST0216,2023-12-11,Delivered
ORD01729,CUST0251,2023-01-24,Processing
ORD01730,CUST0811,2024-09-10,Shipped
ORD01731,CUST0126,2024-12-25,Shipped
ORD01732,CUST0994,2023-11-24,Delivered
ORD01733,CUST0217,2024-05-04,Delivered
ORD01734,CUST0306,2024-12-05,Delivered
ORD01735,CUST0797,2023-05-13,Delivered
ORD01736,CUST0185,2023-07-03,Delivered
ORD01737,CUST0039,2024-01-21,Delivered
ORD01738,CUST0223,2023-09-08,Delivered
ORD01739,CUST0184,2024-04-03,Cancelled
ORD01740,CUST0495,2024-10-03,Cancelled
ORD01741,CUST0427,2024-04-11,Delivered
ORD01742,CUST0178,2023-12-12,Delivered
ORD01743,CUST0919,2024-03-28,Delivered
ORD01744,CUST0428,2024-06-12,Delivered
ORD01745,CUST0294,2023-05-12,Cancelled
ORD01746,CUST0852,2024-12-28,Delivered
ORD01747,CUST0151,2023-04-15,Shipped
ORD01748,CUST0384,2024-11-10,Delivered
ORD01749,CUST0638,2023-11-14,Returned
ORD01750,CUST0813,2024-03-19,Delivered
ORD01751,CUST0308,2023-03-10,Processing
ORD01752,CUST0336,2024-12-17,Delivered
ORD01753,CUST0946,2024-02-19,Shipped
ORD01754,CUST0746,2024-02-14,Delivered
ORD01755,CUST0892,2024-06-18,Delivered
ORD01756,CUST0375,2024-10-25,Cancelled
ORD01757,CUST0008,2023-04-27,Cancelled
ORD01758,CUST0341,2024-05-16,Cancelled
ORD01759,CUST0129,2023-11-10,Shipped
ORD01760,CUST0776,2024-07-24,Processing
ORD01761,CUST0669,2024-04-26,Delivered
ORD01762,CUST0352,2023-03-10,Delivered
ORD01763,CUST0358,2024-03-22,Delivered
ORD01764,CUST0517,2024-06-16,Shipped
ORD01765,CUST0495,2023-01-25,Delivered
ORD01766,CUST0086,2024-07-03,Delivered
ORD01767,CUST0175,2024-09-19,Delivered
ORD01768,CUST0802,2024-11-21,Processing
ORD01769,CUST0193,2024-12-27,Delivered
ORD01770,CUST0311,2023-06-24,Delivered
ORD01771,CUST0119,2023-11-06,Delivered
ORD01772,CUST0218,2023-03-15,Delivered
ORD01773,CUST0427,2023-06-02,Delivered
ORD01774,CUST0970,2024-06-21,Shipped
ORD01775,CUST0414,2024-01-10,Delivered
ORD01776,CUST0114,2023-08-25,Shipped
ORD01777,CUST0978,2023-11-20,Delivered
ORD01778,CUST0145,2023-08-28,Processing
ORD01779,CUST0538,2024-11-22,Delivered
ORD01780,CUST0648,2024-05-23,Delivered
ORD01781,CUST0303,2024-02-19,Processing
ORD01782,CUST0744,2024-11-01,Delivered
ORD01783,CUST0881,2023-08-12,Delivered
ORD01784,CUST0588,2024-06-06,Cancelled
ORD01785,CUST0987,2023-04-17,Delivered
ORD01786,CUST0840,2023-11-26,Shipped
ORD01787,CUST0345,2023-06-03,Delivered
ORD01788,CUST0814,2023-11-01,Shipped
ORD01789,CUST0964,2024-05-23,Delivered
ORD01790,CUST0801,2024-03-15,Delivered
ORD01791,CUST0001,2024-03-10,Delivered
ORD01792,CUST0147,2023-10-04,Delivered
ORD01793,CUST0287,2023-03-23,Delivered
ORD01794,CUST0976,2023-10-10,Delivered
ORD01795,CUST0654,2023-04-03,Delivered
ORD01796,CUST0053,2024-10-26,Delivered
ORD01797,CUST0304,2023-02-25,Delivered
ORD01798,CUST0069,2024-11-02,Cancelled
ORD01799,CUST0361,2023-02-26,Delivered
ORD01800,CUST0602,2023-07-09,Delivered
ORD01801,CUST0958,2023-02-22,Delivered
ORD01802,CUST0220,2023-11-26,Delivered
ORD01803,CUST0962,2023-12-07,Cancelled
ORD01804,CUST0704,2023-03-12,Delivered
ORD01805,CUST0966,2023-02-28,Returned
ORD01806,CUST0575,2024-12-12,Delivered
ORD01807,CUST0585,2024-03-17,Shipped
ORD01808,CUST0161,2023-08-03,Delivered
ORD01809,CUST0681,2023-11-25,Cancelled
ORD01810,CUST0089,2023-08-23,Delivered
ORD01811,CUST0688,2023-12-06,Delivered
ORD01812,CUST0781,2023-12-04,Delivered
ORD01813,CUST0585,2023-12-28,Delivered
ORD01814,CUST0757,2024-06-19,Cancelled
ORD01815,CUST0589,2023-07-04,Delivered
ORD01816,CUST0159,2023-11-13,Delivered
ORD01817,CUST0489,2024-04-08,Shipped
ORD01818,CUST0971,2024-02-11,Delivered
ORD01819,CUST0324,2023-07-17,Cancelled
ORD01820,CUST0610,2023-07-12,Shipped
ORD01821,CUST0381,2024-08-02,Delivered
ORD01822,CUST0102,2023-05-04,Cancelled
ORD01823,CUST0494,2024-05-20,Delivered
ORD01824,CUST0644,2024-10-27,Delivered
ORD01825,CUST0614,2024-04-14,Delivered
ORD01826,CUST0019,2024-12-14,Delivered
ORD01827,CUST0454,2023-11-27,Shipped
ORD01828,CUST0482,2024-12-12,Cancelled
ORD01829,CUST0594,2023-01-22,Delivered
ORD01830,CUST0397,2024-10-13,Delivered
ORD01831,CUST0279,2024-08-22,Returned
ORD01832,CUST0851,2023-02-13,Delivered
ORD01833,CUST0365,2024-10-04,Delivered
ORD01834,CUST0331,2023-02-07,Delivered
ORD01835,CUST0641,2024-04-28,Cancelled
ORD01836,CUST0344,2024-03-27,Delivered
ORD01837,CUST0822,2024-10-09,Shipped
ORD01838,CUST0455,2024-11-26,Processing
ORD01839,CUST0601,2024-06-22,Delivered
ORD01840,CUST0725,2024-12-17,Delivered
ORD01841,CUST0655,2024-03-15,Processing
ORD01842,CUST0065,2023-03-16,Delivered
ORD01843,CUST0076,2024-04-05,Processing
ORD01844,CUST0711,2023-02-02,Cancelled
ORD01845,CUST0143,2023-07-01,Shipped
ORD01846,CUST0917,2023-06-22,Shipped
ORD01847,CUST0915,2024-03-20,Processing
ORD01848,CUST0828,2023-11-22,Processing
ORD01849,CUST0605,2024-11-07,Delivered
ORD01850,CUST0473,2024-10-16,Delivered
ORD01851,CUST0417,2024-08-26,Delivered
ORD01852,CUST0305,2023-12-02,Shipped
ORD01853,CUST0736,2024-12-04,Delivered
ORD01854,CUST0497,2024-07-28,Shipped
ORD01855,CUST0291,2024-07-02,Delivered
ORD01856,CUST0940,2023-03-22,Shipped
ORD01857,CUST0102,2024-12-06,Delivered
ORD01858,CUST0986,2024-07-10,Shipped
ORD01859,CUST0267,2024-07-04,Delivered
ORD01860,CUST0867,2024-10-22,Delivered
ORD01861,CUST0968,2024-07-28,Delivered
ORD01862,CUST0622,2023-08-13,Shipped
ORD01863,CUST0974,2024-07-13,Delivered
ORD01864,CUST0842,2024-11-10,Delivered
ORD01865,CUST0962,2024-02-19,Returned
ORD01866,CUST0942,2023-03-12,Shipped
ORD01867,CUST0777,2024-11-19,Cancelled
ORD01868,CUST0003,2023-11-21,Delivered
ORD01869,CUST0085,2024-06-14,Delivered
ORD01870,CUST0794,2024-12-14,Cancelled
ORD01871,CUST0328,2024-01-08,Delivered
ORD01872,CUST0816,2023-04-10,Shipped
ORD01873,CUST0450,2023-12-03,Delivered
ORD01874,CUST0454,2024-02-06,Delivered
ORD01875,CUST0924,2023-08-02,Delivered
ORD01876,CUST0629,2024-09-14,Delivered
ORD01877,CUST0221,2024-04-23,Delivered
ORD01878,CUST0154,2024-09-11,Delivered
ORD01879,CUST0665,2024-08-11,Returned
ORD01880,CUST0012,2023-11-04,Delivered
ORD01881,CUST0133,2023-05-17,Shipped
ORD01882,CUST0994,2024-03-10,Processing
ORD01883,CUST0304,2024-12-07,Delivered
ORD01884,CUST0293,2024-09-26,Delivered
ORD01885,CUST0975,2023-11-18,Shipped
ORD01886,CUST0300,2023-05-02,Delivered
ORD01887,CUST0740,2024-12-13,Shipped
ORD01888,CUST0783,2023-09-03,Shipped
ORD01889,CUST0043,2023-09-09,Returned
ORD01890,CUST0944,2023-08-17,Delivered
ORD01891,CUST0343,2024-06-12,Delivered
ORD01892,CUST0326,2023-09-10,Shipped
ORD01893,CUST0814,2024-07-18,Delivered
ORD01894,CUST0498,2024-04-13,Cancelled
ORD01895,CUST0364,2024-09-15,Delivered
ORD01896,CUST0891,2023-12-21,Delivered
ORD01897,CUST0427,2023-08-07,Processing
ORD01898,CUST0021,2024-04-21,Delivered
ORD01899,CUST0407,2024-12-24,Delivered
ORD01900,CUST0619,2023-08-12,Delivered
ORD01901,CUST0336,2024-03-05,Processing
ORD01902,CUST0815,2024-11-14,Delivered
ORD01903,CUST0117,2024-11-03,Processing
ORD01904,CUST0124,2023-11-09,Delivered
ORD01905,CUST0399,2024-09-09,Processing
ORD01906,CUST0793,2023-06-04,Processing
ORD01907,CUST0804,2023-04-08,Delivered
ORD01908,CUST0715,2024-07-18,Delivered
ORD01909,CUST0051,2024-06-02,Delivered
ORD01910,CUST0783,2023-03-05,Shipped
ORD01911,CUST0324,2023-04-26,Delivered
ORD01912,CUST0789,2024-09-06,Shipped
ORD01913,CUST0141,2023-12-16,Delivered
ORD01914,CUST0470,2023-01-03,Delivered
ORD01915,CUST0787,2024-09-28,Delivered
ORD01916,CUST0802,2023-12-14,Delivered
ORD01917,CUST0334,2024-10-03,Delivered
ORD01918,CUST0893,2024-12-24,Processing
ORD01919,CUST0964,2023-04-19,Shipped
ORD01920,CUST0373,2023-08-27,Delivered
ORD01921,CUST0564,2024-07-03,Cancelled
ORD01922,CUST0494,2023-09-25,Shipped
ORD01923,CUST0539,2024-05-19,Cancelled
ORD01924,CUST0669,2024-11-24,Delivered
ORD01925,CUST0751,2023-12-07,Delivered
ORD01926,CUST0156,2023-02-07,Delivered
ORD01927,CUST0291,2024-07-09,Shipped
ORD01928,CUST0648,2023-07-12,Delivered
ORD01929,CUST0144,2023-05-14,Delivered
ORD01930,CUST0106,2024-10-09,Delivered
ORD01931,CUST0420,2023-06-23,Delivered
ORD01932,CUST0670,2024-11-01,Delivered
ORD01933,CUST0658,2023-11-22,Delivered
ORD01934,CUST0002,2023-10-26,Delivered
ORD01935,CUST0945,2023-04-13,Delivered
ORD01936,CUST0589,2024-09-23,Returned
ORD01937,CUST0644,2024-12-22,Shipped
ORD01938,CUST0090,2023-08-08,Cancelled
ORD01939,CUST0345,2024-06-13,Shipped
ORD01940,CUST0350,2024-05-27,Delivered
ORD01941,CUST0459,2023-05-28,Delivered
ORD01942,CUST0263,2023-12-21,Shipped
ORD01943,CUST0351,2024-12-25,Shipped
ORD01944,CUST0108,2024-11-09,Delivered
ORD01945,CUST0586,2023-11-16,Delivered
ORD01946,CUST0039,2024-10-27,Delivered
ORD01947,CUST0909,2024-10-27,Delivered
ORD01948,CUST0159,2023-11-23,Delivered
ORD01949,CUST0583,2024-08-12,Delivered
ORD01950,CUST0959,2024-09-27,Processing
ORD01951,CUST0312,2024-07-01,Delivered
ORD01952,CUST0241,2023-09-06,Delivered
ORD01953,CUST0938,2024-11-05,Delivered
ORD01954,CUST0445,2023-06-21,Shipped
ORD01955,CUST0298,2024-05-03,Delivered
ORD01956,CUST0952,2023-03-17,Delivered
ORD01957,CUST0036,2023-11-22,Delivered
ORD01958,CUST0084,2024-11-11,Delivered
ORD01959,CUST0452,2024-07-24,Cancelled
ORD01960,CUST0886,2023-04-22,Cancelled
ORD01961,CUST0775,2024-11-07,Delivered
ORD01962,CUST0822,2023-06-06,Delivered
ORD01963,CUST0385,2024-12-27,Shipped
ORD01964,CUST0172,2023-01-01,Delivered
ORD01965,CUST0376,2023-12-15,Delivered
ORD01966,CUST0685,2023-04-28,Delivered
ORD01967,CUST0362,2023-01-20,Cancelled
ORD01968,CUST0559,2024-09-05,Delivered
ORD01969,CUST0891,2023-12-06,Delivered
ORD01970,CUST0141,2023-01-17,Shipped
ORD01971,CUST0887,2024-11-15,Delivered
ORD01972,CUST0918,2024-02-23,Delivered
ORD01973,CUST0118,2023-04-28,Returned
ORD01974,CUST0277,2024-05-16,Delivered
ORD01975,CUST0726,2024-03-28,Delivered
ORD01976,CUST0220,2023-09-27,Delivered
ORD01977,CUST0905,2024-10-07,Delivered
ORD01978,CUST0026,2024-03-26,Delivered
ORD01979,CUST0521,2023-01-09,Delivered
ORD01980,CUST0783,2023-09-08,Delivered
ORD01981,CUST0010,2024-09-21,Processing
ORD01982,CUST0984,2024-02-16,Delivered
ORD01983,CUST0378,2023-12-23,Delivered
ORD01984,CUST0633,2024-10-23,Delivered
ORD01985,CUST0637,2024-10-24,Shipped
ORD01986,CUST0682,2024-02-18,Delivered
ORD01987,CUST0584,2023-01-08,Delivered
ORD01988,CUST0152,2024-12-20,Delivered
ORD01989,CUST0720,2023-01-17,Delivered
ORD01990,CUST0049,2024-05-13,Delivered
ORD01991,CUST0154,2024-03-18,Processing
ORD01992,CUST0859,2023-09-09,Delivered
ORD01993,CUST0293,2023-08-11,Delivered
ORD01994,CUST0580,2024-03-11,Delivered
ORD01995,CUST0050,2024-03-04,Processing
ORD01996,CUST0664,2024-01-05,Delivered
ORD01997,CUST0531,2024-12-27,Delivered
ORD01998,CUST0612,2024-10-14,Delivered
ORD01999,CUST0060,2024-12-09,Delivered
ORD02000,CUST0167,2024-08-14,Delivered
ORD02001,CUST0202,2023-05-16,Delivered
ORD02002,CUST0857,2023-08-22,Delivered
ORD02003,CUST0146,2024-01-05,Delivered
ORD02004,CUST0915,2023-04-02,Delivered
ORD02005,CUST0676,2024-04-23,Delivered
ORD02006,CUST0970,2024-07-16,Delivered
ORD02007,CUST0993,2023-07-23,Shipped
ORD02008,CUST0439,2024-07-04,Returned
ORD02009,CUST0242,2023-03-03,Returned
ORD02010,CUST0581,2023-11-06,Processing
ORD02011,CUST0687,2023-10-27,Delivered
ORD02012,CUST0561,2024-08-22,Shipped
ORD02013,CUST0483,2023-09-01,Delivered
ORD02014,CUST0108,2023-06-03,Shipped
ORD02015,CUST0226,2023-11-22,Delivered
ORD02016,CUST0673,2023-12-01,Delivered
ORD02017,CUST0631,2024-10-22,Shipped
ORD02018,CUST0661,2023-06-19,Delivered
ORD02019,CUST0977,2023-11-05,Delivered
ORD02020,CUST0662,2023-02-27,Cancelled
ORD02021,CUST0432,2024-07-09,Delivered
ORD02022,CUST0805,2023-05-02,Delivered
ORD02023,CUST0655,2024-05-24,Cancelled
ORD02024,CUST0419,2023-04-02,Delivered
ORD02025,CUST0988,2024-05-02,Delivered
ORD02026,CUST0455,2023-08-20,Delivered
ORD02027,CUST0160,2024-02-09,Delivered
ORD02028,CUST0523,2023-04-25,Processing
ORD02029,CUST0650,2024-02-28,Delivered
ORD02030,CUST0969,2023-03-25,Delivered
ORD02031,CUST0590,2024-05-25,Delivered
ORD02032,CUST0077,2023-03-16,Delivered
ORD02033,CUST0509,2024-10-10,Returned
ORD02034,CUST0441,2023-06-04,Delivered
ORD02035,CUST0254,2024-08-16,Delivered
ORD02036,CUST0921,2024-12-16,Delivered
ORD02037,CUST0770,2024-08-14,Shipped
ORD02038,CUST0320,2023-11-26,Cancelled
ORD02039,CUST0803,2024-09-14,Delivered
ORD02040,CUST0263,2024-02-17,Delivered
ORD02041,CUST0597,2024-12-22,Delivered
ORD02042,CUST0658,2023-09-23,Shipped
ORD02043,CUST0835,2023-12-17,Delivered
ORD02044,CUST0554,2023-05-14,Cancelled
ORD02045,CUST0374,2023-12-16,Shipped
ORD02046,CUST0637,2024-03-05,Cancelled
ORD02047,CUST0167,2024-11-17,Shipped
ORD02048,CUST0937,2024-05-02,Delivered
ORD02049,CUST0753,2023-12-17,Delivered
ORD02050,CUST0459,2023-08-14,Delivered
ORD02051,CUST0999,2023-07-24,Cancelled
ORD02052,CUST0280,2024-06-19,Shipped
ORD02053,CUST0700,2023-11-01,Shipped
ORD02054,CUST0302,2023-10-15,Delivered
ORD02055,CUST0531,2023-11-27,Delivered
ORD02056,CUST0580,2024-01-14,Shipped
ORD02057,CUST0218,2024-05-24,Delivered
ORD02058,CUST0102,2024-11-15,Delivered
ORD02059,CUST0554,2024-05-28,Delivered
ORD02060,CUST0288,2023-04-03,Delivered
ORD02061,CUST0167,2024-12-04,Delivered
ORD02062,CUST0621,2024-08-01,Delivered
ORD02063,CUST0036,2024-02-06,Delivered
ORD02064,CUST0744,2024-07-13,Returned
ORD02065,CUST0741,2024-05-27,Delivered
ORD02066,CUST0353,2024-10-23,Delivered
ORD02067,CUST0676,2024-11-03,Delivered
ORD02068,CUST0899,2023-03-07,Shipped
ORD02069,CUST0073,2023-11-23,Delivered
ORD02070,CUST0648,2023-11-07,Delivered
ORD02071,CUST0353,2024-09-21,Delivered
ORD02072,CUST0891,2023-07-21,Delivered
ORD02073,CUST0070,2023-02-25,Delivered
ORD02074,CUST0425,2024-03-14,Processing
ORD02075,CUST0999,2023-02-05,Cancelled
ORD02076,CUST0708,2024-12-16,Delivered
ORD02077,CUST0781,2023-11-19,Delivered
ORD02078,CUST0561,2023-04-19,Cancelled
ORD02079,CUST0828,2024-01-01,Delivered
ORD02080,CUST0642,2023-09-23,Processing
ORD02081,CUST0956,2024-12-28,Delivered
ORD02082,CUST0517,2024-10-20,Cancelled
ORD02083,CUST0428,2024-01-13,Shipped
ORD02084,CUST0539,2024-08-24,Cancelled
ORD02085,CUST0160,2024-04-02,Shipped
ORD02086,CUST0149,2023-06-11,Delivered
ORD02087,CUST0776,2023-04-21,Cancelled
ORD02088,CUST0230,2024-12-04,Delivered
ORD02089,CUST0712,2024-09-21,Delivered
ORD02090,CUST0562,2024-07-14,Shipped
ORD02091,CUST0067,2023-03-24,Shipped
ORD02092,CUST0812,2023-07-15,Cancelled
ORD02093,CUST0381,2023-08-19,Delivered
ORD02094,CUST0058,2024-12-28,Processing
ORD02095,CUST0259,2024-03-10,Shipped
ORD02096,CUST0342,2024-12-27,Delivered
ORD02097,CUST0838,2024-11-26,Delivered
ORD02098,CUST0130,2023-09-10,Delivered
ORD02099,CUST0727,2023-10-05,Delivered
ORD02100,CUST0172,2023-04-20,Returned
ORD02101,CUST0770,2024-02-14,Shipped
ORD02102,CUST0614,2024-05-07,Shipped
ORD02103,CUST0209,2023-12-12,Returned
ORD02104,CUST0803,2024-06-06,Delivered
ORD02105,CUST0354,2023-11-17,Processing
ORD02106,CUST0471,2023-11-11,Delivered
ORD02107,CUST0798,2024-02-08,Processing
ORD02108,CUST0116,2023-08-16,Delivered
ORD02109,CUST0264,2024-12-26,Cancelled
ORD02110,CUST0662,2024-11-25,Delivered
ORD02111,CUST0812,2024-12-28,Delivered
ORD02112,CUST0442,2023-10-15,Shipped
ORD02113,CUST0548,2024-12-25,Delivered
ORD02114,CUST0453,2023-12-26,Delivered
ORD02115,CUST0845,2023-11-02,Delivered
ORD02116,CUST0477,2023-03-04,Shipped
ORD02117,CUST0287,2023-12-06,Delivered
ORD02118,CUST0303,2024-10-25,Delivered
ORD02119,CUST0311,2024-10-04,Delivered
ORD02120,CUST0208,2023-09-11,Delivered
ORD02121,CUST0618,2023-03-07,Delivered
ORD02122,CUST0446,2024-12-25,Delivered
ORD02123,CUST0670,2023-04-26,Delivered
ORD02124,CUST0633,2024-05-17,Delivered
ORD02125,CUST0055,2023-02-12,Delivered
ORD02126,CUST0912,2024-06-22,Cancelled
ORD02127,CUST0012,2023-03-25,Delivered
ORD02128,CUST0657,2024-11-05,Delivered
ORD02129,CUST0400,2024-06-14,Shipped
ORD02130,CUST0908,2024-12-17,Delivered
ORD02131,CUST0648,2024-12-15,Shipped
ORD02132,CUST0980,2023-11-23,Delivered
ORD02133,CUST0515,2023-02-11,Delivered
ORD02134,CUST0656,2024-12-06,Delivered
ORD02135,CUST0542,2024-02-25,Shipped
ORD02136,CUST0237,2023-10-21,Shipped
ORD02137,CUST0279,2023-12-02,Delivered
ORD02138,CUST0348,2024-06-22,Delivered
ORD02139,CUST0627,2024-10-11,Returned
ORD02140,CUST0104,2024-01-09,Delivered
ORD02141,CUST0630,2023-10-15,Delivered
ORD02142,CUST0517,2023-12-20,Cancelled
ORD02143,CUST0980,2024-10-26,Shipped
ORD02144,CUST0872,2024-11-10,Delivered
ORD02145,CUST0248,2023-01-11,Processing
ORD02146,CUST0364,2024-10-24,Processing
ORD02147,CUST0321,2023-08-18,Delivered
ORD02148,CUST0633,2024-04-17,Delivered
ORD02149,CUST0286,2024-08-25,Delivered
ORD02150,CUST0149,2023-01-26,Returned
ORD02151,CUST0084,2024-04-25,Shipped
ORD02152,CUST0966,2024-10-17,Delivered
ORD02153,CUST0406,2023-10-27,Processing
ORD02154,CUST0978,2024-04-17,Delivered
ORD02155,CUST0456,2024-03-25,Delivered
ORD02156,CUST0743,2023-07-19,Delivered
ORD02157,CUST0800,2023-07-08,Delivered
ORD02158,CUST0161,2023-06-10,Cancelled
ORD02159,CUST0784,2023-10-17,Delivered
ORD02160,CUST0460,2023-02-17,Processing
ORD02161,CUST0550,2023-11-12,Delivered
ORD02162,CUST0500,2024-02-23,Delivered
ORD02163,CUST0738,2024-11-03,Returned
ORD02164,CUST0509,2023-02-05,Delivered
ORD02165,CUST0654,2024-04-03,Delivered
ORD02166,CUST0804,2024-10-13,Delivered
ORD02167,CUST0481,2024-12-19,Processing
ORD02168,CUST0663,2024-09-15,Delivered
ORD02169,CUST0114,2024-10-14,Delivered
ORD02170,CUST0749,2023-03-05,Delivered
ORD02171,CUST0578,2024-10-05,Delivered
ORD02172,CUST0361,2023-10-15,Processing
ORD02173,CUST0341,2024-01-06,Delivered
ORD02174,CUST0770,2024-12-04,Delivered
ORD02175,CUST0987,2024-02-12,Delivered
ORD02176,CUST0761,2024-01-05,Delivered
ORD02177,CUST0969,2023-06-12,Cancelled
ORD02178,CUST0449,2024-05-01,Delivered
ORD02179,CUST0843,2023-03-19,Returned
ORD02180,CUST0835,2024-01-10,Delivered
ORD02181,CUST0180,2024-04-27,Delivered
ORD02182,CUST0702,2024-01-18,Cancelled
ORD02183,CUST0407,2024-02-02,Delivered
ORD02184,CUST0666,2024-07-10,Shipped
ORD02185,CUST0196,2024-12-26,Returned
ORD02186,CUST0466,2024-07-24,Delivered
ORD02187,CUST0311,2023-11-17,Delivered
ORD02188,CUST0262,2024-11-22,Shipped
ORD02189,CUST0419,2024-03-24,Delivered
ORD02190,CUST0406,2024-02-20,Delivered
ORD02191,CUST0939,2024-06-13,Delivered
ORD02192,CUST0143,2024-08-22,Delivered
ORD02193,CUST0342,2024-10-21,Processing
ORD02194,CUST0316,2023-11-23,Delivered
ORD02195,CUST0101,2023-08-26,Delivered
ORD02196,CUST0244,2024-08-04,Delivered
ORD02197,CUST0490,2023-04-20,Delivered
ORD02198,CUST0012,2023-12-17,Delivered
ORD02199,CUST0239,2023-11-17,Processing
ORD02200,CUST0561,2023-03-18,Delivered
ORD02201,CUST0042,2023-12-09,Shipped
ORD02202,CUST0678,2023-04-23,Cancelled
ORD02203,CUST0594,2024-02-18,Delivered
ORD02204,CUST0429,2024-06-02,Delivered
ORD02205,CUST0803,2024-11-01,Delivered
ORD02206,CUST0158,2024-07-14,Delivered
ORD02207,CUST0216,2023-11-11,Cancelled
ORD02208,CUST0670,2024-04-04,Cancelled
ORD02209,CUST0462,2023-08-10,Delivered
ORD02210,CUST0134,2023-03-25,Delivered
ORD02211,CUST0067,2023-03-14,Cancelled
ORD02212,CUST0848,2023-01-11,Returned
ORD02213,CUST0007,2023-01-02,Delivered
ORD02214,CUST0948,2024-06-11,Delivered
ORD02215,CUST0526,2023-06-11,Delivered
ORD02216,CUST0073,2024-06-27,Cancelled
ORD02217,CUST0399,2023-01-08,Delivered
ORD02218,CUST0405,2023-07-25,Delivered
ORD02219,CUST0675,2024-12-09,Delivered
ORD02220,CUST0578,2023-05-18,Delivered
ORD02221,CUST0859,2024-02-01,Delivered
ORD02222,CUST0130,2024-09-01,Returned
ORD02223,CUST0931,2024-08-19,Delivered
ORD02224,CUST0466,2023-04-18,Delivered
ORD02225,CUST0206,2023-05-14,Delivered
ORD02226,CUST0788,2024-02-21,Delivered
ORD02227,CUST0978,2023-11-05,Delivered
ORD02228,CUST0768,2024-08-06,Delivered
ORD02229,CUST0266,2023-08-14,Delivered
ORD02230,CUST0537,2024-01-27,Delivered
ORD02231,CUST0962,2024-12-20,Delivered
ORD02232,CUST0793,2024-09-06,Delivered
ORD02233,CUST0253,2023-02-16,Returned
ORD02234,CUST0822,2024-09-27,Cancelled
ORD02235,CUST0289,2024-12-27,Delivered
ORD02236,CUST0164,2023-09-17,Delivered
ORD02237,CUST0095,2024-01-24,Cancelled
ORD02238,CUST0782,2023-05-13,Delivered
ORD02239,CUST0833,2023-11-24,Processing
ORD02240,CUST0110,2024-12-07,Cancelled
ORD02241,CUST0336,2024-12-11,Delivered
ORD02242,CUST0822,2024-12-23,Delivered
ORD02243,CUST0238,2024-05-22,Returned
ORD02244,CUST0381,2024-05-15,Delivered
ORD02245,CUST0436,2024-01-23,Delivered
ORD02246,CUST0899,2023-09-01,Delivered
ORD02247,CUST0483,2024-01-01,Delivered
ORD02248,CUST0937,2023-06-23,Shipped
ORD02249,CUST0902,2024-11-18,Shipped
ORD02250,CUST0025,2023-11-21,Returned
ORD02251,CUST0653,2023-08-27,Delivered
ORD02252,CUST0117,2024-10-12,Delivered
ORD02253,CUST0482,2024-11-12,Delivered
ORD02254,CUST0392,2024-03-25,Delivered
ORD02255,CUST0917,2023-03-12,Delivered
ORD02256,CUST0994,2023-07-08,Returned
ORD02257,CUST0964,2023-11-22,Processing
ORD02258,CUST0537,2024-04-27,Delivered
ORD02259,CUST0079,2024-11-08,Delivered
ORD02260,CUST0580,2023-12-12,Delivered
ORD02261,CUST0173,2023-05-23,Delivered
ORD02262,CUST0956,2023-01-27,Shipped
ORD02263,CUST0012,2024-02-09,Delivered
ORD02264,CUST0800,2024-03-07,Returned
ORD02265,CUST0128,2023-02-05,Delivered
ORD02266,CUST0608,2023-03-19,Delivered
ORD02267,CUST0092,2023-12-24,Processing
ORD02268,CUST0653,2024-04-22,Delivered
ORD02269,CUST0543,2023-12-23,Delivered
ORD02270,CUST0846,2024-10-15,Delivered
ORD02271,CUST0532,2023-12-21,Delivered
ORD02272,CUST0658,2023-11-11,Processing
ORD02273,CUST0989,2024-11-14,Delivered
ORD02274,CUST0828,2024-03-17,Processing
ORD02275,CUST0447,2024-07-17,Delivered
ORD02276,CUST0390,2023-12-08,Delivered
ORD02277,CUST0672,2023-05-14,Processing
ORD02278,CUST0861,2024-05-13,Delivered
ORD02279,CUST0043,2023-05-19,Delivered
ORD02280,CUST0254,2023-12-08,Delivered
ORD02281,CUST0130,2024-12-08,Delivered
ORD02282,CUST0060,2023-03-10,Delivered
ORD02283,CUST0663,2023-09-04,Shipped
ORD02284,CUST0467,2023-07-26,Delivered
ORD02285,CUST0287,2023-09-21,Delivered
ORD02286,CUST0517,2024-11-08,Returned
ORD02287,CUST0467,2023-07-11,Delivered
ORD02288,CUST0930,2023-11-17,Processing
ORD02289,CUST0778,2023-12-25,Delivered
ORD02290,CUST0345,2024-11-21,Delivered
ORD02291,CUST0642,2024-08-03,Processing
ORD02292,CUST0382,2023-12-13,Delivered
ORD02293,CUST0779,2024-12-23,Shipped
ORD02294,CUST0690,2023-11-02,Delivered
ORD02295,CUST0253,2024-01-20,Delivered
ORD02296,CUST0927,2024-02-22,Delivered
ORD02297,CUST0056,2023-08-10,Delivered
ORD02298,CUST0463,2024-06-20,Processing
ORD02299,CUST0457,2024-04-20,Delivered
ORD02300,CUST0983,2023-07-15,Returned
ORD02301,CUST0083,2024-12-20,Cancelled
ORD02302,CUST0905,2023-05-22,Delivered
ORD02303,CUST0099,2023-07-11,Delivered
ORD02304,CUST0149,2023-02-01,Cancelled
ORD02305,CUST0329,2023-09-27,Returned
ORD02306,CUST0156,2023-12-05,Delivered
ORD02307,CUST0190,2024-06-16,Delivered
ORD02308,CUST0494,2024-03-05,Delivered
ORD02309,CUST0883,2023-02-10,Shipped
ORD02310,CUST0263,2024-08-21,Delivered
ORD02311,CUST0080,2024-05-18,Shipped
ORD02312,CUST0400,2023-03-10,Delivered
ORD02313,CUST0764,2024-05-01,Delivered
ORD02314,CUST0609,2023-01-17,Delivered
ORD02315,CUST0260,2023-06-07,Delivered
ORD02316,CUST0772,2023-09-07,Delivered
ORD02317,CUST0615,2023-05-22,Delivered
ORD02318,CUST0552,2024-10-15,Delivered
ORD02319,CUST0785,2024-11-19,Delivered
ORD02320,CUST0101,2024-09-14,Delivered
ORD02321,CUST0359,2024-03-15,Returned
ORD02322,CUST0380,2023-07-01,Delivered
ORD02323,CUST0820,2023-10-15,Delivered
ORD02324,CUST0221,2023-04-24,Delivered
ORD02325,CUST0820,2024-11-13,Returned
ORD02326,CUST0420,2023-06-27,Delivered
ORD02327,CUST0124,2023-06-03,Shipped
ORD02328,CUST0422,2024-01-04,Shipped
ORD02329,CUST0231,2023-05-07,Delivered
ORD02330,CUST0690,2024-01-01,Delivered
ORD02331,CUST0063,2023-04-06,Shipped
ORD02332,CUST0485,2023-12-24,Delivered
ORD02333,CUST0628,2023-05-18,Delivered
ORD02334,CUST0703,2023-03-01,Shipped
ORD02335,CUST0574,2023-11-04,Delivered
ORD02336,CUST0768,2023-11-05,Processing
ORD02337,CUST0483,2024-09-04,Delivered
ORD02338,CUST0519,2024-12-10,Processing
ORD02339,CUST0155,2024-04-26,Delivered
ORD02340,CUST0092,2024-10-17,Delivered
ORD02341,CUST0982,2024-12-03,Delivered
ORD02342,CUST0526,2023-03-05,Cancelled
ORD02343,CUST0455,2023-04-13,Delivered
ORD02344,CUST0741,2024-05-14,Delivered
ORD02345,CUST0598,2023-12-25,Delivered
ORD02346,CUST0645,2023-11-10,Shipped
ORD02347,CUST0510,2023-05-02,Delivered
ORD02348,CUST0183,2024-12-28,Delivered
ORD02349,CUST0386,2024-04-03,Delivered
ORD02350,CUST0574,2024-11-20,Delivered
ORD02351,CUST0731,2023-03-13,Delivered
ORD02352,CUST0405,2024-07-15,Delivered
ORD02353,CUST0246,2023-05-12,Shipped
ORD02354,CUST0742,2024-10-16,Delivered
ORD02355,CUST0591,2024-04-13,Delivered
ORD02356,CUST0661,2023-04-07,Delivered
ORD02357,CUST0650,2024-11-13,Returned
ORD02358,CUST0471,2023-05-13,Cancelled
ORD02359,CUST0826,2023-12-12,Processing
ORD02360,CUST0888,2024-08-05,Delivered
ORD02361,CUST0423,2023-05-17,Delivered
ORD02362,CUST0901,2024-04-02,Delivered
ORD02363,CUST0065,2024-08-11,Delivered
ORD02364,CUST0013,2024-07-14,Delivered
ORD02365,CUST0213,2024-06-16,Processing
ORD02366,CUST0986,2024-05-01,Processing
ORD02367,CUST0242,2023-07-09,Processing
ORD02368,CUST0493,2023-06-03,Delivered
ORD02369,CUST0213,2024-11-17,Shipped
ORD02370,CUST0693,2023-11-08,Delivered
ORD02371,CUST0338,2023-02-12,Delivered
ORD02372,CUST0997,2023-08-11,Shipped
ORD02373,CUST0173,2023-10-09,Delivered
ORD02374,CUST0672,2024-10-25,Delivered
ORD02375,CUST0164,2024-04-20,Delivered
ORD02376,CUST0465,2023-12-25,Shipped
ORD02377,CUST0995,2024-01-10,Shipped
ORD02378,CUST0497,2024-11-26,Delivered
ORD02379,CUST0700,2024-12-27,Processing
ORD02380,CUST0395,2023-07-17,Delivered
ORD02381,CUST0703,2023-11-08,Delivered
ORD02382,CUST0917,2023-10-07,Shipped
ORD02383,CUST0308,2024-04-19,Shipped
ORD02384,CUST0768,2024-10-15,Returned
ORD02385,CUST0183,2024-11-11,Delivered
ORD02386,CUST0629,2023-06-23,Shipped
ORD02387,CUST0794,2024-04-15,Delivered
ORD02388,CUST0510,2023-06-19,Cancelled
ORD02389,CUST0708,2023-05-24,Delivered
ORD02390,CUST0546,2023-07-22,Shipped
ORD02391,CUST0564,2024-05-14,Delivered
ORD02392,CUST0624,2024-10-13,Delivered
ORD02393,CUST0764,2024-05-01,Delivered
ORD02394,CUST0594,2023-12-05,Delivered
ORD02395,CUST0744,2024-08-26,Delivered
ORD02396,CUST0227,2024-12-07,Cancelled
ORD02397,CUST0745,2024-02-13,Delivered
ORD02398,CUST0733,2023-07-11,Shipped
ORD02399,CUST0436,2024-09-10,Delivered
ORD02400,CUST0925,2023-03-22,Delivered
ORD02401,CUST0422,2023-01-23,Delivered
ORD02402,CUST0554,2024-01-07,Delivered
ORD02403,CUST0021,2023-12-13,Delivered
ORD02404,CUST0554,2024-04-10,Delivered
ORD02405,CUST0397,2023-07-12,Delivered
ORD02406,CUST0625,2023-03-28,Delivered
ORD02407,CUST0105,2024-06-04,Delivered
ORD02408,CUST0192,2023-08-16,Delivered
ORD02409,CUST0017,2023-06-28,Delivered
ORD02410,CUST0120,2023-03-07,Cancelled
ORD02411,CUST0393,2024-07-23,Processing
ORD02412,CUST0425,2024-03-19,Shipped
ORD02413,CUST0129,2024-09-17,Delivered
ORD02414,CUST0130,2024-05-01,Processing
ORD02415,CUST0572,2023-07-27,Processing
ORD02416,CUST0560,2024-09-08,Shipped
ORD02417,CUST0029,2024-12-16,Delivered
ORD02418,CUST0097,2024-07-02,Shipped
ORD02419,CUST0010,2023-05-15,Processing
ORD02420,CUST0242,2024-10-23,Delivered
ORD02421,CUST0826,2024-06-27,Shipped
ORD02422,CUST0956,2023-06-06,Delivered
ORD02423,CUST0232,2024-07-22,Delivered
ORD02424,CUST0789,2023-10-04,Delivered
ORD02425,CUST0284,2024-10-02,Shipped
ORD02426,CUST0715,2023-12-06,Delivered
ORD02427,CUST0759,2024-12-18,Delivered
ORD02428,CUST0802,2024-10-03,Delivered
ORD02429,CUST0776,2023-12-14,Delivered
ORD02430,CUST0955,2023-12-03,Delivered
ORD02431,CUST0726,2023-08-25,Shipped
ORD02432,CUST0200,2024-06-06,Processing
ORD02433,CUST0945,2024-04-02,Delivered
ORD02434,CUST0079,2024-01-21,Delivered
ORD02435,CUST0913,2024-06-24,Delivered
ORD02436,CUST0956,2024-11-13,Cancelled
ORD02437,CUST0855,2023-01-04,Delivered
ORD02438,CUST0856,2023-05-24,Delivered
ORD02439,CUST0173,2024-07-03,Delivered
ORD02440,CUST0467,2023-08-08,Shipped
ORD02441,CUST0581,2024-03-27,Processing
ORD02442,CUST0416,2024-11-06,Processing
ORD02443,CUST0940,2023-09-06,Shipped
ORD02444,CUST0449,2024-03-24,Delivered
ORD02445,CUST0087,2024-03-22,Delivered
ORD02446,CUST0101,2023-10-05,Delivered
ORD02447,CUST0008,2024-06-07,Delivered
ORD02448,CUST0845,2023-12-18,Delivered
ORD02449,CUST0200,2023-07-02,Delivered
ORD02450,CUST0505,2023-06-10,Delivered
ORD02451,CUST0087,2024-01-01,Cancelled
ORD02452,CUST0043,2023-11-25,Delivered
ORD02453,CUST0385,2023-12-12,Processing
ORD02454,CUST0621,2023-04-01,Shipped
ORD02455,CUST0435,2024-01-01,Delivered
ORD02456,CUST0408,2024-11-22,Shipped
ORD02457,CUST0483,2023-04-04,Delivered
ORD02458,CUST0664,2023-10-02,Shipped
ORD02459,CUST0017,2024-08-27,Delivered
ORD02460,CUST0645,2024-05-21,Returned
ORD02461,CUST0148,2023-09-18,Delivered
ORD02462,CUST0277,2024-12-04,Delivered
ORD02463,CUST0232,2023-04-12,Cancelled
ORD02464,CUST0826,2024-03-13,Delivered
ORD02465,CUST0927,2024-01-07,Shipped
ORD02466,CUST0366,2024-04-22,Shipped
ORD02467,CUST0228,2024-09-12,Processing
ORD02468,CUST0651,2023-02-07,Returned
ORD02469,CUST0436,2024-05-20,Returned
ORD02470,CUST0399,2024-12-04,Delivered
ORD02471,CUST0211,2023-04-04,Processing
ORD02472,CUST0391,2024-12-23,Shipped
ORD02473,CUST0499,2024-10-25,Shipped
ORD02474,CUST0540,2023-05-21,Delivered
ORD02475,CUST0563,2024-12-22,Shipped
ORD02476,CUST0491,2024-02-01,Returned
ORD02477,CUST0442,2024-06-21,Cancelled
ORD02478,CUST0261,2023-08-23,Delivered
ORD02479,CUST0773,2023-04-20,Delivered
ORD02480,CUST0350,2023-05-24,Delivered
ORD02481,CUST0352,2024-11-20,Processing
ORD02482,CUST0520,2023-01-12,Shipped
ORD02483,CUST0320,2024-05-05,Delivered
ORD02484,CUST0138,2024-04-02,Delivered
ORD02485,CUST0550,2023-12-20,Delivered
ORD02486,CUST0623,2024-10-11,Delivered
ORD02487,CUST0992,2023-05-21,Cancelled
ORD02488,CUST0368,2023-08-14,Shipped
ORD02489,CUST0220,2024-11-08,Delivered
ORD02490,CUST0337,2024-05-07,Delivered
ORD02491,CUST0223,2023-12-22,Delivered
ORD02492,CUST0648,2023-11-23,Returned
ORD02493,CUST0768,2023-09-13,Delivered
ORD02494,CUST0360,2024-03-21,Delivered
ORD02495,CUST0921,2023-02-16,Delivered
ORD02496,CUST0329,2023-12-02,Shipped
ORD02497,CUST0962,2023-12-05,Shipped
ORD02498,CUST0463,2023-03-18,Shipped
ORD02499,CUST0946,2023-04-03,Delivered
ORD02500,CUST0963,2024-10-10,Delivered
ORD02501,CUST0561,2023-10-08,Delivered
ORD02502,CUST0804,2024-03-08,Shipped
ORD02503,CUST0382,2024-05-15,Delivered
ORD02504,CUST0836,2023-05-26,Delivered
ORD02505,CUST0590,2024-02-12,Processing
ORD02506,CUST0617,2024-06-16,Cancelled
ORD02507,CUST0169,2024-06-20,Delivered
ORD02508,CUST0217,2024-11-27,Delivered
ORD02509,CUST0378,2024-01-13,Delivered
ORD02510,CUST0119,2024-11-25,Shipped
ORD02511,CUST0190,2024-09-05,Processing
ORD02512,CUST0767,2023-04-15,Delivered
ORD02513,CUST0370,2024-07-13,Delivered
ORD02514,CUST0778,2024-02-05,Processing
ORD02515,CUST0149,2024-04-07,Cancelled
ORD02516,CUST0676,2023-01-17,Delivered
ORD02517,CUST0652,2024-07-14,Delivered
ORD02518,CUST0859,2024-12-12,Delivered
ORD02519,CUST0488,2024-07-21,Delivered
ORD02520,CUST0770,2023-06-02,Cancelled
ORD02521,CUST0374,2023-06-19,Processing
ORD02522,CUST0781,2023-04-14,Shipped
ORD02523,CUST0693,2024-11-25,Delivered
ORD02524,CUST0160,2024-08-16,Processing
ORD02525,CUST0351,2024-10-21,Delivered
ORD02526,CUST0912,2024-12-24,Delivered
ORD02527,CUST0288,2023-04-02,Delivered
ORD02528,CUST0288,2024-09-22,Delivered
ORD02529,CUST0892,2023-10-21,Shipped
ORD02530,CUST0226,2023-04-15,Delivered
ORD02531,CUST0523,2023-04-20,Delivered
ORD02532,CUST0522,2023-01-25,Delivered
ORD02533,CUST0783,2023-09-13,Delivered
ORD02534,CUST0273,2024-10-03,Delivered
ORD02535,CUST0936,2023-12-06,Delivered
ORD02536,CUST0402,2024-04-10,Processing
ORD02537,CUST0183,2024-09-24,Delivered
ORD02538,CUST0969,2024-11-24,Delivered
ORD02539,CUST0665,2023-02-19,Delivered
ORD02540,CUST0488,2024-11-09,Processing
ORD02541,CUST0827,2023-12-13,Delivered
ORD02542,CUST0846,2024-01-06,Delivered
ORD02543,CUST0124,2024-01-03,Delivered
ORD02544,CUST0985,2024-08-21,Delivered
ORD02545,CUST0626,2024-10-06,Delivered
ORD02546,CUST0790,2023-06-23,Shipped
ORD02547,CUST0414,2023-04-06,Shipped
ORD02548,CUST0980,2023-07-27,Delivered
ORD02549,CUST0725,2023-03-02,Shipped
ORD02550,CUST0172,2023-11-07,Shipped
ORD02551,CUST0288,2024-12-28,Delivered
ORD02552,CUST0435,2024-07-20,Delivered
ORD02553,CUST0686,2023-11-06,Delivered
ORD02554,CUST0113,2023-05-13,Delivered
ORD02555,CUST0888,2023-05-11,Shipped
ORD02556,CUST0917,2023-09-16,Processing
ORD02557,CUST0995,2024-10-04,Returned
ORD02558,CUST0122,2023-02-25,Shipped
ORD02559,CUST0544,2023-10-26,Delivered
ORD02560,CUST0222,2023-02-17,Delivered
ORD02561,CUST0631,2023-06-17,Processing
ORD02562,CUST0039,2024-12-16,Delivered
ORD02563,CUST0497,2024-09-11,Delivered
ORD02564,CUST0780,2024-10-11,Processing
ORD02565,CUST0233,2024-11-12,Shipped
ORD02566,CUST0943,2024-06-02,Processing
ORD02567,CUST0530,2024-12-26,Delivered
ORD02568,CUST0149,2023-01-28,Shipped
ORD02569,CUST0397,2024-10-05,Processing
ORD02570,CUST0661,2023-09-28,Delivered
ORD02571,CUST0638,2024-12-25,Shipped
ORD02572,CUST0904,2023-06-20,Delivered
ORD02573,CUST0302,2024-08-22,Cancelled
ORD02574,CUST0360,2023-01-21,Delivered
ORD02575,CUST0238,2024-01-12,Delivered
ORD02576,CUST0647,2023-12-24,Delivered
ORD02577,CUST0663,2024-10-08,Shipped
ORD02578,CUST0236,2024-06-20,Delivered
ORD02579,CUST0736,2023-05-16,Delivered
ORD02580,CUST0203,2023-10-10,Delivered
ORD02581,CUST0256,2023-10-28,Cancelled
ORD02582,CUST0598,2023-03-26,Delivered
ORD02583,CUST0662,2023-05-22,Delivered
ORD02584,CUST0235,2024-03-15,Shipped
ORD02585,CUST0345,2023-07-18,Delivered
ORD02586,CUST0534,2023-04-06,Cancelled
ORD02587,CUST0860,2023-02-23,Delivered
ORD02588,CUST0797,2023-03-11,Shipped
ORD02589,CUST0781,2024-11-08,Delivered
ORD02590,CUST0466,2024-10-22,Delivered
ORD02591,CUST0770,2023-10-18,Shipped
ORD02592,CUST0541,2024-02-23,Delivered
ORD02593,CUST0213,2024-12-19,Shipped
ORD02594,CUST0463,2023-09-13,Delivered
ORD02595,CUST0436,2024-09-26,Delivered
ORD02596,CUST0283,2024-11-08,Delivered
ORD02597,CUST0562,2024-02-03,Returned
ORD02598,CUST0607,2023-02-24,Delivered
ORD02599,CUST0463,2023-10-04,Delivered
ORD02600,CUST0407,2024-03-11,Delivered
ORD02601,CUST0088,2024-08-01,Delivered
ORD02602,CUST0044,2024-02-18,Delivered
ORD02603,CUST0461,2023-11-14,Cancelled
ORD02604,CUST0278,2024-11-26,Delivered
ORD02605,CUST0683,2023-08-20,Cancelled
ORD02606,CUST0421,2023-02-01,Delivered
ORD02607,CUST0701,2024-05-27,Shipped
ORD02608,CUST0353,2024-11-16,Cancelled
ORD02609,CUST0696,2024-03-10,Delivered
ORD02610,CUST0515,2023-10-28,Returned
ORD02611,CUST0703,2023-09-10,Delivered
ORD02612,CUST0630,2023-05-28,Cancelled
ORD02613,CUST0019,2024-09-07,Shipped
ORD02614,CUST0023,2024-05-13,Delivered
ORD02615,CUST0413,2023-12-11,Delivered
ORD02616,CUST0030,2023-11-07,Delivered
ORD02617,CUST0807,2023-10-02,Delivered
ORD02618,CUST0108,2023-11-24,Delivered
ORD02619,CUST0367,2024-05-27,Delivered
ORD02620,CUST0281,2023-12-18,Delivered
ORD02621,CUST0128,2024-05-22,Processing
ORD02622,CUST0229,2024-12-25,Delivered
ORD02623,CUST0111,2024-06-17,Delivered
ORD02624,CUST0136,2024-05-07,Shipped
ORD02625,CUST0362,2024-02-11,Delivered
ORD02626,CUST0186,2023-11-23,Delivered
ORD02627,CUST0656,2024-07-06,Delivered
ORD02628,CUST0584,2023-07-16,Cancelled
ORD02629,CUST0129,2024-12-07,Processing
ORD02630,CUST0876,2023-11-07,Delivered
ORD02631,CUST0261,2023-06-28,Shipped
ORD02632,CUST0515,2023-10-28,Delivered
ORD02633,CUST0449,2023-06-14,Shipped
ORD02634,CUST0900,2023-12-04,Shipped
ORD02635,CUST0104,2024-12-06,Shipped
ORD02636,CUST0483,2023-02-17,Delivered
ORD02637,CUST0224,2024-09-05,Delivered
ORD02638,CUST0832,2024-04-04,Delivered
ORD02639,CUST0874,2023-06-10,Cancelled
ORD02640,CUST0866,2023-09-13,Delivered
ORD02641,CUST0491,2023-11-28,Processing
ORD02642,CUST0473,2024-05-21,Returned
ORD02643,CUST0010,2024-06-04,Delivered
ORD02644,CUST0405,2023-02-16,Shipped
ORD02645,CUST0896,2023-01-19,Shipped
ORD02646,CUST0302,2024-05-24,Returned
ORD02647,CUST0231,2023-11-06,Returned
ORD02648,CUST0731,2024-07-21,Shipped
ORD02649,CUST0923,2024-05-05,Delivered
ORD02650,CUST0066,2023-05-23,Processing
ORD02651,CUST0937,2023-06-23,Delivered
ORD02652,CUST0112,2023-06-27,Processing
ORD02653,CUST0013,2024-02-27,Cancelled
ORD02654,CUST0393,2023-11-07,Delivered
ORD02655,CUST0500,2023-03-20,Shipped
ORD02656,CUST0932,2023-01-15,Delivered
ORD02657,CUST0598,2024-03-05,Delivered
ORD02658,CUST0234,2023-09-03,Delivered
ORD02659,CUST0602,2024-11-02,Shipped
ORD02660,CUST0314,2023-12-17,Cancelled
ORD02661,CUST0566,2024-06-18,Cancelled
ORD02662,CUST0012,2023-06-22,Delivered
ORD02663,CUST0209,2023-04-02,Cancelled
ORD02664,CUST0974,2024-09-15,Shipped
ORD02665,CUST0014,2023-08-23,Delivered
ORD02666,CUST0633,2024-08-12,Delivered
ORD02667,CUST0418,2023-10-22,Delivered
ORD02668,CUST0437,2023-04-07,Cancelled
ORD02669,CUST0377,2023-05-27,Shipped
ORD02670,CUST0020,2023-12-20,Shipped
ORD02671,CUST0587,2023-09-09,Delivered
ORD02672,CUST0912,2023-10-14,Shipped
ORD02673,CUST0755,2023-08-09,Delivered
ORD02674,CUST0735,2024-09-06,Delivered
ORD02675,CUST0070,2024-07-09,Shipped
ORD02676,CUST0824,2024-12-05,Delivered
ORD02677,CUST0211,2023-02-24,Processing
ORD02678,CUST0101,2024-12-23,Delivered
ORD02679,CUST0698,2023-10-19,Shipped
ORD02680,CUST0132,2023-06-05,Delivered
ORD02681,CUST0623,2024-12-14,Delivered
ORD02682,CUST0381,2024-01-20,Delivered
ORD02683,CUST0132,2023-02-04,Delivered
ORD02684,CUST0020,2023-10-14,Cancelled
ORD02685,CUST0906,2023-05-03,Delivered
ORD02686,CUST0536,2024-12-25,Processing
ORD02687,CUST0227,2024-03-26,Returned
ORD02688,CUST0154,2023-05-04,Delivered
ORD02689,CUST0805,2024-12-08,Delivered
ORD02690,CUST0742,2024-12-26,Shipped
ORD02691,CUST0469,2023-03-24,Returned
ORD02692,CUST0822,2024-09-26,Cancelled
ORD02693,CUST1000,2024-02-12,Delivered
ORD02694,CUST0871,2024-08-20,Processing
ORD02695,CUST0405,2023-12-06,Delivered
ORD02696,CUST0202,2024-12-13,Returned
ORD02697,CUST0038,2023-05-24,Returned
ORD02698,CUST0942,2024-07-05,Delivered
ORD02699,CUST0772,2024-01-17,Delivered
ORD02700,CUST0188,2023-09-05,Delivered
ORD02701,CUST0057,2024-08-09,Delivered
ORD02702,CUST0941,2023-12-21,Processing
ORD02703,CUST0020,2024-10-08,Delivered
ORD02704,CUST0273,2024-10-06,Delivered
ORD02705,CUST0119,2024-12-26,Delivered
ORD02706,CUST0583,2024-08-09,Returned
ORD02707,CUST0516,2024-08-23,Shipped
ORD02708,CUST0221,2023-05-28,Delivered
ORD02709,CUST0526,2023-12-14,Delivered
ORD02710,CUST0515,2024-11-21,Returned
ORD02711,CUST0728,2023-02-08,Processing
ORD02712,CUST0741,2023-03-02,Delivered
ORD02713,CUST0336,2023-10-18,Delivered
ORD02714,CUST0698,2024-11-01,Delivered
ORD02715,CUST0055,2024-10-24,Delivered
ORD02716,CUST0500,2023-07-17,Delivered
ORD02717,CUST0900,2023-06-20,Cancelled
ORD02718,CUST0888,2023-12-24,Delivered
ORD02719,CUST0766,2023-10-23,Processing
ORD02720,CUST0536,2024-04-24,Delivered
ORD02721,CUST0162,2023-09-06,Shipped
ORD02722,CUST0670,2023-03-12,Shipped
ORD02723,CUST0594,2023-08-02,Delivered
ORD02724,CUST0915,2024-07-06,Delivered
ORD02725,CUST0159,2024-12-11,Shipped
ORD02726,CUST0188,2023-11-28,Delivered
ORD02727,CUST0060,2023-05-16,Delivered
ORD02728,CUST0915,2024-04-01,Delivered
ORD02729,CUST0817,2024-04-10,Returned
ORD02730,CUST0319,2023-12-20,Delivered
ORD02731,CUST0878,2024-01-01,Processing
ORD02732,CUST0211,2024-05-12,Delivered
ORD02733,CUST0406,2023-01-24,Processing
ORD02734,CUST0664,2023-06-01,Delivered
ORD02735,CUST0109,2023-07-07,Cancelled
ORD02736,CUST0076,2023-08-05,Delivered
ORD02737,CUST0542,2024-03-16,Delivered
ORD02738,CUST0314,2023-03-22,Shipped
ORD02739,CUST0998,2024-04-13,Delivered
ORD02740,CUST0117,2024-05-14,Delivered
ORD02741,CUST0927,2023-08-09,Delivered
ORD02742,CUST0868,2023-12-22,Delivered
ORD02743,CUST0704,2024-03-12,Cancelled
ORD02744,CUST0019,2024-01-28,Delivered
ORD02745,CUST0432,2023-02-10,Delivered
ORD02746,CUST0685,2023-03-14,Shipped
ORD02747,CUST0740,2024-12-06,Delivered
ORD02748,CUST0350,2023-12-22,Delivered
ORD02749,CUST0183,2024-02-16,Delivered
ORD02750,CUST0113,2024-11-23,Cancelled
ORD02751,CUST0183,2023-05-25,Processing
ORD02752,CUST0481,2024-08-24,Processing
ORD02753,CUST0146,2024-03-04,Delivered
ORD02754,CUST0831,2023-03-12,Shipped
ORD02755,CUST0628,2023-11-08,Delivered
ORD02756,CUST0113,2023-10-11,Delivered
ORD02757,CUST0763,2024-12-24,Delivered
ORD02758,CUST0476,2023-07-10,Delivered
ORD02759,CUST0763,2024-07-25,Delivered
ORD02760,CUST0303,2024-04-05,Delivered
ORD02761,CUST0971,2023-04-25,Delivered
ORD02762,CUST0825,2023-11-23,Delivered
ORD02763,CUST0118,2023-10-14,Shipped
ORD02764,CUST0813,2023-07-26,Delivered
ORD02765,CUST0161,2023-10-17,Shipped
ORD02766,CUST0401,2023-03-28,Delivered
ORD02767,CUST0198,2023-04-05,Processing
ORD02768,CUST0260,2024-01-07,Delivered
ORD02769,CUST0660,2023-06-20,Delivered
ORD02770,CUST0752,2023-02-02,Delivered
ORD02771,CUST0047,2024-06-10,Shipped
ORD02772,CUST0987,2023-04-14,Processing
ORD02773,CUST0399,2024-02-14,Delivered
ORD02774,CUST0710,2023-05-09,Delivered
ORD02775,CUST0559,2024-05-12,Processing
ORD02776,CUST0078,2024-04-02,Shipped
ORD02777,CUST0124,2023-01-02,Delivered
ORD02778,CUST0075,2024-04-16,Delivered
ORD02779,CUST0871,2024-12-04,Delivered
ORD02780,CUST0137,2024-03-16,Shipped
ORD02781,CUST0602,2024-05-04,Delivered
ORD02782,CUST0400,2023-10-22,Returned
ORD02783,CUST0837,2023-05-24,Delivered
ORD02784,CUST0505,2024-10-19,Delivered
ORD02785,CUST0500,2024-04-09,Delivered
ORD02786,CUST0573,2023-09-03,Cancelled
ORD02787,CUST0138,2023-03-24,Processing
ORD02788,CUST0050,2023-01-21,Delivered
ORD02789,CUST0771,2023-04-15,Shipped
ORD02790,CUST0973,2023-02-18,Delivered
ORD02791,CUST0619,2024-05-16,Delivered
ORD02792,CUST0625,2023-08-05,Delivered
ORD02793,CUST0862,2023-03-14,Delivered
ORD02794,CUST0254,2024-12-25,Delivered
ORD02795,CUST0630,2024-12-15,Cancelled
ORD02796,CUST0710,2023-12-03,Delivered
ORD02797,CUST0849,2024-06-17,Cancelled
ORD02798,CUST0877,2023-03-09,Delivered
ORD02799,CUST0563,2023-05-19,Shipped
ORD02800,CUST0757,2023-11-23,Delivered
ORD02801,CUST0915,2023-10-13,Delivered
ORD02802,CUST0426,2024-10-28,Delivered
ORD02803,CUST0547,2023-03-25,Delivered
ORD02804,CUST0302,2024-08-13,Shipped
ORD02805,CUST0922,2024-09-07,Delivered
ORD02806,CUST0581,2023-01-19,Processing
ORD02807,CUST0349,2023-09-01,Delivered
ORD02808,CUST0832,2024-08-24,Delivered
ORD02809,CUST0933,2024-05-08,Delivered
ORD02810,CUST0980,2024-10-18,Cancelled
ORD02811,CUST0049,2023-03-02,Shipped
ORD02812,CUST0917,2023-05-21,Delivered
ORD02813,CUST0074,2023-12-09,Delivered
ORD02814,CUST0704,2023-05-26,Delivered
ORD02815,CUST0261,2023-09-08,Returned
ORD02816,CUST0356,2023-08-01,Shipped
ORD02817,CUST0582,2024-09-12,Delivered
ORD02818,CUST0602,2024-02-23,Delivered
ORD02819,CUST0260,2024-10-14,Delivered
ORD02820,CUST0638,2024-05-02,Returned
ORD02821,CUST0743,2023-11-08,Delivered
ORD02822,CUST0295,2024-03-01,Shipped
ORD02823,CUST0931,2023-10-23,Delivered
ORD02824,CUST0641,2024-12-09,Shipped
ORD02825,CUST0792,2023-11-08,Processing
ORD02826,CUST0313,2024-04-19,Shipped
ORD02827,CUST0612,2024-03-08,Delivered
ORD02828,CUST0838,2024-06-16,Cancelled
ORD02829,CUST0809,2023-07-15,Delivered
ORD02830,CUST0182,2023-11-06,Delivered
ORD02831,CUST0686,2023-08-24,Delivered
ORD02832,CUST0828,2023-09-01,Returned
ORD02833,CUST0364,2024-03-06,Delivered
ORD02834,CUST0188,2024-10-07,Shipped
ORD02835,CUST0569,2023-03-14,Shipped
ORD02836,CUST0543,2023-07-21,Delivered
ORD02837,CUST0596,2024-02-17,Delivered
ORD02838,CUST0664,2023-10-26,Delivered
ORD02839,CUST0985,2023-09-13,Delivered
ORD02840,CUST0548,2024-01-27,Delivered
ORD02841,CUST0725,2023-11-21,Delivered
ORD02842,CUST0926,2023-03-25,Cancelled
ORD02843,CUST0408,2023-04-21,Returned
ORD02844,CUST0876,2023-11-01,Delivered
ORD02845,CUST0618,2023-08-27,Delivered
ORD02846,CUST0414,2024-11-03,Delivered
ORD02847,CUST0342,2023-03-25,Shipped
ORD02848,CUST0220,2024-11-10,Processing
ORD02849,CUST0903,2024-07-08,Delivered
ORD02850,CUST0163,2023-08-09,Delivered
ORD02851,CUST0951,2023-01-02,Processing
ORD02852,CUST0220,2023-08-04,Delivered
ORD02853,CUST0270,2024-03-08,Delivered
ORD02854,CUST0632,2023-04-13,Shipped
ORD02855,CUST0906,2023-06-10,Delivered
ORD02856,CUST0848,2023-12-22,Delivered
ORD02857,CUST0400,2024-10-23,Shipped
ORD02858,CUST0182,2023-07-04,Processing
ORD02859,CUST0991,2023-02-10,Delivered
ORD02860,CUST0618,2024-02-11,Cancelled
ORD02861,CUST0729,2023-06-03,Delivered
ORD02862,CUST0205,2023-09-06,Processing
ORD02863,CUST0582,2024-08-20,Delivered
ORD02864,CUST0556,2023-10-05,Cancelled
ORD02865,CUST0841,2024-09-10,Cancelled
ORD02866,CUST0813,2024-12-09,Delivered
ORD02867,CUST0228,2024-10-09,Cancelled
ORD02868,CUST0696,2023-11-28,Processing
ORD02869,CUST0619,2023-11-05,Processing
ORD02870,CUST0596,2024-03-15,Delivered
ORD02871,CUST0850,2024-11-04,Processing
ORD02872,CUST0250,2024-12-09,Processing
ORD02873,CUST0875,2023-02-05,Delivered
ORD02874,CUST0441,2023-11-12,Cancelled
ORD02875,CUST0533,2024-07-16,Delivered
ORD02876,CUST0196,2024-09-21,Delivered
ORD02877,CUST0690,2024-03-21,Delivered
ORD02878,CUST0929,2023-06-18,Delivered
ORD02879,CUST0987,2024-08-16,Shipped
ORD02880,CUST0519,2023-06-19,Delivered
ORD02881,CUST0070,2024-08-25,Returned
ORD02882,CUST0639,2023-10-08,Delivered
ORD02883,CUST0399,2024-01-28,Delivered
ORD02884,CUST0978,2023-06-16,Delivered
ORD02885,CUST0672,2023-12-02,Delivered
ORD02886,CUST0760,2024-06-28,Cancelled
ORD02887,CUST0203,2023-05-05,Shipped
ORD02888,CUST0148,2024-04-27,Processing
ORD02889,CUST0472,2023-01-05,Delivered
ORD02890,CUST0655,2023-12-23,Delivered
ORD02891,CUST0944,2023-06-01,Delivered
ORD02892,CUST0199,2024-06-23,Delivered
ORD02893,CUST0917,2023-10-03,Delivered
ORD02894,CUST0426,2024-11-28,Shipped
ORD02895,CUST0666,2023-01-12,Delivered
ORD02896,CUST0492,2023-02-03,Shipped
ORD02897,CUST0888,2023-08-27,Delivered
ORD02898,CUST0896,2024-03-06,Delivered
ORD02899,CUST0142,2024-10-24,Shipped
ORD02900,CUST0313,2024-07-24,Delivered
ORD02901,CUST0165,2024-07-21,Cancelled
ORD02902,CUST0314,2023-05-05,Delivered
ORD02903,CUST0021,2023-12-02,Delivered
ORD02904,CUST0082,2023-08-01,Returned
ORD02905,CUST0581,2024-11-22,Delivered
ORD02906,CUST0131,2024-08-27,Delivered
ORD02907,CUST0599,2024-12-17,Shipped
ORD02908,CUST0730,2024-10-14,Delivered
ORD02909,CUST0933,2023-05-03,Processing
ORD02910,CUST0984,2024-12-05,Processing
ORD02911,CUST0305,2023-06-02,Returned
ORD02912,CUST0915,2023-06-27,Delivered
ORD02913,CUST0371,2023-11-15,Delivered
ORD02914,CUST0857,2024-05-21,Shipped
ORD02915,CUST0853,2024-11-06,Delivered
ORD02916,CUST0384,2023-11-21,Delivered
ORD02917,CUST0908,2024-04-04,Delivered
ORD02918,CUST0445,2023-02-20,Delivered
ORD02919,CUST0425,2024-01-10,Delivered
ORD02920,CUST0161,2023-08-03,Processing
ORD02921,CUST0178,2023-09-25,Processing
ORD02922,CUST0629,2024-03-07,Delivered
ORD02923,CUST0708,2023-04-03,Delivered
ORD02924,CUST0895,2023-08-26,Delivered
ORD02925,CUST0490,2024-01-11,Cancelled
ORD02926,CUST0327,2023-12-01,Delivered
ORD02927,CUST0598,2024-11-13,Shipped
ORD02928,CUST0289,2023-05-13,Delivered
ORD02929,CUST0593,2024-12-23,Shipped
ORD02930,CUST0664,2023-05-24,Delivered
ORD02931,CUST0573,2023-08-25,Processing
ORD02932,CUST0573,2023-01-26,Delivered
ORD02933,CUST0354,2024-07-28,Shipped
ORD02934,CUST0028,2023-05-05,Delivered
ORD02935,CUST0954,2024-02-21,Shipped
ORD02936,CUST0043,2023-12-08,Cancelled
ORD02937,CUST0681,2023-11-21,Delivered
ORD02938,CUST0423,2023-11-06,Processing
ORD02939,CUST0598,2024-07-05,Delivered
ORD02940,CUST0177,2024-05-20,Delivered
ORD02941,CUST0529,2024-01-23,Delivered
ORD02942,CUST0610,2024-04-20,Delivered
ORD02943,CUST0966,2023-12-19,Shipped
ORD02944,CUST0494,2024-02-01,Shipped
ORD02945,CUST0198,2023-11-10,Delivered
ORD02946,CUST0610,2023-07-15,Delivered
ORD02947,CUST0577,2024-03-10,Processing
ORD02948,CUST0842,2023-02-19,Cancelled
ORD02949,CUST0853,2024-06-03,Delivered
ORD02950,CUST0517,2023-10-15,Cancelled
ORD02951,CUST0514,2024-12-09,Delivered
ORD02952,CUST0022,2024-09-05,Delivered
ORD02953,CUST0112,2023-12-16,Processing
ORD02954,CUST0057,2023-06-10,Delivered
ORD02955,CUST0066,2024-06-20,Delivered
ORD02956,CUST0842,2023-07-17,Delivered
ORD02957,CUST0098,2024-06-22,Processing
ORD02958,CUST0144,2024-08-09,Processing
ORD02959,CUST0880,2023-09-21,Delivered
ORD02960,CUST0435,2023-10-08,Delivered
ORD02961,CUST0637,2023-03-04,Delivered
ORD02962,CUST0679,2024-06-19,Delivered
ORD02963,CUST0086,2024-11-08,Delivered
ORD02964,CUST0588,2024-12-22,Processing
ORD02965,CUST0344,2023-05-15,Delivered
ORD02966,CUST0936,2024-02-06,Delivered
ORD02967,CUST0294,2023-12-13,Delivered
ORD02968,CUST0956,2024-04-11,Delivered
ORD02969,CUST0571,2023-05-20,Cancelled
ORD02970,CUST0650,2024-04-24,Delivered
ORD02971,CUST0611,2024-02-15,Delivered
ORD02972,CUST0704,2023-08-16,Delivered
ORD02973,CUST0243,2023-09-11,Delivered
ORD02974,CUST0831,2023-12-25,Delivered
ORD02975,CUST0561,2024-02-26,Delivered
ORD02976,CUST0960,2024-11-16,Delivered
ORD02977,CUST0032,2023-01-28,Delivered
ORD02978,CUST0391,2023-12-22,Delivered
ORD02979,CUST0277,2024-04-21,Delivered
ORD02980,CUST0532,2023-02-03,Returned
ORD02981,CUST0154,2024-06-10,Delivered
ORD02982,CUST0383,2024-12-17,Delivered
ORD02983,CUST0068,2023-10-09,Delivered
ORD02984,CUST0878,2023-11-03,Delivered
ORD02985,CUST0884,2024-05-25,Shipped
ORD02986,CUST0214,2024-03-12,Delivered
ORD02987,CUST0655,2024-07-18,Shipped
ORD02988,CUST0376,2023-12-14,Delivered
ORD02989,CUST0744,2024-12-19,Delivered
ORD02990,CUST0213,2024-11-18,Processing
ORD02991,CUST0079,2023-02-22,Delivered
ORD02992,CUST0726,2023-05-27,Delivered
ORD02993,CUST0628,2024-01-15,Delivered
ORD02994,CUST0604,2023-07-11,Shipped
ORD02995,CUST0782,2023-11-22,Delivered
ORD02996,CUST0923,2024-04-24,Processing
ORD02997,CUST0381,2023-12-27,Delivered
ORD02998,CUST0680,2023-09-21,Cancelled
ORD02999,CUST0058,2023-01-24,Delivered
ORD03000,CUST0796,2023-06-18,Shipped
ORD03001,CUST0026,2023-09-07,Delivered
ORD03002,CUST0881,2024-04-07,Cancelled
ORD03003,CUST0447,2023-06-12,Delivered
ORD03004,CUST0066,2023-05-10,Delivered
ORD03005,CUST0921,2023-10-21,Delivered
ORD03006,CUST0760,2024-06-12,Delivered
ORD03007,CUST0254,2024-11-14,Delivered
ORD03008,CUST0899,2024-02-06,Cancelled
ORD03009,CUST0968,2024-06-06,Returned
ORD03010,CUST0044,2023-08-13,Delivered
ORD03011,CUST0097,2024-11-23,Cancelled
ORD03012,CUST0554,2024-09-23,Delivered
ORD03013,CUST0227,2023-12-26,Delivered
ORD03014,CUST0774,2023-02-01,Shipped
ORD03015,CUST0679,2024-02-24,Shipped
ORD03016,CUST0436,2023-09-17,Returned
ORD03017,CUST0791,2023-10-28,Delivered
ORD03018,CUST0601,2024-04-25,Shipped
ORD03019,CUST0379,2024-08-04,Delivered
ORD03020,CUST0178,2023-11-04,Delivered
ORD03021,CUST0427,2024-12-15,Delivered
ORD03022,CUST0915,2024-12-21,Returned
ORD03023,CUST0709,2024-01-12,Processing
ORD03024,CUST0307,2023-08-09,Processing
ORD03025,CUST0779,2024-05-26,Delivered
ORD03026,CUST0504,2024-10-01,Delivered
ORD03027,CUST0268,2024-01-01,Delivered
ORD03028,CUST0586,2023-11-27,Delivered
ORD03029,CUST0008,2024-05-19,Delivered
ORD03030,CUST0920,2024-04-13,Shipped
ORD03031,CUST0508,2023-09-13,Delivered
ORD03032,CUST0476,2023-11-19,Delivered
ORD03033,CUST0297,2024-03-21,Delivered
ORD03034,CUST0164,2024-12-06,Delivered
ORD03035,CUST0485,2024-12-17,Delivered
ORD03036,CUST0597,2023-07-04,Cancelled
ORD03037,CUST0072,2023-08-21,Shipped
ORD03038,CUST0567,2024-11-21,Processing
ORD03039,CUST0905,2024-11-06,Delivered
ORD03040,CUST0559,2024-04-03,Delivered
ORD03041,CUST0911,2023-07-21,Delivered
ORD03042,CUST0944,2023-01-23,Cancelled
ORD03043,CUST0238,2023-08-01,Processing
ORD03044,CUST0104,2023-12-21,Delivered
ORD03045,CUST0210,2024-03-21,Delivered
ORD03046,CUST0554,2023-05-18,Delivered
ORD03047,CUST0828,2023-10-26,Shipped
ORD03048,CUST0468,2024-11-22,Cancelled
ORD03049,CUST0454,2023-05-05,Delivered
ORD03050,CUST0268,2023-09-19,Delivered
ORD03051,CUST0386,2023-02-20,Delivered
ORD03052,CUST0775,2023-02-10,Delivered
ORD03053,CUST0848,2024-12-03,Delivered
ORD03054,CUST0387,2023-07-12,Delivered
ORD03055,CUST0877,2023-06-16,Shipped
ORD03056,CUST0259,2023-06-16,Shipped
ORD03057,CUST0283,2023-04-14,Delivered
ORD03058,CUST0626,2024-12-21,Processing
ORD03059,CUST0875,2024-11-06,Delivered
ORD03060,CUST0040,2024-01-06,Delivered
ORD03061,CUST0486,2023-02-11,Delivered
ORD03062,CUST0929,2024-07-20,Delivered
ORD03063,CUST0220,2023-03-24,Delivered
ORD03064,CUST0129,2024-12-07,Delivered
ORD03065,CUST0520,2023-08-17,Delivered
ORD03066,CUST0613,2023-04-12,Returned
ORD03067,CUST0928,2023-12-01,Delivered
ORD03068,CUST0892,2024-03-03,Delivered
ORD03069,CUST0688,2023-04-16,Delivered
ORD03070,CUST0619,2023-12-12,Shipped
ORD03071,CUST0613,2024-07-26,Delivered
ORD03072,CUST0260,2024-07-13,Processing
ORD03073,CUST0990,2023-04-07,Delivered
ORD03074,CUST0966,2024-12-04,Delivered
ORD03075,CUST0366,2024-03-07,Delivered
ORD03076,CUST0758,2024-07-15,Delivered
ORD03077,CUST0787,2024-09-09,Delivered
ORD03078,CUST0544,2024-09-20,Delivered
ORD03079,CUST0649,2024-06-19,Delivered
ORD03080,CUST0524,2024-06-21,Delivered
ORD03081,CUST0907,2023-07-02,Delivered
ORD03082,CUST0814,2024-09-10,Returned
ORD03083,CUST0887,2024-06-04,Delivered
ORD03084,CUST0016,2023-11-14,Processing
ORD03085,CUST0129,2023-06-03,Processing
ORD03086,CUST0575,2023-09-12,Delivered
ORD03087,CUST0109,2023-11-04,Delivered
ORD03088,CUST0887,2023-05-01,Delivered
ORD03089,CUST0533,2024-04-19,Shipped
ORD03090,CUST0670,2024-12-18,Shipped
ORD03091,CUST0269,2023-06-20,Processing
ORD03092,CUST0162,2023-08-04,Cancelled
ORD03093,CUST0260,2024-10-26,Shipped
ORD03094,CUST0924,2023-08-21,Delivered
ORD03095,CUST0102,2024-10-14,Delivered
ORD03096,CUST0506,2024-11-07,Processing
ORD03097,CUST0735,2023-01-16,Delivered
ORD03098,CUST0571,2024-01-09,Delivered
ORD03099,CUST0247,2024-02-15,Shipped
ORD03100,CUST0640,2023-09-19,Delivered
ORD03101,CUST0795,2024-04-01,Cancelled
ORD03102,CUST0837,2024-01-26,Shipped
ORD03103,CUST0537,2023-12-10,Delivered
ORD03104,CUST0131,2023-11-13,Cancelled
ORD03105,CUST0353,2023-12-17,Delivered
ORD03106,CUST0196,2023-05-01,Delivered
ORD03107,CUST0793,2023-07-27,Delivered
ORD03108,CUST0916,2024-10-09,Delivered
ORD03109,CUST0930,2024-11-13,Delivered
ORD03110,CUST0666,2023-08-11,Delivered
ORD03111,CUST0382,2024-09-13,Delivered
ORD03112,CUST0645,2024-10-15,Delivered
ORD03113,CUST0227,2024-11-04,Processing
ORD03114,CUST0701,2024-12-04,Processing
ORD03115,CUST0476,2023-04-27,Delivered
ORD03116,CUST0477,2023-03-11,Delivered
ORD03117,CUST0265,2024-04-03,Delivered
ORD03118,CUST0372,2023-10-26,Delivered
ORD03119,CUST0486,2024-11-18,Processing
ORD03120,CUST0434,2023-12-28,Shipped
ORD03121,CUST0646,2023-04-26,Delivered
ORD03122,CUST0211,2023-02-10,Delivered
ORD03123,CUST0572,2023-04-23,Delivered
ORD03124,CUST0940,2024-04-06,Shipped
ORD03125,CUST0377,2023-09-04,Delivered
ORD03126,CUST0395,2023-05-05,Returned
ORD03127,CUST0450,2024-09-22,Processing
ORD03128,CUST0943,2023-08-08,Delivered
ORD03129,CUST0364,2024-10-09,Delivered
ORD03130,CUST0876,2024-11-16,Cancelled
ORD03131,CUST0457,2023-02-25,Delivered
ORD03132,CUST0725,2024-10-12,Delivered
ORD03133,CUST0728,2023-09-24,Delivered
ORD03134,CUST0226,2023-10-03,Processing
ORD03135,CUST0982,2024-02-01,Shipped
ORD03136,CUST0131,2023-07-13,Shipped
ORD03137,CUST0588,2023-07-11,Processing
ORD03138,CUST0476,2023-11-25,Cancelled
ORD03139,CUST0798,2024-11-10,Cancelled
ORD03140,CUST0986,2024-09-28,Delivered
ORD03141,CUST0277,2023-12-08,Delivered
ORD03142,CUST0156,2024-06-15,Shipped
ORD03143,CUST0760,2023-11-07,Shipped
ORD03144,CUST0218,2023-05-06,Delivered
ORD03145,CUST0190,2024-12-19,Delivered
ORD03146,CUST0417,2023-03-04,Processing
ORD03147,CUST0981,2023-04-15,Shipped
ORD03148,CUST0675,2023-04-16,Delivered
ORD03149,CUST0692,2024-06-04,Delivered
ORD03150,CUST0546,2023-06-07,Delivered
ORD03151,CUST0041,2023-06-14,Delivered
ORD03152,CUST0307,2024-01-09,Delivered
ORD03153,CUST0943,2024-02-21,Delivered
ORD03154,CUST0338,2024-10-14,Delivered
ORD03155,CUST0314,2023-05-13,Delivered
ORD03156,CUST0075,2023-09-17,Shipped
ORD03157,CUST0953,2024-08-04,Processing
ORD03158,CUST0279,2023-09-04,Delivered
ORD03159,CUST0176,2023-02-02,Delivered
ORD03160,CUST0896,2024-04-18,Processing
ORD03161,CUST0662,2023-05-20,Delivered
ORD03162,CUST0273,2024-06-04,Returned
ORD03163,CUST0837,2023-10-23,Processing
ORD03164,CUST0620,2024-07-06,Delivered
ORD03165,CUST0651,2023-05-10,Returned
ORD03166,CUST0862,2024-10-04,Delivered
ORD03167,CUST0783,2023-08-23,Delivered
ORD03168,CUST0859,2024-10-28,Shipped
ORD03169,CUST0931,2023-03-22,Delivered
ORD03170,CUST0289,2023-03-11,Cancelled
ORD03171,CUST0724,2024-03-01,Delivered
ORD03172,CUST0893,2024-06-01,Delivered
ORD03173,CUST0272,2023-12-03,Delivered
ORD03174,CUST0930,2023-10-28,Shipped
ORD03175,CUST0066,2023-09-16,Delivered
ORD03176,CUST0483,2023-07-08,Delivered
ORD03177,CUST0936,2024-02-27,Processing
ORD03178,CUST0248,2023-08-10,Delivered
ORD03179,CUST0156,2023-08-06,Processing
ORD03180,CUST0047,2023-11-04,Delivered
ORD03181,CUST0935,2024-11-11,Shipped
ORD03182,CUST0454,2024-07-12,Shipped
ORD03183,CUST0201,2024-10-09,Delivered
ORD03184,CUST0660,2024-07-27,Delivered
ORD03185,CUST0124,2024-05-11,Processing
ORD03186,CUST0001,2024-02-22,Delivered
ORD03187,CUST0968,2023-03-14,Returned
ORD03188,CUST0759,2023-09-05,Delivered
ORD03189,CUST0855,2024-07-08,Delivered
ORD03190,CUST0640,2024-06-24,Delivered
ORD03191,CUST0191,2023-04-13,Cancelled
ORD03192,CUST0579,2023-12-21,Delivered
ORD03193,CUST0516,2024-12-17,Processing
ORD03194,CUST0442,2023-04-22,Cancelled
ORD03195,CUST0921,2024-12-13,Delivered
ORD03196,CUST0815,2024-12-09,Delivered
ORD03197,CUST0806,2024-04-19,Shipped
ORD03198,CUST0143,2024-11-04,Delivered
ORD03199,CUST0191,2024-11-19,Processing
ORD03200,CUST0533,2024-05-01,Delivered
ORD03201,CUST0227,2024-12-05,Delivered
ORD03202,CUST0313,2024-10-17,Processing
ORD03203,CUST0629,2024-09-22,Delivered
ORD03204,CUST0949,2023-05-10,Delivered
ORD03205,CUST0302,2023-11-01,Delivered
ORD03206,CUST0654,2024-01-10,Delivered
ORD03207,CUST0996,2023-01-10,Delivered
ORD03208,CUST0460,2023-07-22,Processing
ORD03209,CUST0401,2023-01-05,Delivered
ORD03210,CUST0551,2024-12-26,Delivered
ORD03211,CUST0393,2023-12-23,Shipped
ORD03212,CUST0867,2024-03-24,Delivered
ORD03213,CUST0764,2023-07-03,Delivered
ORD03214,CUST0845,2024-04-16,Cancelled
ORD03215,CUST0207,2024-04-22,Shipped
ORD03216,CUST0210,2024-06-04,Delivered
ORD03217,CUST0115,2024-12-20,Shipped
ORD03218,CUST0737,2024-03-14,Delivered
ORD03219,CUST0646,2024-11-05,Delivered
ORD03220,CUST0251,2023-04-14,Delivered
ORD03221,CUST0219,2023-05-03,Delivered
ORD03222,CUST0407,2024-08-21,Delivered
ORD03223,CUST0443,2024-08-13,Delivered
ORD03224,CUST0603,2024-02-17,Delivered
ORD03225,CUST0354,2024-10-17,Cancelled
ORD03226,CUST0888,2024-07-14,Delivered
ORD03227,CUST0558,2024-06-14,Delivered
ORD03228,CUST0550,2024-01-18,Delivered
ORD03229,CUST0142,2023-12-14,Delivered
ORD03230,CUST0612,2023-11-20,Shipped
ORD03231,CUST0501,2024-11-19,Delivered
ORD03232,CUST0840,2024-03-18,Delivered
ORD03233,CUST0702,2024-01-28,Delivered
ORD03234,CUST0547,2024-03-22,Shipped
ORD03235,CUST0659,2023-07-25,Delivered
ORD03236,CUST0542,2024-11-03,Delivered
ORD03237,CUST0846,2023-05-21,Delivered
ORD03238,CUST0507,2023-05-04,Delivered
ORD03239,CUST0596,2024-08-23,Delivered
ORD03240,CUST0881,2024-11-04,Shipped
ORD03241,CUST0281,2023-10-17,Shipped
ORD03242,CUST0424,2023-08-16,Processing
ORD03243,CUST0856,2023-04-22,Delivered
ORD03244,CUST0270,2023-05-10,Delivered
ORD03245,CUST0154,2023-11-20,Delivered
ORD03246,CUST0614,2023-02-01,Returned
ORD03247,CUST0727,2023-09-04,Delivered
ORD03248,CUST0662,2023-04-04,Shipped
ORD03249,CUST0944,2024-01-17,Delivered
ORD03250,CUST0083,2024-06-04,Delivered
ORD03251,CUST0622,2024-06-06,Delivered
ORD03252,CUST0947,2023-11-18,Delivered
ORD03253,CUST0899,2024-11-22,Cancelled
ORD03254,CUST0426,2024-11-20,Returned
ORD03255,CUST0275,2023-07-21,Delivered
ORD03256,CUST0713,2023-03-27,Delivered
ORD03257,CUST0284,2023-03-24,Cancelled
ORD03258,CUST0980,2023-07-10,Shipped
ORD03259,CUST0173,2024-10-19,Delivered
ORD03260,CUST0327,2024-06-09,Delivered
ORD03261,CUST0718,2024-06-26,Delivered
ORD03262,CUST0063,2023-07-27,Delivered
ORD03263,CUST0073,2024-03-10,Delivered
ORD03264,CUST0763,2024-03-13,Delivered
ORD03265,CUST0636,2023-09-02,Delivered
ORD03266,CUST0375,2024-01-12,Delivered
ORD03267,CUST0633,2023-07-24,Delivered
ORD03268,CUST0508,2024-05-06,Processing
ORD03269,CUST0787,2024-08-28,Shipped
ORD03270,CUST0943,2023-05-23,Delivered
ORD03271,CUST0398,2024-08-06,Cancelled
ORD03272,CUST0120,2023-06-24,Cancelled
ORD03273,CUST0934,2024-07-28,Delivered
ORD03274,CUST0437,2023-05-25,Delivered
ORD03275,CUST0829,2024-12-03,Shipped
ORD03276,CUST0676,2024-06-16,Processing
ORD03277,CUST0936,2023-08-17,Returned
ORD03278,CUST0465,2024-03-11,Cancelled
ORD03279,CUST0286,2024-09-27,Delivered
ORD03280,CUST0265,2024-02-01,Delivered
ORD03281,CUST0320,2023-04-22,Delivered
ORD03282,CUST0673,2023-07-22,Delivered
ORD03283,CUST0376,2024-05-08,Delivered
ORD03284,CUST0820,2023-02-06,Shipped
ORD03285,CUST0089,2024-11-14,Delivered
ORD03286,CUST0654,2023-02-09,Shipped
ORD03287,CUST0203,2023-01-24,Delivered
ORD03288,CUST0821,2023-07-12,Delivered
ORD03289,CUST0739,2023-12-11,Delivered
ORD03290,CUST0955,2023-10-13,Delivered
ORD03291,CUST0334,2023-12-19,Shipped
ORD03292,CUST0222,2023-04-16,Shipped
ORD03293,CUST0041,2024-10-08,Returned
ORD03294,CUST0708,2023-10-14,Delivered
ORD03295,CUST0068,2023-02-01,Delivered
ORD03296,CUST0988,2023-04-26,Delivered
ORD03297,CUST0776,2023-12-12,Delivered
ORD03298,CUST0514,2024-08-28,Processing
ORD03299,CUST0873,2023-05-22,Shipped
ORD03300,CUST0637,2024-04-07,Cancelled
ORD03301,CUST0622,2024-08-12,Delivered
ORD03302,CUST0598,2023-11-15,Cancelled
ORD03303,CUST0937,2024-09-28,Delivered
ORD03304,CUST0632,2023-08-05,Cancelled
ORD03305,CUST0127,2024-02-16,Delivered
ORD03306,CUST0255,2023-01-18,Delivered
ORD03307,CUST0695,2024-01-27,Delivered
ORD03308,CUST0016,2024-12-09,Cancelled
ORD03309,CUST0477,2024-10-03,Delivered
ORD03310,CUST0062,2023-12-03,Delivered
ORD03311,CUST0881,2023-11-20,Processing
ORD03312,CUST0432,2024-06-02,Delivered
ORD03313,CUST0670,2023-09-09,Delivered
ORD03314,CUST0268,2023-01-14,Delivered
ORD03315,CUST0035,2024-04-25,Delivered
ORD03316,CUST0779,2023-03-18,Cancelled
ORD03317,CUST0576,2024-12-22,Shipped
ORD03318,CUST0494,2023-04-03,Delivered
ORD03319,CUST0562,2023-05-03,Returned
ORD03320,CUST0469,2024-09-20,Delivered
ORD03321,CUST0767,2023-12-16,Delivered
ORD03322,CUST0661,2023-05-02,Delivered
ORD03323,CUST0325,2023-01-17,Delivered
ORD03324,CUST0304,2023-09-14,Delivered
ORD03325,CUST0276,2024-05-28,Cancelled
ORD03326,CUST0869,2023-01-02,Shipped
ORD03327,CUST0963,2023-11-26,Delivered
ORD03328,CUST0684,2023-08-28,Delivered
ORD03329,CUST0929,2024-10-24,Shipped
ORD03330,CUST0201,2023-08-02,Cancelled
ORD03331,CUST0445,2024-11-23,Cancelled
ORD03332,CUST0905,2023-06-14,Delivered
ORD03333,CUST0324,2023-02-04,Processing
ORD03334,CUST0035,2024-06-11,Delivered
ORD03335,CUST0977,2024-12-08,Delivered
ORD03336,CUST0482,2023-02-01,Delivered
ORD03337,CUST0728,2023-06-25,Delivered
ORD03338,CUST0480,2023-12-01,Delivered
ORD03339,CUST0065,2023-11-03,Delivered
ORD03340,CUST0008,2023-03-06,Delivered
ORD03341,CUST0301,2024-01-12,Shipped
ORD03342,CUST0343,2023-12-05,Delivered
ORD03343,CUST0431,2024-07-04,Delivered
ORD03344,CUST0424,2023-02-18,Delivered
ORD03345,CUST0332,2023-07-24,Returned
ORD03346,CUST0438,2024-12-28,Delivered
ORD03347,CUST0588,2023-07-10,Delivered
ORD03348,CUST0174,2024-11-10,Delivered
ORD03349,CUST0559,2023-08-09,Processing
ORD03350,CUST0527,2024-10-17,Returned
ORD03351,CUST0873,2023-01-14,Delivered
ORD03352,CUST0659,2024-05-07,Delivered
ORD03353,CUST0026,2023-11-17,Cancelled
ORD03354,CUST0820,2023-05-18,Delivered
ORD03355,CUST0605,2023-03-24,Delivered
ORD03356,CUST0406,2023-01-08,Delivered
ORD03357,CUST0232,2024-09-15,Delivered
ORD03358,CUST0533,2023-01-27,Delivered
ORD03359,CUST0819,2023-05-19,Delivered
ORD03360,CUST0550,2024-05-03,Shipped
ORD03361,CUST0788,2023-05-20,Cancelled
ORD03362,CUST0505,2024-07-28,Delivered
ORD03363,CUST0669,2024-06-02,Processing
ORD03364,CUST0179,2023-04-06,Delivered
ORD03365,CUST0132,2024-08-22,Delivered
ORD03366,CUST0823,2024-01-25,Delivered
ORD03367,CUST0455,2024-12-20,Cancelled
ORD03368,CUST0348,2024-12-09,Shipped
ORD03369,CUST0540,2023-11-11,Shipped
ORD03370,CUST0772,2024-11-26,Processing
ORD03371,CUST0406,2023-11-18,Shipped
ORD03372,CUST0076,2024-12-22,Returned
ORD03373,CUST0941,2024-11-18,Shipped
ORD03374,CUST0579,2024-06-24,Cancelled
ORD03375,CUST0854,2024-03-13,Delivered
ORD03376,CUST0492,2024-10-08,Delivered
ORD03377,CUST0194,2023-12-09,Delivered
ORD03378,CUST0984,2024-02-08,Delivered
ORD03379,CUST0162,2024-05-13,Delivered
ORD03380,CUST0347,2023-09-12,Delivered
ORD03381,CUST0951,2024-09-26,Shipped
ORD03382,CUST0361,2023-03-19,Delivered
ORD03383,CUST0769,2024-11-28,Delivered
ORD03384,CUST0584,2023-07-01,Delivered
ORD03385,CUST0087,2024-01-02,Cancelled
ORD03386,CUST0934,2024-07-28,Delivered
ORD03387,CUST0262,2023-06-19,Delivered
ORD03388,CUST0214,2023-05-20,Shipped
ORD03389,CUST0665,2024-12-15,Delivered
ORD03390,CUST0722,2023-04-26,Delivered
ORD03391,CUST0913,2024-04-16,Delivered
ORD03392,CUST0573,2023-04-06,Delivered
ORD03393,CUST0780,2023-12-21,Returned
ORD03394,CUST0262,2023-04-21,Delivered
ORD03395,CUST0730,2023-03-17,Delivered
ORD03396,CUST0283,2024-08-02,Delivered
ORD03397,CUST0648,2023-02-23,Delivered
ORD03398,CUST0467,2024-12-01,Processing
ORD03399,CUST0380,2024-08-02,Delivered
ORD03400,CUST0362,2023-05-03,Delivered
ORD03401,CUST0449,2024-02-03,Delivered
ORD03402,CUST0441,2023-04-19,Delivered
ORD03403,CUST0093,2024-11-22,Delivered
ORD03404,CUST0621,2024-02-14,Processing
ORD03405,CUST0753,2024-03-11,Processing
ORD03406,CUST0867,2024-05-14,Cancelled
ORD03407,CUST0424,2024-07-10,Processing
ORD03408,CUST0142,2023-03-02,Shipped
ORD03409,CUST0291,2024-12-19,Delivered
ORD03410,CUST0432,2023-02-07,Processing
ORD03411,CUST0749,2024-08-25,Processing
ORD03412,CUST0852,2024-12-13,Processing
ORD03413,CUST0824,2023-09-05,Delivered
ORD03414,CUST0689,2024-11-21,Delivered
ORD03415,CUST0653,2023-12-08,Processing
ORD03416,CUST0701,2024-08-04,Shipped
ORD03417,CUST0998,2023-09-22,Returned
ORD03418,CUST0049,2024-05-07,Delivered
ORD03419,CUST0302,2024-12-11,Delivered
ORD03420,CUST0881,2023-11-12,Delivered
ORD03421,CUST0190,2023-07-24,Processing
ORD03422,CUST0136,2023-10-15,Delivered
ORD03423,CUST0555,2024-06-12,Delivered
ORD03424,CUST0404,2023-12-21,Returned
ORD03425,CUST0892,2024-09-15,Delivered
ORD03426,CUST0865,2024-04-27,Processing
ORD03427,CUST0602,2023-12-08,Delivered
ORD03428,CUST0807,2024-10-22,Processing
ORD03429,CUST0341,2023-09-26,Delivered
ORD03430,CUST0757,2024-05-04,Cancelled
ORD03431,CUST0945,2023-06-17,Cancelled
ORD03432,CUST0704,2023-08-21,Delivered
ORD03433,CUST0318,2023-12-15,Delivered
ORD03434,CUST0618,2023-03-14,Delivered
ORD03435,CUST0363,2024-11-23,Shipped
ORD03436,CUST0822,2024-10-05,Cancelled
ORD03437,CUST0382,2023-11-01,Delivered
ORD03438,CUST0233,2023-12-05,Delivered
ORD03439,CUST0777,2024-12-12,Delivered
ORD03440,CUST0344,2023-06-18,Processing
ORD03441,CUST0549,2023-10-04,Returned
ORD03442,CUST0817,2024-12-11,Delivered
ORD03443,CUST0553,2023-12-02,Delivered
ORD03444,CUST0529,2023-10-12,Delivered
ORD03445,CUST0856,2024-12-21,Delivered
ORD03446,CUST0789,2024-10-14,Delivered
ORD03447,CUST0819,2024-11-23,Delivered
ORD03448,CUST0571,2023-10-24,Delivered
ORD03449,CUST0935,2023-03-01,Delivered
ORD03450,CUST0183,2024-10-15,Delivered
ORD03451,CUST0041,2024-05-06,Delivered
ORD03452,CUST0551,2024-12-04,Delivered
ORD03453,CUST0397,2023-05-11,Shipped
ORD03454,CUST0704,2023-08-17,Shipped
ORD03455,CUST0779,2024-05-13,Delivered
ORD03456,CUST0494,2024-11-05,Delivered
ORD03457,CUST0659,2023-11-24,Shipped
ORD03458,CUST0907,2023-07-09,Cancelled
ORD03459,CUST0333,2024-02-10,Delivered
ORD03460,CUST0127,2023-02-09,Delivered
ORD03461,CUST0558,2024-07-06,Delivered
ORD03462,CUST0557,2024-12-09,Delivered
ORD03463,CUST0001,2023-12-22,Delivered
ORD03464,CUST0168,2024-03-07,Delivered
ORD03465,CUST0620,2023-01-02,Shipped
ORD03466,CUST0019,2023-01-27,Delivered
ORD03467,CUST0332,2023-06-10,Delivered
ORD03468,CUST0584,2024-10-17,Delivered
ORD03469,CUST0456,2023-11-10,Delivered
ORD03470,CUST0957,2023-10-28,Delivered
ORD03471,CUST0109,2023-07-14,Delivered
ORD03472,CUST0268,2024-04-28,Cancelled
ORD03473,CUST0445,2023-12-24,Delivered
ORD03474,CUST0240,2023-12-26,Shipped
ORD03475,CUST0929,2023-10-08,Cancelled
ORD03476,CUST0301,2023-05-17,Delivered
ORD03477,CUST0602,2024-05-21,Delivered
ORD03478,CUST0103,2023-10-11,Delivered
ORD03479,CUST0988,2023-07-23,Cancelled
ORD03480,CUST0250,2024-04-18,Cancelled
ORD03481,CUST0453,2023-12-21,Shipped
ORD03482,CUST0520,2023-04-19,Delivered
ORD03483,CUST0153,2024-12-08,Shipped
ORD03484,CUST0859,2023-04-05,Delivered
ORD03485,CUST0174,2024-11-24,Delivered
ORD03486,CUST0343,2024-05-07,Delivered
ORD03487,CUST0670,2023-12-28,Delivered
ORD03488,CUST0431,2023-01-03,Processing
ORD03489,CUST0727,2024-08-07,Delivered
ORD03490,CUST0689,2023-01-23,Delivered
ORD03491,CUST0687,2024-09-21,Delivered
ORD03492,CUST0852,2023-09-16,Processing
ORD03493,CUST0850,2023-12-27,Shipped
ORD03494,CUST0658,2023-12-22,Delivered
ORD03495,CUST0962,2024-07-21,Delivered
ORD03496,CUST0324,2024-09-18,Delivered
ORD03497,CUST0990,2024-05-08,Cancelled
ORD03498,CUST0673,2023-12-25,Delivered
ORD03499,CUST0639,2024-06-15,Delivered
ORD03500,CUST0420,2024-04-14,Delivered
ORD03501,CUST0594,2023-03-11,Delivered
ORD03502,CUST0485,2023-05-13,Processing
ORD03503,CUST0659,2023-11-16,Delivered
ORD03504,CUST0751,2024-09-22,Delivered
ORD03505,CUST0412,2023-01-09,Delivered
ORD03506,CUST0936,2023-12-26,Delivered
ORD03507,CUST0084,2024-02-25,Cancelled
ORD03508,CUST0113,2024-04-11,Delivered
ORD03509,CUST0737,2024-06-15,Processing
ORD03510,CUST0332,2024-06-02,Shipped
ORD03511,CUST0378,2024-07-08,Delivered
ORD03512,CUST0755,2024-09-02,Delivered
ORD03513,CUST0655,2024-07-08,Delivered
ORD03514,CUST0041,2023-08-25,Shipped
ORD03515,CUST0935,2023-12-20,Delivered
ORD03516,CUST0770,2024-03-18,Delivered
ORD03517,CUST0959,2023-12-01,Delivered
ORD03518,CUST0797,2024-02-23,Shipped
ORD03519,CUST0105,2024-12-25,Delivered
ORD03520,CUST0202,2023-09-17,Delivered
ORD03521,CUST0450,2023-06-07,Delivered
ORD03522,CUST0819,2023-11-13,Delivered
ORD03523,CUST0843,2023-05-06,Processing
ORD03524,CUST0973,2024-05-07,Delivered
ORD03525,CUST0266,2023-12-02,Processing
ORD03526,CUST0910,2023-11-17,Shipped
ORD03527,CUST0210,2023-08-26,Delivered
ORD03528,CUST0563,2024-01-10,Shipped
ORD03529,CUST0118,2024-01-21,Delivered
ORD03530,CUST0713,2023-01-24,Delivered
ORD03531,CUST0377,2023-11-13,Shipped
ORD03532,CUST0551,2024-03-24,Delivered
ORD03533,CUST0540,2024-11-03,Shipped
ORD03534,CUST0771,2023-08-23,Delivered
ORD03535,CUST0084,2024-01-24,Cancelled
ORD03536,CUST0454,2023-02-19,Delivered
ORD03537,CUST0667,2024-04-20,Delivered
ORD03538,CUST0629,2024-11-14,Delivered
ORD03539,CUST0514,2023-05-15,Shipped
ORD03540,CUST0605,2023-02-21,Processing
ORD03541,CUST0678,2024-06-14,Delivered
ORD03542,CUST0387,2023-04-14,Cancelled
ORD03543,CUST0912,2024-07-23,Delivered
ORD03544,CUST0350,2023-06-16,Delivered
ORD03545,CUST0296,2024-12-25,Cancelled
ORD03546,CUST0258,2023-07-19,Cancelled
ORD03547,CUST0081,2023-06-08,Shipped
ORD03548,CUST0937,2024-06-19,Processing
ORD03549,CUST0268,2023-09-11,Delivered
ORD03550,CUST0419,2023-11-03,Processing
ORD03551,CUST0235,2023-08-07,Delivered
ORD03552,CUST0833,2024-09-03,Delivered
ORD03553,CUST0311,2023-06-27,Delivered
ORD03554,CUST0813,2024-08-27,Delivered
ORD03555,CUST0975,2023-01-16,Delivered
ORD03556,CUST0986,2024-06-24,Delivered
ORD03557,CUST0357,2024-11-02,Delivered
ORD03558,CUST0213,2024-10-20,Delivered
ORD03559,CUST0574,2024-12-09,Delivered
ORD03560,CUST0049,2023-11-26,Delivered
ORD03561,CUST0127,2024-08-11,Delivered
ORD03562,CUST0223,2023-05-23,Shipped
ORD03563,CUST0921,2024-08-28,Cancelled
ORD03564,CUST0279,2023-12-14,Shipped
ORD03565,CUST0408,2023-06-25,Delivered
ORD03566,CUST0505,2023-03-24,Shipped
ORD03567,CUST0294,2023-03-15,Delivered
ORD03568,CUST0796,2023-01-14,Delivered
ORD03569,CUST0277,2024-03-26,Delivered
ORD03570,CUST0438,2024-03-28,Processing
ORD03571,CUST0107,2024-06-10,Delivered
ORD03572,CUST0658,2023-07-10,Delivered
ORD03573,CUST0420,2024-08-20,Delivered
ORD03574,CUST0611,2024-08-06,Processing
ORD03575,CUST0429,2023-05-22,Shipped
ORD03576,CUST0375,2023-11-23,Delivered
ORD03577,CUST0073,2024-08-09,Delivered
ORD03578,CUST0949,2024-07-11,Delivered
ORD03579,CUST0998,2023-03-23,Shipped
ORD03580,CUST0634,2024-01-14,Delivered
ORD03581,CUST0030,2023-03-03,Processing
ORD03582,CUST0188,2023-05-07,Delivered
ORD03583,CUST0364,2023-10-18,Shipped
ORD03584,CUST0866,2024-05-02,Delivered
ORD03585,CUST0800,2024-09-03,Delivered
ORD03586,CUST0451,2024-09-08,Delivered
ORD03587,CUST0195,2024-09-07,Delivered
ORD03588,CUST0156,2024-05-28,Delivered
ORD03589,CUST0172,2024-09-10,Processing
ORD03590,CUST0847,2024-09-13,Delivered
ORD03591,CUST0041,2024-08-21,Shipped
ORD03592,CUST0063,2023-02-05,Processing
ORD03593,CUST0023,2023-10-09,Delivered
ORD03594,CUST0360,2023-04-04,Shipped
ORD03595,CUST0075,2023-11-19,Shipped
ORD03596,CUST0560,2024-05-25,Delivered
ORD03597,CUST0672,2024-12-24,Processing
ORD03598,CUST0825,2024-04-01,Delivered
ORD03599,CUST0118,2023-12-03,Delivered
ORD03600,CUST0612,2023-03-16,Shipped
ORD03601,CUST0380,2023-05-02,Delivered
ORD03602,CUST0929,2023-08-15,Delivered
ORD03603,CUST0920,2024-10-11,Delivered
ORD03604,CUST0679,2024-08-04,Processing
ORD03605,CUST0290,2023-08-13,Cancelled
ORD03606,CUST0440,2024-10-12,Delivered
ORD03607,CUST0668,2024-11-11,Shipped
ORD03608,CUST0933,2023-12-27,Cancelled
ORD03609,CUST0007,2023-12-21,Delivered
ORD03610,CUST0196,2024-10-27,Delivered
ORD03611,CUST0421,2024-08-16,Shipped
ORD03612,CUST0568,2024-10-18,Processing
ORD03613,CUST0833,2024-09-06,Processing
ORD03614,CUST0193,2023-11-28,Delivered
ORD03615,CUST0559,2024-11-12,Delivered
ORD03616,CUST0148,2024-04-18,Delivered
ORD03617,CUST0787,2023-06-06,Delivered
ORD03618,CUST0669,2023-04-12,Delivered
ORD03619,CUST0202,2023-01-10,Processing
ORD03620,CUST0444,2024-02-12,Delivered
ORD03621,CUST0914,2024-08-01,Processing
ORD03622,CUST0988,2024-01-09,Delivered
ORD03623,CUST0419,2024-06-23,Delivered
ORD03624,CUST0427,2024-05-02,Delivered
ORD03625,CUST0479,2023-11-16,Delivered
ORD03626,CUST0475,2024-07-16,Delivered
ORD03627,CUST0126,2023-01-01,Returned
ORD03628,CUST0395,2023-10-06,Processing
ORD03629,CUST0817,2023-02-27,Delivered
ORD03630,CUST0881,2023-01-21,Delivered
ORD03631,CUST0806,2023-05-28,Cancelled
ORD03632,CUST0576,2024-12-07,Delivered
ORD03633,CUST0325,2023-05-22,Delivered
ORD03634,CUST0392,2024-12-06,Delivered
ORD03635,CUST0930,2024-08-22,Cancelled
ORD03636,CUST0688,2024-06-22,Delivered
ORD03637,CUST0628,2023-02-27,Delivered
ORD03638,CUST0440,2023-10-03,Cancelled
ORD03639,CUST0204,2023-07-09,Delivered
ORD03640,CUST0486,2023-10-14,Delivered
ORD03641,CUST0833,2023-09-27,Delivered
ORD03642,CUST0031,2023-05-18,Processing
ORD03643,CUST0388,2024-02-15,Delivered
ORD03644,CUST0625,2023-08-15,Returned
ORD03645,CUST0877,2023-02-03,Shipped
ORD03646,CUST0434,2023-10-06,Delivered
ORD03647,CUST0837,2024-09-01,Returned
ORD03648,CUST0926,2023-11-07,Delivered
ORD03649,CUST0376,2024-07-24,Delivered
ORD03650,CUST0344,2023-05-22,Delivered
ORD03651,CUST0443,2023-10-24,Delivered
ORD03652,CUST0579,2023-05-13,Delivered
ORD03653,CUST0075,2024-03-05,Delivered
ORD03654,CUST0557,2024-06-27,Delivered
ORD03655,CUST0772,2023-05-07,Processing
ORD03656,CUST0666,2023-12-09,Delivered
ORD03657,CUST0155,2024-04-16,Returned
ORD03658,CUST0430,2024-08-12,Delivered
ORD03659,CUST0363,2024-11-22,Delivered
ORD03660,CUST0448,2023-01-27,Delivered
ORD03661,CUST0987,2024-03-19,Delivered
ORD03662,CUST0234,2023-12-14,Delivered
ORD03663,CUST0563,2024-09-22,Processing
ORD03664,CUST0818,2024-04-23,Cancelled
ORD03665,CUST0262,2024-02-25,Returned
ORD03666,CUST0827,2023-04-15,Delivered
ORD03667,CUST0125,2024-01-04,Cancelled
ORD03668,CUST0911,2023-07-15,Delivered
ORD03669,CUST0245,2024-06-13,Delivered
ORD03670,CUST0542,2023-05-04,Cancelled
ORD03671,CUST0938,2024-11-01,Shipped
ORD03672,CUST0485,2023-06-11,Delivered
ORD03673,CUST0122,2024-09-04,Delivered
ORD03674,CUST0125,2023-12-10,Delivered
ORD03675,CUST0549,2023-07-06,Shipped
ORD03676,CUST0170,2023-07-20,Delivered
ORD03677,CUST0124,2024-09-23,Returned
ORD03678,CUST0869,2024-10-16,Delivered
ORD03679,CUST0035,2023-04-12,Delivered
ORD03680,CUST0087,2024-07-13,Delivered
ORD03681,CUST0646,2024-01-08,Delivered
ORD03682,CUST0708,2023-06-25,Delivered
ORD03683,CUST0786,2024-12-13,Shipped
ORD03684,CUST0201,2023-03-06,Cancelled
ORD03685,CUST0369,2024-12-23,Cancelled
ORD03686,CUST0797,2023-12-19,Processing
ORD03687,CUST0077,2023-03-11,Processing
ORD03688,CUST0059,2023-12-10,Delivered
ORD03689,CUST0431,2023-11-15,Processing
ORD03690,CUST0638,2024-03-01,Delivered
ORD03691,CUST0500,2023-04-06,Delivered
ORD03692,CUST0913,2024-05-06,Delivered
ORD03693,CUST0109,2023-11-14,Delivered
ORD03694,CUST0736,2023-10-05,Delivered
ORD03695,CUST0278,2024-01-06,Returned
ORD03696,CUST0068,2024-02-18,Delivered
ORD03697,CUST0069,2024-10-16,Delivered
ORD03698,CUST0165,2024-11-23,Delivered
ORD03699,CUST0489,2023-11-04,Delivered
ORD03700,CUST0305,2024-03-25,Delivered
ORD03701,CUST0909,2023-06-11,Delivered
ORD03702,CUST0674,2024-11-24,Delivered
ORD03703,CUST0365,2024-09-18,Delivered
ORD03704,CUST0854,2023-05-22,Processing
ORD03705,CUST0821,2023-04-20,Shipped
ORD03706,CUST0379,2023-11-12,Delivered
ORD03707,CUST0343,2024-05-27,Delivered
ORD03708,CUST0947,2023-09-25,Delivered
ORD03709,CUST0899,2024-12-21,Processing
ORD03710,CUST0554,2023-03-07,Delivered
ORD03711,CUST0354,2023-04-14,Delivered
ORD03712,CUST0416,2023-05-21,Processing
ORD03713,CUST0109,2023-06-10,Delivered
ORD03714,CUST0563,2024-06-27,Delivered
ORD03715,CUST0762,2024-01-14,Delivered
ORD03716,CUST0497,2023-03-22,Cancelled
ORD03717,CUST0341,2023-07-03,Processing
ORD03718,CUST0942,2024-10-04,Shipped
ORD03719,CUST0383,2024-11-01,Delivered
ORD03720,CUST0533,2023-05-19,Delivered
ORD03721,CUST0300,2024-10-01,Returned
ORD03722,CUST0139,2024-09-22,Returned
ORD03723,CUST0359,2024-06-02,Delivered
ORD03724,CUST0836,2024-06-24,Processing
ORD03725,CUST0499,2023-09-26,Delivered
ORD03726,CUST0385,2024-08-25,Delivered
ORD03727,CUST0604,2024-10-28,Shipped
ORD03728,CUST0959,2024-02-06,Delivered
ORD03729,CUST0280,2024-08-13,Cancelled
ORD03730,CUST0637,2023-03-11,Delivered
ORD03731,CUST0483,2024-04-27,Delivered
ORD03732,CUST0909,2024-07-15,Cancelled
ORD03733,CUST0111,2024-01-28,Cancelled
ORD03734,CUST0866,2024-07-02,Delivered
ORD03735,CUST0139,2024-04-11,Delivered
ORD03736,CUST0996,2024-11-01,Delivered
ORD03737,CUST0435,2024-03-12,Delivered
ORD03738,CUST0509,2024-01-11,Returned
ORD03739,CUST0273,2024-09-20,Cancelled
ORD03740,CUST0099,2023-06-02,Delivered
ORD03741,CUST0764,2024-04-03,Delivered
ORD03742,CUST0850,2023-03-05,Delivered
ORD03743,CUST0104,2024-07-09,Cancelled
ORD03744,CUST0214,2024-12-23,Delivered
ORD03745,CUST0761,2023-12-27,Delivered
ORD03746,CUST0664,2024-01-11,Delivered
ORD03747,CUST0762,2024-01-20,Delivered
ORD03748,CUST0787,2023-06-24,Delivered
ORD03749,CUST0165,2023-05-21,Delivered
ORD03750,CUST0999,2024-06-01,Cancelled
ORD03751,CUST0853,2023-12-09,Cancelled
ORD03752,CUST0520,2023-11-14,Processing
ORD03753,CUST0284,2023-11-19,Delivered
ORD03754,CUST0517,2024-12-20,Delivered
ORD03755,CUST0657,2023-10-02,Shipped
ORD03756,CUST0613,2024-08-07,Delivered
ORD03757,CUST0164,2024-05-23,Cancelled
ORD03758,CUST0886,2023-05-22,Shipped
ORD03759,CUST0659,2023-09-06,Delivered
ORD03760,CUST0064,2024-05-14,Cancelled
ORD03761,CUST0091,2023-01-14,Cancelled
ORD03762,CUST0117,2023-05-15,Delivered
ORD03763,CUST0866,2024-02-08,Delivered
ORD03764,CUST0267,2023-10-08,Delivered
ORD03765,CUST0822,2023-09-24,Delivered
ORD03766,CUST0685,2024-09-21,Delivered
ORD03767,CUST0559,2024-08-16,Delivered
ORD03768,CUST0140,2023-05-11,Cancelled
ORD03769,CUST0246,2024-11-05,Delivered
ORD03770,CUST0661,2024-11-16,Delivered
ORD03771,CUST0758,2023-08-06,Shipped
ORD03772,CUST0395,2024-04-02,Delivered
ORD03773,CUST0487,2023-09-18,Processing
ORD03774,CUST0476,2024-02-24,Delivered
ORD03775,CUST0517,2024-05-25,Delivered
ORD03776,CUST0977,2024-07-15,Delivered
ORD03777,CUST0184,2023-03-19,Shipped
ORD03778,CUST0020,2023-09-19,Delivered
ORD03779,CUST0937,2024-06-25,Shipped
ORD03780,CUST0558,2023-11-10,Delivered
ORD03781,CUST0524,2024-12-13,Delivered
ORD03782,CUST0582,2023-06-28,Delivered
ORD03783,CUST0529,2023-02-07,Cancelled
ORD03784,CUST0883,2023-12-19,Cancelled
ORD03785,CUST0147,2024-03-06,Delivered
ORD03786,CUST0666,2024-08-12,Delivered
ORD03787,CUST0304,2023-06-20,Delivered
ORD03788,CUST0620,2024-05-12,Delivered
ORD03789,CUST0748,2023-10-22,Delivered
ORD03790,CUST0820,2024-08-18,Cancelled
ORD03791,CUST0864,2024-04-13,Cancelled
ORD03792,CUST0582,2024-11-10,Delivered
ORD03793,CUST0695,2024-03-28,Delivered
ORD03794,CUST0762,2023-06-01,Cancelled
ORD03795,CUST0228,2024-11-21,Processing
ORD03796,CUST0102,2023-10-04,Delivered
ORD03797,CUST0587,2024-09-14,Delivered
ORD03798,CUST0417,2024-06-21,Delivered
ORD03799,CUST0958,2023-09-05,Delivered
ORD03800,CUST0216,2023-09-24,Delivered
ORD03801,CUST0407,2024-12-11,Delivered
ORD03802,CUST0399,2023-03-21,Shipped
ORD03803,CUST0923,2024-10-12,Delivered
ORD03804,CUST0715,2023-10-26,Delivered
ORD03805,CUST0704,2024-08-28,Delivered
ORD03806,CUST0761,2023-11-06,Processing
ORD03807,CUST0499,2024-06-28,Processing
ORD03808,CUST0754,2023-03-23,Delivered
ORD03809,CUST0465,2023-05-10,Delivered
ORD03810,CUST0691,2023-12-07,Returned
ORD03811,CUST0949,2024-07-22,Delivered
ORD03812,CUST0974,2024-12-26,Delivered
ORD03813,CUST0731,2023-12-17,Delivered
ORD03814,CUST0082,2023-11-27,Delivered
ORD03815,CUST0604,2024-12-06,Delivered
ORD03816,CUST0947,2023-07-03,Cancelled
ORD03817,CUST0687,2023-10-22,Delivered
ORD03818,CUST0751,2024-11-16,Delivered
ORD03819,CUST0772,2024-02-14,Cancelled
ORD03820,CUST0903,2024-12-18,Delivered
ORD03821,CUST0365,2023-10-20,Delivered
ORD03822,CUST0163,2023-07-27,Delivered
ORD03823,CUST0048,2023-05-13,Delivered
ORD03824,CUST0511,2023-06-23,Delivered
ORD03825,CUST0329,2024-06-04,Delivered
ORD03826,CUST0840,2023-03-09,Shipped
ORD03827,CUST0116,2023-10-12,Shipped
ORD03828,CUST0941,2024-09-05,Shipped
ORD03829,CUST0849,2023-11-07,Delivered
ORD03830,CUST0337,2024-02-21,Delivered
ORD03831,CUST0881,2023-07-23,Delivered
ORD03832,CUST0737,2024-11-25,Delivered
ORD03833,CUST0864,2024-05-23,Cancelled
ORD03834,CUST0840,2024-05-15,Delivered
ORD03835,CUST0147,2024-08-20,Delivered
ORD03836,CUST0575,2023-11-05,Shipped
ORD03837,CUST0806,2024-01-12,Delivered
ORD03838,CUST0323,2024-10-10,Delivered
ORD03839,CUST0443,2023-08-10,Processing
ORD03840,CUST0837,2024-10-22,Processing
ORD03841,CUST0013,2024-03-26,Shipped
ORD03842,CUST0943,2023-03-10,Delivered
ORD03843,CUST0494,2024-04-08,Delivered
ORD03844,CUST0701,2023-11-19,Shipped
ORD03845,CUST0287,2024-03-01,Delivered
ORD03846,CUST0720,2024-06-17,Delivered
ORD03847,CUST0114,2024-07-06,Cancelled
ORD03848,CUST0480,2024-09-19,Delivered
ORD03849,CUST0022,2024-08-13,Shipped
ORD03850,CUST0349,2024-09-28,Delivered
ORD03851,CUST0726,2024-03-13,Delivered
ORD03852,CUST0683,2023-10-03,Delivered
ORD03853,CUST0835,2024-04-07,Processing
ORD03854,CUST0566,2023-03-20,Delivered
ORD03855,CUST0906,2023-09-12,Delivered
ORD03856,CUST0810,2024-07-21,Shipped
ORD03857,CUST0320,2023-11-28,Shipped
ORD03858,CUST0126,2023-10-12,Cancelled
ORD03859,CUST0277,2023-06-04,Delivered
ORD03860,CUST0976,2024-08-09,Delivered
ORD03861,CUST0204,2023-12-02,Cancelled
ORD03862,CUST0194,2024-08-08,Shipped
ORD03863,CUST0681,2023-04-24,Delivered
ORD03864,CUST0664,2023-10-21,Delivered
ORD03865,CUST0547,2023-04-23,Processing
ORD03866,CUST0696,2024-03-20,Delivered
ORD03867,CUST0286,2024-08-03,Shipped
ORD03868,CUST0057,2023-10-03,Delivered
ORD03869,CUST0734,2023-08-02,Delivered
ORD03870,CUST0303,2023-04-19,Delivered
ORD03871,CUST0163,2024-07-18,Delivered
ORD03872,CUST0019,2023-05-21,Delivered
ORD03873,CUST0370,2023-04-04,Delivered
ORD03874,CUST0264,2024-02-07,Delivered
ORD03875,CUST0794,2023-08-07,Shipped
ORD03876,CUST0113,2024-05-01,Processing
ORD03877,CUST0488,2024-11-04,Processing
ORD03878,CUST0327,2024-11-07,Delivered
ORD03879,CUST0542,2024-12-09,Delivered
ORD03880,CUST0647,2024-09-16,Delivered
ORD03881,CUST0579,2023-05-16,Cancelled
ORD03882,CUST0065,2024-12-10,Processing
ORD03883,CUST0292,2024-11-08,Processing
ORD03884,CUST0025,2024-05-18,Delivered
ORD03885,CUST0549,2024-09-04,Delivered
ORD03886,CUST0001,2023-07-11,Delivered
ORD03887,CUST0911,2024-07-06,Delivered
ORD03888,CUST0549,2023-11-22,Delivered
ORD03889,CUST0141,2024-02-28,Cancelled
ORD03890,CUST0744,2024-05-22,Delivered
ORD03891,CUST0648,2023-04-04,Delivered
ORD03892,CUST0901,2023-04-17,Delivered
ORD03893,CUST0188,2024-05-17,Cancelled
ORD03894,CUST0128,2024-02-10,Delivered
ORD03895,CUST0201,2023-08-05,Shipped
ORD03896,CUST0127,2024-03-25,Cancelled
ORD03897,CUST0257,2024-11-28,Delivered
ORD03898,CUST0676,2023-09-06,Shipped
ORD03899,CUST0547,2024-12-16,Delivered
ORD03900,CUST0194,2024-11-09,Delivered
ORD03901,CUST0703,2023-12-16,Processing
ORD03902,CUST0104,2024-06-10,Shipped
ORD03903,CUST0535,2024-10-27,Delivered
ORD03904,CUST0265,2024-07-14,Delivered
ORD03905,CUST0802,2024-11-01,Delivered
ORD03906,CUST0942,2024-01-14,Delivered
ORD03907,CUST0974,2024-09-05,Delivered
ORD03908,CUST0384,2024-11-01,Delivered
ORD03909,CUST0260,2023-04-23,Delivered
ORD03910,CUST0414,2024-05-12,Processing
ORD03911,CUST0991,2023-05-26,Delivered
ORD03912,CUST0358,2024-05-18,Delivered
ORD03913,CUST0075,2023-11-20,Delivered
ORD03914,CUST0355,2024-11-04,Processing
ORD03915,CUST0584,2023-04-11,Delivered
ORD03916,CUST0771,2024-12-19,Delivered
ORD03917,CUST0910,2024-12-02,Delivered
ORD03918,CUST0188,2024-10-23,Shipped
ORD03919,CUST0973,2024-04-20,Delivered
ORD03920,CUST0685,2024-01-02,Processing
ORD03921,CUST0992,2024-05-12,Cancelled
ORD03922,CUST0290,2024-12-04,Processing
ORD03923,CUST0045,2024-03-24,Delivered
ORD03924,CUST0573,2023-05-25,Delivered
ORD03925,CUST0083,2024-11-28,Delivered
ORD03926,CUST0123,2023-09-19,Returned
ORD03927,CUST0358,2023-08-15,Delivered
ORD03928,CUST0528,2023-05-18,Delivered
ORD03929,CUST0066,2024-08-27,Shipped
ORD03930,CUST0936,2024-10-05,Delivered
ORD03931,CUST0657,2023-12-23,Delivered
ORD03932,CUST0375,2024-12-12,Delivered
ORD03933,CUST0162,2024-10-07,Delivered
ORD03934,CUST0746,2023-05-08,Processing
ORD03935,CUST0380,2024-06-07,Delivered
ORD03936,CUST0656,2024-04-24,Delivered
ORD03937,CUST0358,2023-03-21,Delivered
ORD03938,CUST0188,2024-06-26,Shipped
ORD03939,CUST0322,2024-11-27,Processing
ORD03940,CUST0450,2023-12-17,Delivered
ORD03941,CUST0474,2024-01-14,Shipped
ORD03942,CUST0013,2023-12-28,Delivered
ORD03943,CUST0184,2024-11-16,Cancelled
ORD03944,CUST0111,2024-08-21,Delivered
ORD03945,CUST0927,2023-10-19,Shipped
ORD03946,CUST0508,2023-12-25,Delivered
ORD03947,CUST0290,2023-08-26,Delivered
ORD03948,CUST0295,2023-08-15,Delivered
ORD03949,CUST0451,2023-11-25,Cancelled
ORD03950,CUST0904,2024-11-15,Delivered
ORD03951,CUST0215,2024-12-24,Cancelled
ORD03952,CUST0974,2023-09-03,Delivered
ORD03953,CUST0632,2023-09-11,Delivered
ORD03954,CUST0894,2024-08-23,Delivered
ORD03955,CUST0567,2024-12-13,Processing
ORD03956,CUST0027,2024-01-27,Delivered
ORD03957,CUST0630,2024-01-08,Cancelled
ORD03958,CUST0733,2024-06-09,Cancelled
ORD03959,CUST0231,2023-09-25,Cancelled
ORD03960,CUST0565,2024-08-21,Delivered
ORD03961,CUST0807,2023-11-19,Shipped
ORD03962,CUST0321,2024-12-23,Processing
ORD03963,CUST0913,2023-03-05,Delivered
ORD03964,CUST0233,2023-05-04,Delivered
ORD03965,CUST0670,2023-08-28,Delivered
ORD03966,CUST0437,2023-11-18,Delivered
ORD03967,CUST0781,2024-12-11,Delivered
ORD03968,CUST0533,2024-12-22,Delivered
ORD03969,CUST0403,2023-04-06,Delivered
ORD03970,CUST0053,2024-12-08,Delivered
ORD03971,CUST0787,2023-11-01,Shipped
ORD03972,CUST0313,2023-12-15,Delivered
ORD03973,CUST0281,2023-11-13,Delivered
ORD03974,CUST0726,2023-07-24,Delivered
ORD03975,CUST0031,2023-06-15,Delivered
ORD03976,CUST0337,2024-06-07,Shipped
ORD03977,CUST0183,2024-09-04,Delivered
ORD03978,CUST0023,2023-12-17,Shipped
ORD03979,CUST0544,2023-03-07,Delivered
ORD03980,CUST0446,2023-12-24,Shipped
ORD03981,CUST0074,2024-10-11,Delivered
ORD03982,CUST0010,2024-04-03,Delivered
ORD03983,CUST0484,2024-07-17,Shipped
ORD03984,CUST0456,2023-12-01,Delivered
ORD03985,CUST0566,2023-06-14,Shipped
ORD03986,CUST0564,2024-12-04,Delivered
ORD03987,CUST0660,2024-06-10,Delivered
ORD03988,CUST0160,2023-07-28,Delivered
ORD03989,CUST0882,2024-04-23,Delivered
ORD03990,CUST0014,2023-09-26,Cancelled
ORD03991,CUST0178,2024-12-01,Shipped
ORD03992,CUST0412,2024-10-11,Delivered
ORD03993,CUST0878,2023-03-08,Delivered
ORD03994,CUST0053,2023-08-05,Delivered
ORD03995,CUST0408,2023-03-16,Processing
ORD03996,CUST0847,2023-02-26,Delivered
ORD03997,CUST0022,2023-11-22,Delivered
ORD03998,CUST0030,2024-06-14,Cancelled
ORD03999,CUST0703,2023-06-06,Delivered
ORD04000,CUST0260,2023-10-26,Delivered
ORD04001,CUST0205,2023-06-04,Cancelled
ORD04002,CUST0059,2023-01-07,Delivered
ORD04003,CUST0471,2024-06-12,Delivered
ORD04004,CUST0776,2024-09-01,Delivered
ORD04005,CUST0466,2023-05-16,Delivered
ORD04006,CUST0012,2023-10-05,Delivered
ORD04007,CUST0631,2024-01-13,Cancelled
ORD04008,CUST0927,2023-03-01,Delivered
ORD04009,CUST0974,2024-12-03,Shipped
ORD04010,CUST0290,2024-12-04,Cancelled
ORD04011,CUST0850,2024-07-14,Delivered
ORD04012,CUST0760,2024-03-20,Delivered
ORD04013,CUST0354,2023-05-16,Delivered
ORD04014,CUST0639,2024-03-22,Cancelled
ORD04015,CUST0075,2024-12-22,Processing
ORD04016,CUST0873,2023-07-24,Delivered
ORD04017,CUST0716,2023-03-17,Shipped
ORD04018,CUST0561,2023-11-05,Delivered
ORD04019,CUST0591,2023-09-24,Cancelled
ORD04020,CUST0441,2023-10-10,Delivered
ORD04021,CUST0991,2023-04-09,Delivered
ORD04022,CUST0241,2023-10-10,Cancelled
ORD04023,CUST0861,2024-10-15,Delivered
ORD04024,CUST0154,2024-11-05,Delivered
ORD04025,CUST0786,2024-06-22,Delivered
ORD04026,CUST0096,2023-08-28,Delivered
ORD04027,CUST0726,2023-10-26,Delivered
ORD04028,CUST0294,2024-09-26,Cancelled
ORD04029,CUST0209,2023-12-01,Delivered
ORD04030,CUST0343,2023-09-27,Delivered
ORD04031,CUST0088,2023-03-11,Shipped
ORD04032,CUST0818,2023-08-16,Delivered
ORD04033,CUST0776,2024-03-28,Delivered
ORD04034,CUST0937,2024-07-07,Shipped
ORD04035,CUST0390,2024-09-18,Processing
ORD04036,CUST0325,2024-02-09,Shipped
ORD04037,CUST0940,2024-05-06,Shipped
ORD04038,CUST0889,2024-05-28,Delivered
ORD04039,CUST0832,2024-11-15,Cancelled
ORD04040,CUST0157,2023-10-11,Delivered
ORD04041,CUST0668,2024-02-12,Processing
ORD04042,CUST0651,2024-09-18,Delivered
ORD04043,CUST0633,2023-02-15,Cancelled
ORD04044,CUST0577,2023-03-23,Shipped
ORD04045,CUST0619,2024-03-12,Shipped
ORD04046,CUST0659,2024-07-18,Delivered
ORD04047,CUST0137,2023-12-17,Delivered
ORD04048,CUST0923,2023-06-17,Delivered
ORD04049,CUST0674,2023-03-22,Shipped
ORD04050,CUST0428,2023-11-07,Delivered
ORD04051,CUST0452,2024-08-25,Returned
ORD04052,CUST0612,2023-08-17,Cancelled
ORD04053,CUST0850,2023-11-12,Delivered
ORD04054,CUST0911,2023-10-17,Processing
ORD04055,CUST0819,2023-06-04,Delivered
ORD04056,CUST0141,2023-09-28,Delivered
ORD04057,CUST0083,2023-11-25,Delivered
ORD04058,CUST0177,2023-08-20,Delivered
ORD04059,CUST0198,2024-11-09,Shipped
ORD04060,CUST0624,2023-12-13,Delivered
ORD04061,CUST0568,2024-06-17,Shipped
ORD04062,CUST0972,2024-12-15,Shipped
ORD04063,CUST0691,2024-03-10,Shipped
ORD04064,CUST0421,2023-02-23,Delivered
ORD04065,CUST0401,2024-04-24,Processing
ORD04066,CUST0698,2023-01-14,Delivered
ORD04067,CUST0471,2023-03-27,Delivered
ORD04068,CUST0218,2023-11-26,Delivered
ORD04069,CUST0925,2023-06-06,Delivered
ORD04070,CUST0929,2024-06-07,Cancelled
ORD04071,CUST0828,2023-11-03,Delivered
ORD04072,CUST0987,2023-12-09,Shipped
ORD04073,CUST0729,2023-12-04,Delivered
ORD04074,CUST0632,2023-04-05,Delivered
ORD04075,CUST0951,2024-11-01,Returned
ORD04076,CUST0906,2023-08-17,Processing
ORD04077,CUST0175,2023-11-20,Delivered
ORD04078,CUST0023,2024-04-15,Delivered
ORD04079,CUST0725,2024-11-18,Delivered
ORD04080,CUST0917,2024-03-25,Delivered
ORD04081,CUST0235,2024-12-02,Processing
ORD04082,CUST0013,2024-11-09,Processing
ORD04083,CUST0101,2023-09-14,Delivered
ORD04084,CUST0929,2023-12-23,Cancelled
ORD04085,CUST0536,2024-11-08,Delivered
ORD04086,CUST0876,2023-02-24,Delivered
ORD04087,CUST0523,2024-04-28,Delivered
ORD04088,CUST0785,2024-11-14,Delivered
ORD04089,CUST0452,2024-01-04,Delivered
ORD04090,CUST0431,2024-11-24,Delivered
ORD04091,CUST0793,2024-12-21,Delivered
ORD04092,CUST0606,2024-06-27,Delivered
ORD04093,CUST0713,2024-12-03,Processing
ORD04094,CUST0533,2023-02-26,Delivered
ORD04095,CUST0852,2024-04-16,Delivered
ORD04096,CUST0979,2023-09-22,Shipped
ORD04097,CUST0723,2024-02-25,Cancelled
ORD04098,CUST0652,2024-08-27,Cancelled
ORD04099,CUST0293,2024-09-28,Delivered
ORD04100,CUST0810,2024-01-04,Delivered
ORD04101,CUST0913,2023-08-04,Delivered
ORD04102,CUST0101,2023-06-22,Delivered
ORD04103,CUST0502,2024-11-23,Cancelled
ORD04104,CUST0304,2023-05-26,Delivered
ORD04105,CUST0871,2024-11-19,Delivered
ORD04106,CUST0540,2023-12-27,Delivered
ORD04107,CUST0553,2024-10-01,Delivered
ORD04108,CUST0355,2023-08-01,Processing
ORD04109,CUST0303,2024-02-14,Delivered
ORD04110,CUST0496,2023-10-28,Delivered
ORD04111,CUST0658,2024-06-22,Delivered
ORD04112,CUST0768,2024-06-08,Delivered
ORD04113,CUST0974,2024-07-02,Delivered
ORD04114,CUST0227,2024-07-21,Delivered
ORD04115,CUST0236,2024-11-06,Delivered
ORD04116,CUST0873,2023-08-28,Shipped
ORD04117,CUST0892,2024-10-25,Cancelled
ORD04118,CUST0455,2024-11-06,Cancelled
ORD04119,CUST0013,2024-11-11,Cancelled
ORD04120,CUST0210,2024-09-24,Delivered
ORD04121,CUST0741,2023-05-10,Delivered
ORD04122,CUST0397,2023-12-03,Delivered
ORD04123,CUST0100,2024-05-16,Cancelled
ORD04124,CUST0031,2023-11-07,Returned
ORD04125,CUST0898,2024-11-16,Processing
ORD04126,CUST0528,2024-05-15,Delivered
ORD04127,CUST0649,2024-11-06,Cancelled
ORD04128,CUST0329,2024-01-07,Delivered
ORD04129,CUST0166,2024-12-23,Delivered
ORD04130,CUST0459,2024-11-18,Delivered
ORD04131,CUST0822,2023-06-23,Delivered
ORD04132,CUST0952,2023-04-03,Delivered
ORD04133,CUST0982,2024-11-05,Delivered
ORD04134,CUST0993,2024-08-13,Delivered
ORD04135,CUST0100,2023-12-04,Delivered
ORD04136,CUST0621,2024-09-03,Processing
ORD04137,CUST0855,2024-12-15,Shipped
ORD04138,CUST0173,2023-04-05,Delivered
ORD04139,CUST0749,2024-01-08,Processing
ORD04140,CUST0162,2023-04-08,Cancelled
ORD04141,CUST0905,2024-09-07,Delivered
ORD04142,CUST0728,2023-01-08,Delivered
ORD04143,CUST0776,2023-11-16,Delivered
ORD04144,CUST0263,2024-06-18,Delivered
ORD04145,CUST0804,2023-06-28,Shipped
ORD04146,CUST0274,2024-09-13,Processing
ORD04147,CUST0003,2024-10-12,Delivered
ORD04148,CUST0028,2024-07-12,Processing
ORD04149,CUST0326,2023-05-12,Processing
ORD04150,CUST0940,2023-12-05,Cancelled
ORD04151,CUST0149,2024-11-23,Delivered
ORD04152,CUST0540,2023-11-19,Cancelled
ORD04153,CUST0488,2023-02-26,Delivered
ORD04154,CUST0822,2024-08-04,Delivered
ORD04155,CUST0438,2023-10-23,Delivered
ORD04156,CUST0065,2023-07-19,Delivered
ORD04157,CUST0356,2023-07-15,Shipped
ORD04158,CUST0533,2024-09-03,Delivered
ORD04159,CUST0252,2023-01-15,Delivered
ORD04160,CUST0235,2023-12-16,Delivered
ORD04161,CUST0227,2023-02-12,Shipped
ORD04162,CUST0525,2023-12-09,Delivered
ORD04163,CUST0313,2024-12-24,Processing
ORD04164,CUST0049,2023-10-16,Delivered
ORD04165,CUST0118,2024-10-05,Delivered
ORD04166,CUST0054,2024-04-15,Delivered
ORD04167,CUST0650,2024-08-22,Delivered
ORD04168,CUST0565,2024-05-19,Delivered
ORD04169,CUST0044,2024-03-18,Delivered
ORD04170,CUST0815,2024-11-20,Returned
ORD04171,CUST0053,2023-10-12,Shipped
ORD04172,CUST0586,2023-11-03,Delivered
ORD04173,CUST0558,2023-08-24,Delivered
ORD04174,CUST0525,2023-10-08,Cancelled
ORD04175,CUST0677,2023-11-01,Delivered
ORD04176,CUST0102,2024-10-11,Delivered
ORD04177,CUST0792,2023-02-13,Shipped
ORD04178,CUST0770,2024-11-13,Delivered
ORD04179,CUST0982,2024-03-11,Delivered
ORD04180,CUST0849,2023-02-12,Delivered
ORD04181,CUST0868,2023-10-09,Delivered
ORD04182,CUST0398,2024-02-09,Shipped
ORD04183,CUST0138,2024-04-12,Delivered
ORD04184,CUST0675,2023-05-25,Delivered
ORD04185,CUST0921,2023-08-01,Delivered
ORD04186,CUST0387,2023-12-02,Delivered
ORD04187,CUST0111,2024-02-01,Cancelled
ORD04188,CUST0614,2023-01-13,Processing
ORD04189,CUST0017,2024-01-19,Shipped
ORD04190,CUST0780,2024-11-06,Delivered
ORD04191,CUST0182,2023-09-16,Delivered
ORD04192,CUST0884,2023-08-12,Delivered
ORD04193,CUST0536,2023-12-05,Delivered
ORD04194,CUST0541,2024-08-15,Returned
ORD04195,CUST0171,2023-08-27,Delivered
ORD04196,CUST0409,2024-01-02,Delivered
ORD04197,CUST0740,2023-11-10,Delivered
ORD04198,CUST0378,2024-02-22,Shipped
ORD04199,CUST0188,2023-09-06,Delivered
ORD04200,CUST0858,2023-07-20,Delivered
ORD04201,CUST0230,2023-12-11,Delivered
ORD04202,CUST0833,2024-12-18,Cancelled
ORD04203,CUST0852,2024-11-04,Delivered
ORD04204,CUST0119,2023-05-12,Cancelled
ORD04205,CUST0156,2023-04-27,Processing
ORD04206,CUST0784,2024-03-13,Delivered
ORD04207,CUST0687,2023-06-16,Processing
ORD04208,CUST0465,2023-11-03,Delivered
ORD04209,CUST0104,2024-12-19,Returned
ORD04210,CUST0604,2024-11-21,Delivered
ORD04211,CUST0698,2023-05-05,Delivered
ORD04212,CUST0972,2024-11-10,Delivered
ORD04213,CUST0795,2024-06-13,Delivered
ORD04214,CUST0502,2023-07-16,Returned
ORD04215,CUST0693,2023-05-16,Delivered
ORD04216,CUST0682,2024-05-26,Shipped
ORD04217,CUST0699,2024-11-23,Delivered
ORD04218,CUST0175,2023-08-02,Cancelled
ORD04219,CUST0734,2023-12-10,Delivered
ORD04220,CUST0745,2023-09-24,Delivered
ORD04221,CUST0674,2023-08-02,Delivered
ORD04222,CUST0421,2024-06-12,Shipped
ORD04223,CUST0134,2023-11-22,Delivered
ORD04224,CUST0391,2024-10-17,Delivered
ORD04225,CUST0992,2023-08-22,Delivered
ORD04226,CUST0736,2023-12-04,Shipped
ORD04227,CUST0501,2024-12-08,Delivered
ORD04228,CUST0665,2024-02-07,Delivered
ORD04229,CUST0033,2024-04-21,Delivered
ORD04230,CUST0055,2023-01-13,Processing
ORD04231,CUST0954,2023-12-04,Cancelled
ORD04232,CUST0519,2024-01-08,Delivered
ORD04233,CUST0756,2024-12-13,Delivered
ORD04234,CUST0825,2023-06-27,Delivered
ORD04235,CUST0638,2024-01-05,Delivered
ORD04236,CUST0012,2023-09-09,Delivered
ORD04237,CUST0528,2024-10-23,Shipped
ORD04238,CUST0720,2024-04-21,Delivered
ORD04239,CUST0555,2024-06-01,Cancelled
ORD04240,CUST0373,2024-11-13,Delivered
ORD04241,CUST0484,2024-11-07,Shipped
ORD04242,CUST0973,2024-04-01,Delivered
ORD04243,CUST0647,2024-01-25,Delivered
ORD04244,CUST0228,2024-03-23,Delivered
ORD04245,CUST0623,2023-02-04,Delivered
ORD04246,CUST0307,2023-03-26,Delivered
ORD04247,CUST0457,2024-02-18,Shipped
ORD04248,CUST0160,2024-03-24,Cancelled
ORD04249,CUST0331,2024-12-23,Delivered
ORD04250,CUST0776,2024-05-10,Delivered
ORD04251,CUST0225,2024-11-09,Delivered
ORD04252,CUST0983,2023-11-13,Delivered
ORD04253,CUST0729,2023-12-18,Delivered
ORD04254,CUST0504,2024-04-17,Shipped
ORD04255,CUST0456,2023-07-04,Returned
ORD04256,CUST0045,2023-04-27,Cancelled
ORD04257,CUST0214,2024-03-25,Delivered
ORD04258,CUST0059,2023-04-20,Cancelled
ORD04259,CUST0644,2024-07-05,Shipped
ORD04260,CUST0616,2024-09-02,Delivered
ORD04261,CUST0195,2023-11-24,Delivered
ORD04262,CUST0925,2024-01-01,Processing
ORD04263,CUST0489,2023-05-09,Delivered
ORD04264,CUST0157,2023-06-07,Delivered
ORD04265,CUST0610,2023-06-05,Delivered
ORD04266,CUST0226,2024-08-08,Delivered
ORD04267,CUST0412,2023-09-11,Delivered
ORD04268,CUST0205,2024-01-15,Cancelled
ORD04269,CUST0079,2023-11-20,Shipped
ORD04270,CUST0124,2024-08-05,Shipped
ORD04271,CUST0471,2024-01-22,Delivered
ORD04272,CUST0940,2023-06-18,Delivered
ORD04273,CUST0218,2023-09-06,Delivered
ORD04274,CUST0516,2024-06-05,Delivered
ORD04275,CUST0602,2023-10-01,Delivered
ORD04276,CUST0104,2024-01-02,Delivered
ORD04277,CUST0393,2024-11-04,Delivered
ORD04278,CUST0631,2023-11-02,Delivered
ORD04279,CUST0645,2023-01-27,Delivered
ORD04280,CUST0824,2024-12-21,Delivered
ORD04281,CUST0608,2024-05-20,Returned
ORD04282,CUST0980,2024-07-24,Delivered
ORD04283,CUST0434,2023-10-20,Shipped
ORD04284,CUST0331,2024-05-21,Delivered
ORD04285,CUST0143,2024-07-05,Delivered
ORD04286,CUST0800,2024-08-12,Returned
ORD04287,CUST0540,2023-03-21,Delivered
ORD04288,CUST0278,2023-12-13,Delivered
ORD04289,CUST0233,2024-12-12,Shipped
ORD04290,CUST0529,2023-07-10,Delivered
ORD04291,CUST0571,2023-01-14,Processing
ORD04292,CUST0090,2023-12-05,Delivered
ORD04293,CUST0492,2024-04-13,Delivered
ORD04294,CUST0199,2024-12-15,Delivered
ORD04295,CUST0362,2024-07-13,Delivered
ORD04296,CUST0441,2024-06-11,Cancelled
ORD04297,CUST0026,2024-03-17,Shipped
ORD04298,CUST0025,2023-04-23,Delivered
ORD04299,CUST0394,2023-08-28,Delivered
ORD04300,CUST0507,2024-12-18,Shipped
ORD04301,CUST0301,2024-06-10,Delivered
ORD04302,CUST0339,2023-06-16,Delivered
ORD04303,CUST0267,2023-08-15,Delivered
ORD04304,CUST0461,2024-12-25,Delivered
ORD04305,CUST0693,2024-01-07,Shipped
ORD04306,CUST0456,2024-08-06,Returned
ORD04307,CUST0360,2024-12-14,Delivered
ORD04308,CUST0068,2023-12-01,Delivered
ORD04309,CUST0863,2023-06-22,Delivered
ORD04310,CUST0412,2023-05-24,Delivered
ORD04311,CUST0971,2023-09-19,Delivered
ORD04312,CUST0491,2023-03-11,Processing
ORD04313,CUST0833,2024-04-24,Delivered
ORD04314,CUST0049,2023-11-16,Delivered
ORD04315,CUST0687,2024-09-25,Delivered
ORD04316,CUST0564,2023-10-26,Delivered
ORD04317,CUST0102,2023-02-01,Delivered
ORD04318,CUST0216,2023-05-03,Shipped
ORD04319,CUST0438,2024-12-12,Delivered
ORD04320,CUST0700,2023-10-07,Shipped
ORD04321,CUST0569,2024-11-12,Delivered
ORD04322,CUST0559,2024-09-27,Delivered
ORD04323,CUST0159,2024-07-23,Delivered
ORD04324,CUST0489,2023-05-04,Delivered
ORD04325,CUST0686,2023-12-05,Delivered
ORD04326,CUST0242,2023-06-18,Delivered
ORD04327,CUST0794,2024-03-18,Shipped
ORD04328,CUST0753,2024-10-09,Shipped
ORD04329,CUST0882,2023-12-22,Delivered
ORD04330,CUST0005,2023-12-04,Delivered
ORD04331,CUST0596,2023-03-13,Delivered
ORD04332,CUST0820,2024-06-06,Delivered
ORD04333,CUST0361,2023-09-27,Delivered
ORD04334,CUST0459,2024-12-19,Cancelled
ORD04335,CUST0248,2023-07-01,Delivered
ORD04336,CUST0566,2024-12-19,Delivered
ORD04337,CUST0673,2024-12-03,Delivered
ORD04338,CUST0946,2024-02-05,Delivered
ORD04339,CUST0422,2024-10-05,Shipped
ORD04340,CUST0923,2023-12-26,Delivered
ORD04341,CUST0738,2023-12-11,Delivered
ORD04342,CUST0015,2024-10-26,Shipped
ORD04343,CUST0736,2023-06-26,Delivered
ORD04344,CUST0573,2024-01-19,Shipped
ORD04345,CUST0122,2024-12-12,Delivered
ORD04346,CUST0277,2024-04-09,Delivered
ORD04347,CUST0558,2023-07-06,Shipped
ORD04348,CUST0453,2023-09-23,Delivered
ORD04349,CUST0390,2024-04-14,Delivered
ORD04350,CUST0294,2024-01-24,Delivered
ORD04351,CUST0574,2024-09-11,Delivered
ORD04352,CUST0598,2023-03-20,Delivered
ORD04353,CUST0446,2023-10-01,Cancelled
ORD04354,CUST0210,2024-06-16,Returned
ORD04355,CUST0590,2024-06-23,Delivered
ORD04356,CUST0714,2024-10-11,Delivered
ORD04357,CUST0302,2024-11-28,Delivered
ORD04358,CUST0909,2024-06-11,Delivered
ORD04359,CUST0223,2023-12-24,Delivered
ORD04360,CUST0734,2024-08-16,Delivered
ORD04361,CUST0003,2024-04-15,Cancelled
ORD04362,CUST0990,2023-11-11,Delivered
ORD04363,CUST0518,2023-01-05,Delivered
ORD04364,CUST0093,2023-04-06,Delivered
ORD04365,CUST0520,2024-02-19,Processing
ORD04366,CUST0428,2023-11-28,Shipped
ORD04367,CUST0493,2023-01-01,Delivered
ORD04368,CUST0235,2024-12-20,Delivered
ORD04369,CUST0620,2023-03-21,Processing
ORD04370,CUST0161,2024-09-11,Delivered
ORD04371,CUST0721,2023-09-02,Cancelled
ORD04372,CUST0752,2023-04-24,Delivered
ORD04373,CUST0331,2023-03-23,Delivered
ORD04374,CUST0333,2023-01-26,Delivered
ORD04375,CUST0050,2023-04-23,Shipped
ORD04376,CUST0523,2023-06-21,Delivered
ORD04377,CUST0863,2023-07-07,Cancelled
ORD04378,CUST0668,2024-09-06,Delivered
ORD04379,CUST0492,2024-05-22,Delivered
ORD04380,CUST0582,2023-07-17,Delivered
ORD04381,CUST0681,2023-02-07,Delivered
ORD04382,CUST0272,2024-03-18,Delivered
ORD04383,CUST0580,2023-10-23,Delivered
ORD04384,CUST0867,2023-03-28,Shipped
ORD04385,CUST0252,2024-11-08,Delivered
ORD04386,CUST0560,2023-06-27,Returned
ORD04387,CUST0696,2024-09-17,Delivered
ORD04388,CUST0832,2024-04-09,Processing
ORD04389,CUST0699,2024-10-17,Delivered
ORD04390,CUST0090,2023-09-22,Delivered
ORD04391,CUST0446,2024-05-06,Delivered
ORD04392,CUST0332,2023-02-16,Delivered
ORD04393,CUST0139,2024-12-02,Processing
ORD04394,CUST0357,2024-02-25,Delivered
ORD04395,CUST0601,2024-01-24,Delivered
ORD04396,CUST0274,2023-05-25,Processing
ORD04397,CUST0019,2024-10-20,Delivered
ORD04398,CUST0983,2023-08-24,Shipped
ORD04399,CUST0311,2024-07-24,Delivered
ORD04400,CUST0870,2024-06-10,Processing
ORD04401,CUST0886,2024-05-24,Delivered
ORD04402,CUST0978,2023-04-06,Delivered
ORD04403,CUST0154,2023-10-14,Delivered
ORD04404,CUST0390,2024-12-11,Cancelled
ORD04405,CUST0260,2024-07-15,Delivered
ORD04406,CUST0620,2024-03-24,Delivered
ORD04407,CUST0883,2024-06-01,Delivered
ORD04408,CUST0797,2023-11-13,Cancelled
ORD04409,CUST0571,2023-06-01,Processing
ORD04410,CUST0125,2024-11-22,Returned
ORD04411,CUST0354,2023-03-06,Delivered
ORD04412,CUST0273,2023-02-13,Delivered
ORD04413,CUST0619,2024-03-11,Delivered
ORD04414,CUST0811,2023-01-13,Processing
ORD04415,CUST0245,2023-05-28,Delivered
ORD04416,CUST0848,2024-04-16,Delivered
ORD04417,CUST0450,2024-07-28,Processing
ORD04418,CUST0930,2023-07-22,Delivered
ORD04419,CUST0247,2023-06-04,Delivered
ORD04420,CUST0520,2023-12-23,Delivered
ORD04421,CUST0141,2024-09-05,Delivered
ORD04422,CUST0362,2023-08-16,Shipped
ORD04423,CUST0008,2023-06-01,Delivered
ORD04424,CUST0478,2024-09-11,Delivered
ORD04425,CUST0352,2024-10-14,Delivered
ORD04426,CUST0996,2023-09-17,Delivered
ORD04427,CUST0495,2024-05-12,Shipped
ORD04428,CUST0606,2023-06-16,Delivered
ORD04429,CUST0833,2023-01-12,Delivered
ORD04430,CUST0427,2024-04-11,Delivered
ORD04431,CUST0039,2023-12-11,Delivered
ORD04432,CUST0593,2024-11-18,Delivered
ORD04433,CUST0187,2024-08-11,Processing
ORD04434,CUST0596,2023-12-11,Shipped
ORD04435,CUST0600,2023-10-20,Processing
ORD04436,CUST0754,2023-11-08,Delivered
ORD04437,CUST0854,2024-08-01,Delivered
ORD04438,CUST0093,2024-08-04,Delivered
ORD04439,CUST0086,2024-11-20,Delivered
ORD04440,CUST0044,2024-02-16,Delivered
ORD04441,CUST0137,2024-09-24,Delivered
ORD04442,CUST0421,2024-02-13,Returned
ORD04443,CUST0074,2023-11-09,Delivered
ORD04444,CUST0548,2023-06-25,Delivered
ORD04445,CUST0613,2023-07-08,Processing
ORD04446,CUST0988,2023-05-27,Delivered
ORD04447,CUST0512,2024-08-26,Processing
ORD04448,CUST0156,2024-12-16,Shipped
ORD04449,CUST0938,2024-09-18,Cancelled
ORD04450,CUST0255,2023-11-21,Delivered
ORD04451,CUST0171,2023-12-20,Shipped
ORD04452,CUST0981,2023-05-02,Delivered
ORD04453,CUST0728,2023-08-17,Shipped
ORD04454,CUST0170,2024-04-13,Delivered
ORD04455,CUST0764,2024-10-28,Delivered
ORD04456,CUST0872,2023-05-07,Delivered
ORD04457,CUST0322,2023-05-01,Delivered
ORD04458,CUST0567,2024-02-15,Processing
ORD04459,CUST0456,2023-07-13,Shipped
ORD04460,CUST0944,2023-09-25,Shipped
ORD04461,CUST0603,2024-02-09,Delivered
ORD04462,CUST0790,2024-05-23,Shipped
ORD04463,CUST0613,2024-05-19,Delivered
ORD04464,CUST0155,2023-05-01,Cancelled
ORD04465,CUST0889,2023-01-11,Cancelled
ORD04466,CUST0349,2024-06-11,Delivered
ORD04467,CUST0451,2024-08-21,Processing
ORD04468,CUST0876,2024-09-13,Delivered
ORD04469,CUST0653,2023-05-27,Delivered
ORD04470,CUST0173,2023-09-11,Delivered
ORD04471,CUST0010,2023-12-02,Delivered
ORD04472,CUST0740,2023-07-03,Shipped
ORD04473,CUST0265,2023-03-17,Delivered
ORD04474,CUST0438,2023-12-08,Delivered
ORD04475,CUST0760,2023-11-12,Delivered
ORD04476,CUST0247,2024-02-11,Shipped
ORD04477,CUST0667,2023-07-18,Cancelled
ORD04478,CUST0546,2023-08-21,Shipped
ORD04479,CUST0499,2024-10-18,Shipped
ORD04480,CUST0129,2023-11-15,Delivered
ORD04481,CUST0672,2023-02-28,Delivered
ORD04482,CUST0601,2024-04-02,Delivered
ORD04483,CUST0605,2023-01-27,Delivered
ORD04484,CUST0327,2023-07-02,Shipped
ORD04485,CUST0753,2023-11-05,Delivered
ORD04486,CUST0835,2023-08-11,Shipped
ORD04487,CUST0980,2024-11-22,Delivered
ORD04488,CUST0404,2024-01-25,Delivered
ORD04489,CUST0629,2024-07-22,Delivered
ORD04490,CUST0606,2024-08-02,Processing
ORD04491,CUST0675,2023-09-07,Shipped
ORD04492,CUST0611,2023-09-01,Cancelled
ORD04493,CUST0625,2024-10-19,Delivered
ORD04494,CUST0359,2024-08-27,Returned
ORD04495,CUST0603,2023-06-05,Delivered
ORD04496,CUST0858,2023-12-24,Delivered
ORD04497,CUST0718,2024-04-12,Returned
ORD04498,CUST0017,2024-03-07,Delivered
ORD04499,CUST0274,2024-05-11,Shipped
ORD04500,CUST0685,2024-06-21,Delivered
ORD04501,CUST0116,2024-07-15,Delivered
ORD04502,CUST0861,2024-04-04,Cancelled
ORD04503,CUST0980,2023-06-04,Delivered
ORD04504,CUST0693,2023-04-19,Shipped
ORD04505,CUST0091,2024-11-22,Delivered
ORD04506,CUST0082,2023-12-27,Shipped
ORD04507,CUST0324,2024-06-02,Delivered
ORD04508,CUST0961,2023-08-27,Delivered
ORD04509,CUST0114,2024-04-01,Delivered
ORD04510,CUST0769,2024-01-27,Delivered
ORD04511,CUST0058,2023-11-07,Cancelled
ORD04512,CUST0154,2024-12-13,Delivered
ORD04513,CUST0877,2024-07-13,Delivered
ORD04514,CUST0404,2023-12-16,Delivered
ORD04515,CUST0628,2024-11-22,Delivered
ORD04516,CUST0855,2023-02-04,Shipped
ORD04517,CUST0266,2023-11-20,Returned
ORD04518,CUST0315,2023-11-09,Delivered
ORD04519,CUST0715,2023-05-13,Processing
ORD04520,CUST0041,2023-02-12,Delivered
ORD04521,CUST0105,2023-09-14,Delivered
ORD04522,CUST0901,2024-02-14,Shipped
ORD04523,CUST0890,2023-05-02,Delivered
ORD04524,CUST0193,2023-05-09,Shipped
ORD04525,CUST0401,2024-12-26,Cancelled
ORD04526,CUST0278,2023-03-21,Delivered
ORD04527,CUST0354,2023-12-16,Cancelled
ORD04528,CUST0749,2023-01-03,Shipped
ORD04529,CUST0937,2023-07-19,Delivered
ORD04530,CUST0733,2024-05-23,Delivered
ORD04531,CUST0580,2024-02-23,Delivered
ORD04532,CUST0709,2023-04-13,Returned
ORD04533,CUST0256,2024-01-16,Shipped
ORD04534,CUST0651,2024-11-14,Delivered
ORD04535,CUST0824,2023-12-19,Delivered
ORD04536,CUST0947,2023-09-25,Shipped
ORD04537,CUST0661,2024-10-24,Delivered
ORD04538,CUST0099,2024-04-09,Delivered
ORD04539,CUST0588,2023-10-28,Delivered
ORD04540,CUST0282,2023-04-15,Delivered
ORD04541,CUST0883,2023-12-02,Delivered
ORD04542,CUST0403,2024-08-23,Delivered
ORD04543,CUST0109,2024-11-23,Delivered
ORD04544,CUST0700,2023-05-03,Shipped
ORD04545,CUST0199,2024-07-16,Delivered
ORD04546,CUST0303,2023-06-12,Delivered
ORD04547,CUST0327,2023-05-21,Delivered
ORD04548,CUST0154,2024-06-19,Delivered
ORD04549,CUST0552,2024-06-12,Delivered
ORD04550,CUST0645,2024-03-22,Delivered
ORD04551,CUST0405,2024-10-14,Delivered
ORD04552,CUST0462,2024-12-03,Processing
ORD04553,CUST0132,2024-12-11,Shipped
ORD04554,CUST0791,2024-09-15,Shipped
ORD04555,CUST0874,2023-12-11,Shipped
ORD04556,CUST0084,2023-09-18,Shipped
ORD04557,CUST0399,2023-11-19,Delivered
ORD04558,CUST0754,2023-12-26,Shipped
ORD04559,CUST0628,2023-11-13,Delivered
ORD04560,CUST0109,2023-11-04,Shipped
ORD04561,CUST0221,2023-08-19,Processing
ORD04562,CUST0904,2023-04-18,Delivered
ORD04563,CUST0553,2023-10-22,Delivered
ORD04564,CUST0368,2024-07-11,Delivered
ORD04565,CUST0147,2024-08-13,Shipped
ORD04566,CUST0112,2024-04-12,Shipped
ORD04567,CUST0615,2024-10-04,Cancelled
ORD04568,CUST0558,2023-09-15,Delivered
ORD04569,CUST0924,2023-11-25,Shipped
ORD04570,CUST0494,2023-10-26,Delivered
ORD04571,CUST0505,2023-07-03,Cancelled
ORD04572,CUST0475,2024-04-13,Delivered
ORD04573,CUST0836,2024-11-18,Delivered
ORD04574,CUST0890,2023-12-07,Delivered
ORD04575,CUST0271,2023-01-10,Shipped
ORD04576,CUST0995,2023-04-27,Returned
ORD04577,CUST0421,2023-02-15,Delivered
ORD04578,CUST0897,2023-06-12,Delivered
ORD04579,CUST0707,2024-01-20,Cancelled
ORD04580,CUST0367,2024-05-12,Delivered
ORD04581,CUST0280,2023-05-20,Delivered
ORD04582,CUST0283,2024-09-19,Delivered
ORD04583,CUST0040,2023-10-02,Delivered
ORD04584,CUST0959,2024-05-01,Shipped
ORD04585,CUST0189,2024-10-28,Shipped
ORD04586,CUST0164,2024-11-25,Delivered
ORD04587,CUST0994,2023-06-19,Delivered
ORD04588,CUST0989,2024-12-22,Processing
ORD04589,CUST0536,2024-12-13,Delivered
ORD04590,CUST0536,2023-12-25,Cancelled
ORD04591,CUST0004,2023-07-18,Delivered
ORD04592,CUST0835,2023-02-24,Delivered
ORD04593,CUST0290,2023-07-24,Cancelled
ORD04594,CUST0953,2024-04-16,Shipped
ORD04595,CUST0433,2023-05-18,Delivered
ORD04596,CUST0471,2024-04-14,Shipped
ORD04597,CUST0181,2023-01-05,Delivered
ORD04598,CUST0248,2023-12-15,Delivered
ORD04599,CUST0628,2023-08-15,Returned
ORD04600,CUST0279,2024-10-13,Shipped
ORD04601,CUST0877,2023-04-04,Shipped
ORD04602,CUST0581,2024-03-15,Delivered
ORD04603,CUST0863,2024-11-02,Delivered
ORD04604,CUST0254,2024-09-14,Delivered
ORD04605,CUST0181,2023-10-27,Delivered
ORD04606,CUST0830,2023-04-16,Shipped
ORD04607,CUST0681,2023-01-25,Delivered
ORD04608,CUST0825,2023-11-02,Processing
ORD04609,CUST0509,2024-03-11,Delivered
ORD04610,CUST0761,2024-04-15,Delivered
ORD04611,CUST0700,2023-02-05,Delivered
ORD04612,CUST0566,2023-10-20,Delivered
ORD04613,CUST0326,2023-07-12,Delivered
ORD04614,CUST0357,2024-01-17,Cancelled
ORD04615,CUST0825,2024-09-04,Delivered
ORD04616,CUST0650,2024-07-09,Cancelled
ORD04617,CUST0680,2024-08-14,Delivered
ORD04618,CUST0391,2023-02-09,Returned
ORD04619,CUST0615,2024-07-17,Delivered
ORD04620,CUST0934,2023-12-05,Cancelled
ORD04621,CUST0085,2023-01-03,Delivered
ORD04622,CUST0317,2023-10-15,Shipped
ORD04623,CUST0212,2024-08-16,Cancelled
ORD04624,CUST0515,2023-12-22,Delivered
ORD04625,CUST0384,2023-09-04,Delivered
ORD04626,CUST0691,2023-04-05,Delivered
ORD04627,CUST0342,2024-03-23,Cancelled
ORD04628,CUST0815,2024-01-02,Delivered
ORD04629,CUST0964,2023-02-22,Delivered
ORD04630,CUST0988,2024-09-01,Delivered
ORD04631,CUST0844,2024-12-05,Delivered
ORD04632,CUST0038,2024-12-28,Processing
ORD04633,CUST0511,2024-11-07,Delivered
ORD04634,CUST0420,2024-07-07,Shipped
ORD04635,CUST0751,2023-03-18,Cancelled
ORD04636,CUST0169,2023-03-05,Delivered
ORD04637,CUST0965,2023-11-03,Shipped
ORD04638,CUST0909,2024-08-03,Delivered
ORD04639,CUST0343,2023-04-25,Delivered
ORD04640,CUST0826,2024-11-12,Delivered
ORD04641,CUST0306,2023-11-14,Shipped
ORD04642,CUST0542,2023-11-02,Delivered
ORD04643,CUST0702,2024-11-01,Delivered
ORD04644,CUST0869,2023-10-12,Delivered
ORD04645,CUST0537,2024-07-27,Delivered
ORD04646,CUST0112,2023-10-05,Shipped
ORD04647,CUST0411,2024-09-26,Delivered
ORD04648,CUST0947,2024-09-25,Shipped
ORD04649,CUST0206,2023-04-17,Delivered
ORD04650,CUST0185,2024-07-03,Shipped
ORD04651,CUST0382,2024-09-14,Delivered
ORD04652,CUST0496,2023-08-23,Delivered
ORD04653,CUST0379,2023-11-02,Delivered
ORD04654,CUST0047,2024-05-09,Shipped
ORD04655,CUST0886,2024-09-11,Delivered
ORD04656,CUST0740,2024-11-20,Cancelled
ORD04657,CUST0551,2024-12-28,Cancelled
ORD04658,CUST0528,2024-08-13,Delivered
ORD04659,CUST0504,2023-07-03,Delivered
ORD04660,CUST0022,2024-12-18,Delivered
ORD04661,CUST0213,2023-04-09,Delivered
ORD04662,CUST0310,2024-12-20,Shipped
ORD04663,CUST0661,2023-05-11,Shipped
ORD04664,CUST0968,2023-08-12,Shipped
ORD04665,CUST0753,2024-04-11,Delivered
ORD04666,CUST0272,2024-05-20,Delivered
ORD04667,CUST0571,2024-10-07,Delivered
ORD04668,CUST0799,2023-11-23,Shipped
ORD04669,CUST0938,2024-03-22,Delivered
ORD04670,CUST0202,2024-10-18,Shipped
ORD04671,CUST0032,2024-04-15,Delivered
ORD04672,CUST0443,2023-02-24,Delivered
ORD04673,CUST0162,2024-09-07,Delivered
ORD04674,CUST0767,2024-03-21,Delivered
ORD04675,CUST0254,2024-06-13,Delivered
ORD04676,CUST0521,2024-10-19,Processing
ORD04677,CUST0977,2024-08-05,Cancelled
ORD04678,CUST0651,2024-09-09,Delivered
ORD04679,CUST0480,2023-12-27,Delivered
ORD04680,CUST0010,2024-01-07,Delivered
ORD04681,CUST0726,2024-12-15,Cancelled
ORD04682,CUST0505,2024-08-14,Delivered
ORD04683,CUST0785,2023-04-14,Cancelled
ORD04684,CUST0836,2024-09-16,Delivered
ORD04685,CUST0560,2024-06-04,Delivered
ORD04686,CUST0436,2023-03-12,Cancelled
ORD04687,CUST0111,2023-01-03,Delivered
ORD04688,CUST0153,2024-02-18,Delivered
ORD04689,CUST0635,2024-03-04,Delivered
ORD04690,CUST0917,2024-04-22,Delivered
ORD04691,CUST0869,2023-01-11,Delivered
ORD04692,CUST0102,2024-05-08,Shipped
ORD04693,CUST0753,2023-04-20,Shipped
ORD04694,CUST0833,2024-12-12,Delivered
ORD04695,CUST0191,2023-03-18,Cancelled
ORD04696,CUST0729,2024-11-06,Delivered
ORD04697,CUST0563,2024-04-20,Delivered
ORD04698,CUST0804,2023-12-03,Delivered
ORD04699,CUST0081,2024-11-04,Delivered
ORD04700,CUST0489,2023-04-14,Delivered
ORD04701,CUST0895,2023-04-20,Returned
ORD04702,CUST0088,2023-12-08,Delivered
ORD04703,CUST0194,2024-02-08,Delivered
ORD04704,CUST0104,2024-07-28,Delivered
ORD04705,CUST0783,2024-07-08,Shipped
ORD04706,CUST0096,2023-11-14,Processing
ORD04707,CUST0423,2024-07-24,Delivered
ORD04708,CUST0891,2024-11-25,Delivered
ORD04709,CUST0198,2024-01-25,Delivered
ORD04710,CUST0001,2024-04-22,Delivered
ORD04711,CUST0407,2024-07-17,Delivered
ORD04712,CUST0378,2024-05-16,Delivered
ORD04713,CUST0167,2024-11-20,Delivered
ORD04714,CUST0509,2023-06-23,Delivered
ORD04715,CUST0638,2023-09-23,Delivered
ORD04716,CUST0313,2024-03-13,Cancelled
ORD04717,CUST0593,2023-04-12,Cancelled
ORD04718,CUST0418,2024-05-23,Delivered
ORD04719,CUST0763,2024-12-13,Delivered
ORD04720,CUST0681,2024-12-22,Delivered
ORD04721,CUST0477,2023-09-03,Delivered
ORD04722,CUST0073,2024-10-01,Shipped
ORD04723,CUST0141,2024-08-12,Delivered
ORD04724,CUST0582,2024-01-14,Processing
ORD04725,CUST0262,2024-12-03,Cancelled
ORD04726,CUST0340,2024-04-08,Delivered
ORD04727,CUST0308,2024-06-09,Delivered
ORD04728,CUST0245,2024-03-08,Delivered
ORD04729,CUST0515,2023-11-13,Delivered
ORD04730,CUST0337,2024-01-08,Delivered
ORD04731,CUST0575,2023-10-06,Delivered
ORD04732,CUST0561,2023-09-18,Cancelled
ORD04733,CUST0076,2023-04-17,Delivered
ORD04734,CUST0880,2024-07-10,Delivered
ORD04735,CUST0175,2023-11-09,Delivered
ORD04736,CUST0109,2023-04-10,Shipped
ORD04737,CUST0183,2023-08-08,Delivered
ORD04738,CUST0192,2023-09-19,Processing
ORD04739,CUST0065,2023-05-16,Delivered
ORD04740,CUST0849,2024-12-08,Delivered
ORD04741,CUST0963,2023-11-07,Delivered
ORD04742,CUST0474,2023-02-04,Delivered
ORD04743,CUST0783,2024-11-06,Processing
ORD04744,CUST0100,2023-11-18,Delivered
ORD04745,CUST0544,2024-10-05,Processing
ORD04746,CUST0864,2023-04-01,Delivered
ORD04747,CUST0128,2024-11-25,Delivered
ORD04748,CUST0452,2024-08-01,Delivered
ORD04749,CUST0914,2023-06-06,Delivered
ORD04750,CUST0369,2023-07-28,Shipped
ORD04751,CUST0851,2023-04-20,Processing
ORD04752,CUST0043,2024-08-09,Delivered
ORD04753,CUST0884,2024-04-06,Delivered
ORD04754,CUST0419,2023-10-06,Delivered
ORD04755,CUST0488,2023-02-13,Delivered
ORD04756,CUST0078,2023-01-15,Delivered
ORD04757,CUST0826,2024-10-13,Delivered
ORD04758,CUST0801,2024-12-15,Delivered
ORD04759,CUST0270,2024-11-19,Delivered
ORD04760,CUST0674,2024-11-17,Delivered
ORD04761,CUST0701,2024-03-28,Delivered
ORD04762,CUST0759,2024-03-02,Shipped
ORD04763,CUST0900,2023-02-12,Delivered
ORD04764,CUST0728,2024-02-14,Returned
ORD04765,CUST0315,2024-06-12,Delivered
ORD04766,CUST0925,2023-05-07,Delivered
ORD04767,CUST0851,2023-04-25,Delivered
ORD04768,CUST0902,2023-07-19,Delivered
ORD04769,CUST0889,2023-09-10,Processing
ORD04770,CUST0993,2024-04-01,Delivered
ORD04771,CUST0945,2023-12-09,Cancelled
ORD04772,CUST0168,2024-06-23,Cancelled
ORD04773,CUST0339,2024-06-07,Delivered
ORD04774,CUST0193,2024-03-02,Delivered
ORD04775,CUST0453,2023-12-21,Shipped
ORD04776,CUST0283,2023-05-02,Delivered
ORD04777,CUST0336,2024-07-13,Shipped
ORD04778,CUST0390,2024-02-10,Delivered
ORD04779,CUST1000,2024-11-18,Delivered
ORD04780,CUST0525,2024-01-28,Delivered
ORD04781,CUST0240,2024-02-11,Delivered
ORD04782,CUST0832,2023-05-17,Cancelled
ORD04783,CUST0958,2023-01-04,Delivered
ORD04784,CUST0483,2023-10-18,Processing
ORD04785,CUST0659,2024-01-17,Delivered
ORD04786,CUST0716,2023-09-12,Delivered
ORD04787,CUST0592,2023-07-11,Delivered
ORD04788,CUST0891,2024-05-11,Delivered
ORD04789,CUST0555,2024-06-26,Delivered
ORD04790,CUST0458,2023-12-25,Delivered
ORD04791,CUST0089,2024-07-17,Processing
ORD04792,CUST0660,2023-10-18,Delivered
ORD04793,CUST0095,2023-12-05,Delivered
ORD04794,CUST0452,2024-05-23,Processing
ORD04795,CUST0428,2024-10-21,Shipped
ORD04796,CUST0151,2024-03-25,Delivered
ORD04797,CUST0514,2023-02-13,Delivered
ORD04798,CUST0376,2024-06-02,Cancelled
ORD04799,CUST0022,2023-05-05,Delivered
ORD04800,CUST0883,2023-06-07,Delivered
ORD04801,CUST0313,2024-11-05,Delivered
ORD04802,CUST0997,2024-08-09,Processing
ORD04803,CUST0840,2023-01-03,Delivered
ORD04804,CUST0519,2023-11-09,Returned
ORD04805,CUST0206,2024-11-08,Delivered
ORD04806,CUST0952,2024-12-06,Processing
ORD04807,CUST0375,2024-02-22,Delivered
ORD04808,CUST0451,2024-11-11,Delivered
ORD04809,CUST0626,2024-11-09,Cancelled
ORD04810,CUST0784,2024-09-11,Delivered
ORD04811,CUST0595,2023-10-27,Delivered
ORD04812,CUST0179,2024-11-25,Delivered
ORD04813,CUST0210,2023-04-01,Delivered
ORD04814,CUST0500,2024-07-11,Delivered
ORD04815,CUST0464,2024-07-24,Shipped
ORD04816,CUST0840,2024-01-19,Delivered
ORD04817,CUST0124,2024-11-09,Delivered
ORD04818,CUST0993,2023-11-18,Delivered
ORD04819,CUST0113,2023-11-08,Shipped
ORD04820,CUST0012,2023-07-05,Shipped
ORD04821,CUST0126,2023-10-17,Delivered
ORD04822,CUST0565,2024-06-13,Delivered
ORD04823,CUST0331,2024-08-10,Cancelled
ORD04824,CUST0901,2023-04-20,Delivered
ORD04825,CUST0283,2024-12-22,Processing
ORD04826,CUST0140,2023-11-02,Processing
ORD04827,CUST0401,2024-06-14,Processing
ORD04828,CUST0902,2023-06-01,Delivered
ORD04829,CUST0097,2024-12-04,Processing
ORD04830,CUST0517,2024-04-16,Shipped
ORD04831,CUST0569,2024-09-13,Delivered
ORD04832,CUST0924,2024-11-10,Delivered
ORD04833,CUST0846,2023-09-06,Delivered
ORD04834,CUST0069,2024-03-11,Delivered
ORD04835,CUST0118,2024-11-04,Delivered
ORD04836,CUST0888,2023-02-24,Delivered
ORD04837,CUST0059,2023-03-14,Delivered
ORD04838,CUST0033,2024-12-26,Delivered
ORD04839,CUST0318,2023-12-01,Delivered
ORD04840,CUST0050,2024-03-05,Shipped
ORD04841,CUST0880,2024-12-12,Cancelled
ORD04842,CUST0489,2024-10-03,Delivered
ORD04843,CUST0019,2023-03-10,Delivered
ORD04844,CUST0726,2024-02-19,Delivered
ORD04845,CUST0197,2023-12-20,Shipped
ORD04846,CUST0891,2023-11-07,Shipped
ORD04847,CUST0450,2023-12-27,Cancelled
ORD04848,CUST0990,2024-02-19,Delivered
ORD04849,CUST0559,2024-09-17,Cancelled
ORD04850,CUST0679,2023-11-10,Delivered
ORD04851,CUST0452,2023-02-20,Delivered
ORD04852,CUST0289,2024-03-25,Delivered
ORD04853,CUST0141,2023-07-08,Cancelled
ORD04854,CUST0084,2024-01-28,Delivered
ORD04855,CUST0694,2024-10-23,Shipped
ORD04856,CUST0391,2024-11-12,Processing
ORD04857,CUST0591,2024-05-23,Delivered
ORD04858,CUST0215,2024-06-08,Delivered
ORD04859,CUST0526,2024-10-07,Cancelled
ORD04860,CUST0215,2023-07-23,Delivered
ORD04861,CUST0403,2023-01-02,Delivered
ORD04862,CUST0128,2023-03-15,Delivered
ORD04863,CUST0822,2023-03-03,Delivered
ORD04864,CUST0477,2024-11-23,Delivered
ORD04865,CUST0760,2024-08-23,Delivered
ORD04866,CUST0404,2024-07-04,Delivered
ORD04867,CUST0029,2024-12-07,Delivered
ORD04868,CUST0792,2024-09-12,Cancelled
ORD04869,CUST0338,2023-06-12,Returned
ORD04870,CUST0831,2023-01-27,Shipped
ORD04871,CUST0714,2024-06-27,Delivered
ORD04872,CUST0361,2024-07-13,Cancelled
ORD04873,CUST0569,2024-07-27,Delivered
ORD04874,CUST0392,2024-10-23,Delivered
ORD04875,CUST0218,2024-09-25,Cancelled
ORD04876,CUST0574,2023-01-26,Shipped
ORD04877,CUST0669,2023-12-14,Shipped
ORD04878,CUST0202,2023-07-11,Shipped
ORD04879,CUST0017,2023-01-05,Delivered
ORD04880,CUST0322,2023-08-16,Delivered
ORD04881,CUST0518,2024-12-24,Shipped
ORD04882,CUST0570,2023-06-25,Delivered
ORD04883,CUST0325,2023-09-23,Delivered
ORD04884,CUST0412,2024-11-12,Processing
ORD04885,CUST0318,2024-01-16,Processing
ORD04886,CUST0681,2023-04-11,Delivered
ORD04887,CUST0965,2024-08-17,Processing
ORD04888,CUST0082,2023-07-24,Processing
ORD04889,CUST0474,2023-07-24,Shipped
ORD04890,CUST0468,2024-08-25,Delivered
ORD04891,CUST0425,2024-01-11,Delivered
ORD04892,CUST0945,2023-06-21,Delivered
ORD04893,CUST0731,2023-07-14,Delivered
ORD04894,CUST0689,2024-12-20,Delivered
ORD04895,CUST0204,2023-12-27,Delivered
ORD04896,CUST0583,2023-07-10,Delivered
ORD04897,CUST0387,2023-11-22,Cancelled
ORD04898,CUST0778,2024-06-01,Delivered
ORD04899,CUST0098,2023-01-27,Shipped
ORD04900,CUST0345,2024-04-01,Shipped
ORD04901,CUST0803,2024-01-03,Delivered
ORD04902,CUST0208,2024-08-18,Cancelled
ORD04903,CUST0514,2024-01-28,Delivered
ORD04904,CUST0636,2024-11-22,Delivered
ORD04905,CUST0792,2023-07-19,Shipped
ORD04906,CUST0586,2023-08-18,Delivered
ORD04907,CUST0166,2024-11-28,Shipped
ORD04908,CUST0022,2023-12-13,Delivered
ORD04909,CUST0154,2024-03-21,Processing
ORD04910,CUST0939,2023-01-14,Delivered
ORD04911,CUST0439,2023-05-08,Shipped
ORD04912,CUST0295,2024-01-05,Delivered
ORD04913,CUST0219,2024-03-10,Shipped
ORD04914,CUST0669,2024-06-14,Processing
ORD04915,CUST0495,2023-10-12,Delivered
ORD04916,CUST0230,2023-11-10,Delivered
ORD04917,CUST0020,2024-12-23,Delivered
ORD04918,CUST0987,2023-02-05,Cancelled
ORD04919,CUST0553,2023-11-01,Delivered
ORD04920,CUST0950,2023-02-25,Processing
ORD04921,CUST0148,2024-12-04,Processing
ORD04922,CUST0108,2024-05-17,Delivered
ORD04923,CUST0403,2024-08-16,Delivered
ORD04924,CUST0596,2024-11-12,Delivered
ORD04925,CUST0483,2023-06-13,Processing
ORD04926,CUST0367,2023-08-09,Delivered
ORD04927,CUST0834,2023-12-20,Delivered
ORD04928,CUST0414,2023-12-06,Processing
ORD04929,CUST0309,2023-05-17,Delivered
ORD04930,CUST0802,2023-07-25,Shipped
ORD04931,CUST0918,2024-01-28,Delivered
ORD04932,CUST0835,2024-11-14,Delivered
ORD04933,CUST0134,2023-11-25,Processing
ORD04934,CUST0719,2024-04-07,Delivered
ORD04935,CUST0283,2024-11-24,Delivered
ORD04936,CUST0778,2023-12-24,Processing
ORD04937,CUST0073,2023-11-25,Delivered
ORD04938,CUST0481,2024-08-15,Returned
ORD04939,CUST0352,2024-05-12,Returned
ORD04940,CUST0560,2023-12-02,Delivered
ORD04941,CUST0326,2024-03-19,Delivered
ORD04942,CUST0745,2024-01-22,Shipped
ORD04943,CUST0443,2024-09-14,Delivered
ORD04944,CUST0100,2023-12-28,Delivered
ORD04945,CUST0059,2024-02-27,Shipped
ORD04946,CUST0508,2023-09-18,Delivered
ORD04947,CUST0258,2023-09-16,Cancelled
ORD04948,CUST0413,2024-08-18,Delivered
ORD04949,CUST0452,2024-02-26,Delivered
ORD04950,CUST0065,2023-11-21,Delivered
ORD04951,CUST0595,2024-04-18,Returned
ORD04952,CUST0154,2024-05-28,Shipped
ORD04953,CUST0985,2023-01-10,Processing
ORD04954,CUST0266,2023-10-27,Delivered
ORD04955,CUST0821,2024-12-09,Delivered
ORD04956,CUST0079,2024-11-03,Delivered
ORD04957,CUST0315,2024-02-10,Delivered
ORD04958,CUST0662,2024-06-01,Delivered
ORD04959,CUST0947,2024-05-23,Shipped
ORD04960,CUST0560,2023-11-17,Delivered
ORD04961,CUST0917,2023-06-04,Cancelled
ORD04962,CUST0891,2024-11-11,Delivered
ORD04963,CUST0248,2023-03-07,Returned
ORD04964,CUST0790,2023-04-09,Delivered
ORD04965,CUST0868,2024-11-18,Delivered
ORD04966,CUST0610,2023-11-18,Delivered
ORD04967,CUST0414,2024-12-22,Delivered
ORD04968,CUST0025,2024-02-13,Delivered
ORD04969,CUST0284,2023-05-14,Delivered
ORD04970,CUST0449,2023-09-09,Delivered
ORD04971,CUST0881,2023-03-04,Shipped
ORD04972,CUST0301,2023-02-16,Shipped
ORD04973,CUST0068,2023-07-12,Processing
ORD04974,CUST0007,2024-08-09,Delivered
ORD04975,CUST0817,2023-09-18,Delivered
ORD04976,CUST0137,2023-02-06,Delivered
ORD04977,CUST0164,2023-09-19,Delivered
ORD04978,CUST0083,2023-09-01,Delivered
ORD04979,CUST0897,2024-04-23,Delivered
ORD04980,CUST0650,2023-03-27,Delivered
ORD04981,CUST0420,2023-12-01,Delivered
ORD04982,CUST0073,2024-08-24,Delivered
ORD04983,CUST0237,2023-07-08,Shipped
ORD04984,CUST0046,2023-06-20,Shipped
ORD04985,CUST0618,2024-04-17,Cancelled
ORD04986,CUST0928,2024-05-13,Shipped
ORD04987,CUST0800,2024-12-10,Delivered
ORD04988,CUST0262,2024-04-28,Cancelled
ORD04989,CUST0176,2023-10-09,Processing
ORD04990,CUST0166,2024-01-04,Delivered
ORD04991,CUST0657,2024-09-24,Delivered
ORD04992,CUST0842,2024-10-19,Returned
ORD04993,CUST0370,2023-11-19,Delivered
ORD04994,CUST0795,2023-12-08,Cancelled
ORD04995,CUST0054,2023-10-08,Delivered
ORD04996,CUST0690,2023-10-24,Delivered
ORD04997,CUST0419,2023-10-05,Delivered
ORD04998,CUST0756,2023-05-04,Delivered
ORD04999,CUST0507,2023-09-23,Processing
ORD05000,CUST0341,2023-11-01,Returned
