order_id,product_id,product_name,category,quantity,unit_price,total_price
ORD00001,PROD0007,Gaming Mouse,Electronics,1,109.76,109.76
ORD00001,PROD0001,Wireless Headphones,Electronics,2,220.67,441.34
ORD00001,PROD0058,Eye Cream,Beauty,1,71.04,71.04
ORD00001,PROD0045,Self-Help Bestseller,Books,2,13.44,26.88
ORD00002,PROD0050,Graphic Novel,Books,1,18.57,18.57
ORD00002,PROD0052,SPF Sunscreen,Beauty,3,19.96,59.88
ORD00003,PROD0040,Fitness Tracker,Sports,2,99.28,198.56
ORD00004,PROD0069,Science Experiment Kit,Toys,2,27.62,55.24
ORD00004,PROD0079,Multivitamins,Food & Grocery,2,20.74,41.48
ORD00004,PROD0021,Coffee Maker,Home & Kitchen,3,168.93,506.79
ORD00005,PROD0036,Jump Rope,Sports,2,20.14,40.28
ORD00005,PROD0049,Travel Photography,Books,3,39.07,117.21
ORD00005,PROD0023,Blender,Home & Kitchen,1,60.62,60.62
ORD00006,PROD0067,Card Game Pack,Toys,1,11.89,11.89
ORD00006,PROD0049,Travel Photography,Books,2,39.07,78.14
ORD00007,PROD0023,Blender,Home & Kitchen,1,60.62,60.62
ORD00007,PROD0034,Water Bottle,Sports,3,49.06,147.18
ORD00007,PROD0019,Cap,Clothing,3,34.28,102.84
ORD00008,PROD0002,Smart Watch,Electronics,2,110.0,220.0
ORD00008,PROD0044,Business Strategy,Books,2,25.81,51.62
ORD00009,PROD0039,Protein Shaker,Sports,2,31.54,63.08
ORD00009,PROD0016,Hoodie,Clothing,1,57.25,57.25
ORD00009,PROD0025,Knife Set,Home & Kitchen,2,144.87,289.74
ORD00010,PROD0073,Matcha Green Tea,Food & Grocery,2,31.91,63.82
ORD00011,PROD0049,Travel Photography,Books,1,39.07,39.07
ORD00011,PROD0067,Card Game Pack,Toys,1,11.89,11.89
ORD00011,PROD0006,Mechanical Keyboard,Electronics,1,151.5,151.5
ORD00011,PROD0014,Winter Jacket,Clothing,3,87.84,263.52
ORD00012,PROD0024,Toaster,Home & Kitchen,3,29.33,87.99
ORD00012,PROD0040,Fitness Tracker,Sports,2,99.28,198.56
ORD00012,PROD0029,LED Desk Lamp,Home & Kitchen,1,80.09,80.09
ORD00012,PROD0043,ML Engineering Guide,Books,2,29.52,59.04
ORD00013,PROD0038,Gym Bag,Sports,2,65.2,130.4
ORD00014,PROD0045,Self-Help Bestseller,Books,2,13.44,26.88
ORD00014,PROD0064,Action Figure,Toys,2,30.54,61.08
ORD00015,PROD0073,Matcha Green Tea,Food & Grocery,2,31.91,63.82
ORD00015,PROD0003,Bluetooth Speaker,Electronics,1,63.0,63.0
ORD00016,PROD0073,Matcha Green Tea,Food & Grocery,3,31.91,95.73
ORD00016,PROD0047,Cook Book,Books,1,17.53,17.53
ORD00016,PROD0002,Smart Watch,Electronics,3,110.0,330.0
ORD00016,PROD0069,Science Experiment Kit,Toys,2,27.62,55.24
ORD00017,PROD0070,Plush Stuffed Animal,Toys,2,16.69,33.38
ORD00017,PROD0041,Python Programming,Books,3,41.14,123.42
ORD00017,PROD0067,Card Game Pack,Toys,1,11.89,11.89
ORD00018,PROD0052,SPF Sunscreen,Beauty,1,19.96,19.96
ORD00018,PROD0025,Knife Set,Home & Kitchen,3,144.87,434.61
ORD00018,PROD0009,Phone Case,Electronics,2,22.66,45.32
ORD00018,PROD0036,Jump Rope,Sports,2,20.14,40.28
ORD00019,PROD0053,Lipstick Set,Beauty,2,19.34,38.68
ORD00019,PROD0023,Blender,Home & Kitchen,1,60.62,60.62
ORD00019,PROD0048,World History,Books,2,25.51,51.02
ORD00019,PROD0078,Raw Honey,Food & Grocery,1,18.09,18.09
ORD00020,PROD0030,Throw Pillow,Home & Kitchen,1,42.17,42.17
ORD00020,PROD0031,Yoga Mat,Sports,1,68.43,68.43
ORD00020,PROD0002,Smart Watch,Electronics,1,110.0,110.0
ORD00020,PROD0056,Hair Conditioner,Beauty,3,28.27,84.81
ORD00021,PROD0024,Toaster,Home & Kitchen,2,29.33,58.66
ORD00021,PROD0039,Protein Shaker,Sports,1,31.54,31.54
ORD00021,PROD0043,ML Engineering Guide,Books,3,29.52,88.56
ORD00021,PROD0040,Fitness Tracker,Sports,3,99.28,297.84
ORD00022,PROD0040,Fitness Tracker,Sports,1,99.28,99.28
ORD00022,PROD0069,Science Experiment Kit,Toys,2,27.62,55.24
ORD00023,PROD0046,Science Fiction Novel,Books,3,13.49,40.47
ORD00023,PROD0063,1000-Piece Puzzle,Toys,2,26.71,53.42
ORD00023,PROD0055,Argan Shampoo,Beauty,3,29.44,88.32
ORD00024,PROD0006,Mechanical Keyboard,Electronics,2,151.5,303.0
ORD00025,PROD0006,Mechanical Keyboard,Electronics,3,151.5,454.5
ORD00025,PROD0064,Action Figure,Toys,2,30.54,61.08
ORD00025,PROD0022,Air Fryer,Home & Kitchen,1,143.78,143.78
ORD00026,PROD0036,Jump Rope,Sports,3,20.14,60.42
ORD00027,PROD0058,Eye Cream,Beauty,1,71.04,71.04
ORD00028,PROD0046,Science Fiction Novel,Books,2,13.49,26.98
ORD00028,PROD0040,Fitness Tracker,Sports,1,99.28,99.28
ORD00028,PROD0031,Yoga Mat,Sports,3,68.43,205.29
ORD00029,PROD0028,Storage Organizer,Home & Kitchen,3,24.84,74.52
ORD00029,PROD0073,Matcha Green Tea,Food & Grocery,2,31.91,63.82
ORD00030,PROD0056,Hair Conditioner,Beauty,1,28.27,28.27
ORD00031,PROD0048,World History,Books,2,25.51,51.02
ORD00032,PROD0055,Argan Shampoo,Beauty,3,29.44,88.32
ORD00032,PROD0077,Mixed Nuts Pack,Food & Grocery,2,37.44,74.88
ORD00032,PROD0006,Mechanical Keyboard,Electronics,1,151.5,151.5
ORD00032,PROD0031,Yoga Mat,Sports,2,68.43,136.86
ORD00033,PROD0076,Artisan Pasta,Food & Grocery,1,10.93,10.93
ORD00033,PROD0029,LED Desk Lamp,Home & Kitchen,1,80.09,80.09
ORD00034,PROD0069,Science Experiment Kit,Toys,3,27.62,82.86
ORD00034,PROD0036,Jump Rope,Sports,2,20.14,40.28
ORD00034,PROD0025,Knife Set,Home & Kitchen,2,144.87,289.74
ORD00035,PROD0035,Running Shoes,Sports,3,99.21,297.63
ORD00035,PROD0023,Blender,Home & Kitchen,1,60.62,60.62
ORD00035,PROD0048,World History,Books,3,25.51,76.53
ORD00036,PROD0029,LED Desk Lamp,Home & Kitchen,3,80.09,240.27
ORD00036,PROD0053,Lipstick Set,Beauty,3,19.34,58.02
ORD00036,PROD0011,T-Shirt,Clothing,3,18.75,56.25
ORD00036,PROD0025,Knife Set,Home & Kitchen,3,144.87,434.61
ORD00037,PROD0009,Phone Case,Electronics,1,22.66,22.66
ORD00037,PROD0014,Winter Jacket,Clothing,2,87.84,175.68
ORD00037,PROD0080,Healthy Snack Box,Food & Grocery,2,23.63,47.26
ORD00038,PROD0058,Eye Cream,Beauty,1,71.04,71.04
ORD00038,PROD0008,Portable Monitor,Electronics,2,144.34,288.68
ORD00039,PROD0079,Multivitamins,Food & Grocery,2,20.74,41.48
ORD00040,PROD0070,Plush Stuffed Animal,Toys,2,16.69,33.38
ORD00040,PROD0001,Wireless Headphones,Electronics,1,220.67,220.67
ORD00040,PROD0058,Eye Cream,Beauty,3,71.04,213.12
ORD00041,PROD0031,Yoga Mat,Sports,2,68.43,136.86
ORD00041,PROD0068,Art & Craft Kit,Toys,1,13.06,13.06
ORD00041,PROD0060,Nail Polish Set,Beauty,2,16.35,32.7
ORD00042,PROD0064,Action Figure,Toys,3,30.54,91.62
ORD00043,PROD0024,Toaster,Home & Kitchen,1,29.33,29.33
ORD00044,PROD0021,Coffee Maker,Home & Kitchen,1,168.93,168.93
ORD00044,PROD0056,Hair Conditioner,Beauty,2,28.27,56.54
ORD00045,PROD0004,USB-C Hub,Electronics,1,33.39,33.39
ORD00046,PROD0037,Foam Roller,Sports,2,53.18,106.36
ORD00046,PROD0044,Business Strategy,Books,3,25.81,77.43
ORD00046,PROD0006,Mechanical Keyboard,Electronics,3,151.5,454.5
ORD00046,PROD0022,Air Fryer,Home & Kitchen,1,143.78,143.78
ORD00047,PROD0078,Raw Honey,Food & Grocery,3,18.09,54.27
ORD00048,PROD0027,Mug Set,Home & Kitchen,3,18.25,54.75
ORD00048,PROD0059,Vitamin C Serum,Beauty,1,28.13,28.13
ORD00048,PROD0040,Fitness Tracker,Sports,1,99.28,99.28
ORD00048,PROD0024,Toaster,Home & Kitchen,3,29.33,87.99
ORD00049,PROD0032,Adjustable Dumbbells,Sports,1,159.46,159.46
ORD00049,PROD0068,Art & Craft Kit,Toys,2,13.06,26.12
ORD00050,PROD0026,Cutting Board,Home & Kitchen,1,23.46,23.46
ORD00051,PROD0063,1000-Piece Puzzle,Toys,1,26.71,26.71
ORD00051,PROD0016,Hoodie,Clothing,3,57.25,171.75
ORD00051,PROD0024,Toaster,Home & Kitchen,2,29.33,58.66
ORD00052,PROD0062,Strategy Board Game,Toys,2,43.8,87.6
ORD00053,PROD0018,Ankle Socks,Clothing,1,13.84,13.84
ORD00053,PROD0067,Card Game Pack,Toys,1,11.89,11.89
ORD00053,PROD0021,Coffee Maker,Home & Kitchen,2,168.93,337.86
ORD00053,PROD0022,Air Fryer,Home & Kitchen,1,143.78,143.78
ORD00054,PROD0035,Running Shoes,Sports,1,99.21,99.21
ORD00055,PROD0002,Smart Watch,Electronics,3,110.0,330.0
ORD00055,PROD0033,Resistance Bands,Sports,3,26.09,78.27
ORD00055,PROD0078,Raw Honey,Food & Grocery,3,18.09,54.27
ORD00056,PROD0005,Webcam,Electronics,1,143.11,143.11
ORD00056,PROD0006,Mechanical Keyboard,Electronics,2,151.5,303.0
ORD00057,PROD0071,Whey Protein Bar,Food & Grocery,3,22.38,67.14
ORD00057,PROD0025,Knife Set,Home & Kitchen,1,144.87,144.87
ORD00057,PROD0073,Matcha Green Tea,Food & Grocery,3,31.91,95.73
ORD00058,PROD0079,Multivitamins,Food & Grocery,2,20.74,41.48
ORD00059,PROD0030,Throw Pillow,Home & Kitchen,2,42.17,84.34
ORD00059,PROD0035,Running Shoes,Sports,2,99.21,198.42
ORD00060,PROD0051,Face Moisturizer,Beauty,1,39.06,39.06
ORD00061,PROD0073,Matcha Green Tea,Food & Grocery,3,31.91,95.73
ORD00061,PROD0074,Granola Mix,Food & Grocery,2,13.35,26.7
ORD00062,PROD0005,Webcam,Electronics,2,143.11,286.22
ORD00063,PROD0080,Healthy Snack Box,Food & Grocery,2,23.63,47.26
ORD00063,PROD0008,Portable Monitor,Electronics,2,144.34,288.68
ORD00063,PROD0033,Resistance Bands,Sports,3,26.09,78.27
ORD00064,PROD0024,Toaster,Home & Kitchen,1,29.33,29.33
ORD00064,PROD0074,Granola Mix,Food & Grocery,3,13.35,40.05
ORD00065,PROD0021,Coffee Maker,Home & Kitchen,3,168.93,506.79
ORD00066,PROD0041,Python Programming,Books,3,41.14,123.42
ORD00067,PROD0051,Face Moisturizer,Beauty,1,39.06,39.06
ORD00067,PROD0067,Card Game Pack,Toys,1,11.89,11.89
ORD00067,PROD0031,Yoga Mat,Sports,1,68.43,68.43
ORD00068,PROD0015,Summer Dress,Clothing,3,67.24,201.72
ORD00068,PROD0061,LEGO Creator Set,Toys,1,99.16,99.16
ORD00069,PROD0019,Cap,Clothing,1,34.28,34.28
ORD00069,PROD0080,Healthy Snack Box,Food & Grocery,1,23.63,23.63
ORD00070,PROD0008,Portable Monitor,Electronics,1,144.34,144.34
ORD00070,PROD0076,Artisan Pasta,Food & Grocery,2,10.93,21.86
ORD00071,PROD0029,LED Desk Lamp,Home & Kitchen,1,80.09,80.09
ORD00071,PROD0072,Premium Coffee Beans,Food & Grocery,3,43.12,129.36
ORD00071,PROD0075,Extra Virgin Olive Oil,Food & Grocery,2,26.39,52.78
ORD00071,PROD0031,Yoga Mat,Sports,1,68.43,68.43
ORD00072,PROD0070,Plush Stuffed Animal,Toys,1,16.69,16.69
ORD00072,PROD0054,Foundation,Beauty,1,57.15,57.15
ORD00073,PROD0066,RC Racing Car,Toys,2,74.32,148.64
ORD00073,PROD0009,Phone Case,Electronics,3,22.66,67.98
ORD00074,PROD0001,Wireless Headphones,Electronics,3,220.67,662.01
ORD00074,PROD0062,Strategy Board Game,Toys,2,43.8,87.6
ORD00074,PROD0013,Sneakers,Clothing,1,42.92,42.92
ORD00075,PROD0018,Ankle Socks,Clothing,1,13.84,13.84
ORD00076,PROD0022,Air Fryer,Home & Kitchen,2,143.78,287.56
ORD00076,PROD0009,Phone Case,Electronics,1,22.66,22.66
ORD00076,PROD0030,Throw Pillow,Home & Kitchen,1,42.17,42.17
ORD00076,PROD0003,Bluetooth Speaker,Electronics,2,63.0,126.0
ORD00077,PROD0063,1000-Piece Puzzle,Toys,3,26.71,80.13
ORD00078,PROD0068,Art & Craft Kit,Toys,3,13.06,39.18
ORD00078,PROD0017,Running Shorts,Clothing,2,23.82,47.64
ORD00079,PROD0072,Premium Coffee Beans,Food & Grocery,1,43.12,43.12
ORD00080,PROD0006,Mechanical Keyboard,Electronics,1,151.5,151.5
ORD00080,PROD0076,Artisan Pasta,Food & Grocery,1,10.93,10.93
ORD00081,PROD0042,Data Science Handbook,Books,2,26.6,53.2
ORD00081,PROD0077,Mixed Nuts Pack,Food & Grocery,1,37.44,37.44
ORD00082,PROD0048,World History,Books,1,25.51,25.51
ORD00082,PROD0009,Phone Case,Electronics,3,22.66,67.98
ORD00082,PROD0079,Multivitamins,Food & Grocery,1,20.74,20.74
ORD00082,PROD0047,Cook Book,Books,2,17.53,35.06
ORD00083,PROD0002,Smart Watch,Electronics,2,110.0,220.0
ORD00083,PROD0078,Raw Honey,Food & Grocery,1,18.09,18.09
ORD00083,PROD0009,Phone Case,Electronics,3,22.66,67.98
ORD00084,PROD0040,Fitness Tracker,Sports,2,99.28,198.56
ORD00084,PROD0025,Knife Set,Home & Kitchen,2,144.87,289.74
ORD00085,PROD0016,Hoodie,Clothing,3,57.25,171.75
ORD00085,PROD0018,Ankle Socks,Clothing,2,13.84,27.68
ORD00086,PROD0068,Art & Craft Kit,Toys,2,13.06,26.12
ORD00086,PROD0013,Sneakers,Clothing,2,42.92,85.84
ORD00086,PROD0009,Phone Case,Electronics,3,22.66,67.98
ORD00087,PROD0033,Resistance Bands,Sports,3,26.09,78.27
ORD00087,PROD0024,Toaster,Home & Kitchen,1,29.33,29.33
ORD00088,PROD0077,Mixed Nuts Pack,Food & Grocery,2,37.44,74.88
ORD00088,PROD0032,Adjustable Dumbbells,Sports,2,159.46,318.92
ORD00089,PROD0041,Python Programming,Books,3,41.14,123.42
ORD00089,PROD0022,Air Fryer,Home & Kitchen,2,143.78,287.56
ORD00089,PROD0072,Premium Coffee Beans,Food & Grocery,1,43.12,43.12
ORD00089,PROD0009,Phone Case,Electronics,3,22.66,67.98
ORD00090,PROD0030,Throw Pillow,Home & Kitchen,3,42.17,126.51
ORD00091,PROD0035,Running Shoes,Sports,1,99.21,99.21
ORD00091,PROD0013,Sneakers,Clothing,1,42.92,42.92
ORD00092,PROD0074,Granola Mix,Food & Grocery,3,13.35,40.05
ORD00093,PROD0003,Bluetooth Speaker,Electronics,2,63.0,126.0
ORD00093,PROD0046,Science Fiction Novel,Books,3,13.49,40.47
ORD00093,PROD0064,Action Figure,Toys,3,30.54,91.62
ORD00093,PROD0061,LEGO Creator Set,Toys,3,99.16,297.48
ORD00094,PROD0042,Data Science Handbook,Books,1,26.6,26.6
ORD00094,PROD0062,Strategy Board Game,Toys,3,43.8,131.4
ORD00095,PROD0076,Artisan Pasta,Food & Grocery,3,10.93,32.79
ORD00095,PROD0051,Face Moisturizer,Beauty,1,39.06,39.06
ORD00096,PROD0040,Fitness Tracker,Sports,1,99.28,99.28
ORD00096,PROD0079,Multivitamins,Food & Grocery,1,20.74,20.74
ORD00097,PROD0043,ML Engineering Guide,Books,1,29.52,29.52
ORD00098,PROD0025,Knife Set,Home & Kitchen,2,144.87,289.74
ORD00099,PROD0054,Foundation,Beauty,2,57.15,114.3
ORD00100,PROD0037,Foam Roller,Sports,2,53.18,106.36
ORD00100,PROD0072,Premium Coffee Beans,Food & Grocery,3,43.12,129.36
ORD00100,PROD0077,Mixed Nuts Pack,Food & Grocery,1,37.44,37.44
ORD00101,PROD0013,Sneakers,Clothing,1,42.92,42.92
ORD00101,PROD0006,Mechanical Keyboard,Electronics,2,151.5,303.0
ORD00102,PROD0036,Jump Rope,Sports,1,20.14,20.14
ORD00102,PROD0055,Argan Shampoo,Beauty,1,29.44,29.44
ORD00102,PROD0007,Gaming Mouse,Electronics,1,109.76,109.76
ORD00102,PROD0078,Raw Honey,Food & Grocery,3,18.09,54.27
ORD00103,PROD0068,Art & Craft Kit,Toys,3,13.06,39.18
ORD00104,PROD0016,Hoodie,Clothing,3,57.25,171.75
ORD00104,PROD0064,Action Figure,Toys,2,30.54,61.08
ORD00105,PROD0012,Jeans,Clothing,2,65.37,130.74
ORD00106,PROD0035,Running Shoes,Sports,3,99.21,297.63
ORD00107,PROD0048,World History,Books,2,25.51,51.02
ORD00107,PROD0044,Business Strategy,Books,1,25.81,25.81
ORD00107,PROD0039,Protein Shaker,Sports,3,31.54,94.62
ORD00108,PROD0064,Action Figure,Toys,2,30.54,61.08
ORD00108,PROD0005,Webcam,Electronics,1,143.11,143.11
ORD00108,PROD0037,Foam Roller,Sports,1,53.18,53.18
ORD00109,PROD0046,Science Fiction Novel,Books,1,13.49,13.49
ORD00110,PROD0041,Python Programming,Books,3,41.14,123.42
ORD00111,PROD0008,Portable Monitor,Electronics,1,144.34,144.34
ORD00112,PROD0035,Running Shoes,Sports,1,99.21,99.21
ORD00112,PROD0036,Jump Rope,Sports,3,20.14,60.42
ORD00112,PROD0004,USB-C Hub,Electronics,3,33.39,100.17
ORD00113,PROD0054,Foundation,Beauty,1,57.15,57.15
ORD00114,PROD0058,Eye Cream,Beauty,2,71.04,142.08
ORD00114,PROD0074,Granola Mix,Food & Grocery,1,13.35,13.35
ORD00115,PROD0036,Jump Rope,Sports,3,20.14,60.42
ORD00115,PROD0003,Bluetooth Speaker,Electronics,3,63.0,189.0
ORD00115,PROD0020,Scarf,Clothing,2,12.21,24.42
ORD00115,PROD0001,Wireless Headphones,Electronics,1,220.67,220.67
ORD00116,PROD0059,Vitamin C Serum,Beauty,3,28.13,84.39
ORD00117,PROD0022,Air Fryer,Home & Kitchen,2,143.78,287.56
ORD00117,PROD0072,Premium Coffee Beans,Food & Grocery,2,43.12,86.24
ORD00118,PROD0027,Mug Set,Home & Kitchen,3,18.25,54.75
ORD00118,PROD0075,Extra Virgin Olive Oil,Food & Grocery,1,26.39,26.39
ORD00118,PROD0029,LED Desk Lamp,Home & Kitchen,3,80.09,240.27
ORD00118,PROD0015,Summer Dress,Clothing,3,67.24,201.72
ORD00119,PROD0026,Cutting Board,Home & Kitchen,2,23.46,46.92
ORD00119,PROD0006,Mechanical Keyboard,Electronics,2,151.5,303.0
ORD00119,PROD0013,Sneakers,Clothing,1,42.92,42.92
ORD00120,PROD0037,Foam Roller,Sports,3,53.18,159.54
ORD00121,PROD0064,Action Figure,Toys,3,30.54,91.62
ORD00121,PROD0054,Foundation,Beauty,3,57.15,171.45
ORD00122,PROD0021,Coffee Maker,Home & Kitchen,2,168.93,337.86
ORD00122,PROD0014,Winter Jacket,Clothing,2,87.84,175.68
ORD00122,PROD0051,Face Moisturizer,Beauty,3,39.06,117.18
ORD00122,PROD0013,Sneakers,Clothing,1,42.92,42.92
ORD00123,PROD0069,Science Experiment Kit,Toys,1,27.62,27.62
ORD00123,PROD0079,Multivitamins,Food & Grocery,2,20.74,41.48
ORD00124,PROD0030,Throw Pillow,Home & Kitchen,2,42.17,84.34
ORD00125,PROD0074,Granola Mix,Food & Grocery,2,13.35,26.7
ORD00125,PROD0051,Face Moisturizer,Beauty,1,39.06,39.06
ORD00125,PROD0042,Data Science Handbook,Books,3,26.6,79.8
ORD00125,PROD0035,Running Shoes,Sports,2,99.21,198.42
ORD00126,PROD0049,Travel Photography,Books,1,39.07,39.07
ORD00126,PROD0060,Nail Polish Set,Beauty,1,16.35,16.35
ORD00126,PROD0001,Wireless Headphones,Electronics,3,220.67,662.01
ORD00126,PROD0078,Raw Honey,Food & Grocery,1,18.09,18.09
ORD00127,PROD0008,Portable Monitor,Electronics,3,144.34,433.02
ORD00128,PROD0048,World History,Books,1,25.51,25.51
ORD00128,PROD0028,Storage Organizer,Home & Kitchen,2,24.84,49.68
ORD00128,PROD0058,Eye Cream,Beauty,2,71.04,142.08
ORD00129,PROD0079,Multivitamins,Food & Grocery,1,20.74,20.74
ORD00129,PROD0005,Webcam,Electronics,2,143.11,286.22
ORD00129,PROD0014,Winter Jacket,Clothing,3,87.84,263.52
ORD00130,PROD0043,ML Engineering Guide,Books,3,29.52,88.56
ORD00130,PROD0064,Action Figure,Toys,1,30.54,30.54
ORD00130,PROD0065,Collectible Doll,Toys,2,52.93,105.86
ORD00131,PROD0056,Hair Conditioner,Beauty,3,28.27,84.81
ORD00131,PROD0026,Cutting Board,Home & Kitchen,1,23.46,23.46
ORD00131,PROD0021,Coffee Maker,Home & Kitchen,1,168.93,168.93
ORD00131,PROD0041,Python Programming,Books,2,41.14,82.28
ORD00132,PROD0078,Raw Honey,Food & Grocery,2,18.09,36.18
ORD00132,PROD0031,Yoga Mat,Sports,3,68.43,205.29
ORD00133,PROD0040,Fitness Tracker,Sports,2,99.28,198.56
ORD00133,PROD0026,Cutting Board,Home & Kitchen,2,23.46,46.92
ORD00134,PROD0020,Scarf,Clothing,2,12.21,24.42
ORD00135,PROD0053,Lipstick Set,Beauty,1,19.34,19.34
ORD00135,PROD0075,Extra Virgin Olive Oil,Food & Grocery,3,26.39,79.17
ORD00135,PROD0012,Jeans,Clothing,2,65.37,130.74
ORD00136,PROD0013,Sneakers,Clothing,3,42.92,128.76
ORD00137,PROD0016,Hoodie,Clothing,3,57.25,171.75
ORD00138,PROD0042,Data Science Handbook,Books,1,26.6,26.6
ORD00138,PROD0010,Tablet Stand,Electronics,2,16.34,32.68
ORD00138,PROD0002,Smart Watch,Electronics,1,110.0,110.0
ORD00138,PROD0011,T-Shirt,Clothing,1,18.75,18.75
ORD00139,PROD0011,T-Shirt,Clothing,3,18.75,56.25
ORD00139,PROD0058,Eye Cream,Beauty,3,71.04,213.12
ORD00139,PROD0009,Phone Case,Electronics,3,22.66,67.98
ORD00139,PROD0020,Scarf,Clothing,2,12.21,24.42
ORD00140,PROD0012,Jeans,Clothing,1,65.37,65.37
ORD00140,PROD0027,Mug Set,Home & Kitchen,3,18.25,54.75
ORD00140,PROD0015,Summer Dress,Clothing,3,67.24,201.72
ORD00141,PROD0003,Bluetooth Speaker,Electronics,1,63.0,63.0
ORD00141,PROD0017,Running Shorts,Clothing,1,23.82,23.82
ORD00142,PROD0078,Raw Honey,Food & Grocery,2,18.09,36.18
ORD00143,PROD0018,Ankle Socks,Clothing,1,13.84,13.84
ORD00144,PROD0034,Water Bottle,Sports,2,49.06,98.12
ORD00144,PROD0014,Winter Jacket,Clothing,3,87.84,263.52
ORD00144,PROD0001,Wireless Headphones,Electronics,1,220.67,220.67
ORD00144,PROD0077,Mixed Nuts Pack,Food & Grocery,3,37.44,112.32
ORD00145,PROD0080,Healthy Snack Box,Food & Grocery,2,23.63,47.26
ORD00146,PROD0051,Face Moisturizer,Beauty,3,39.06,117.18
ORD00146,PROD0027,Mug Set,Home & Kitchen,1,18.25,18.25
ORD00146,PROD0061,LEGO Creator Set,Toys,3,99.16,297.48
ORD00147,PROD0008,Portable Monitor,Electronics,2,144.34,288.68
ORD00147,PROD0034,Water Bottle,Sports,1,49.06,49.06
ORD00147,PROD0078,Raw Honey,Food & Grocery,3,18.09,54.27
ORD00147,PROD0041,Python Programming,Books,1,41.14,41.14
ORD00148,PROD0033,Resistance Bands,Sports,3,26.09,78.27
ORD00148,PROD0013,Sneakers,Clothing,1,42.92,42.92
ORD00148,PROD0009,Phone Case,Electronics,3,22.66,67.98
ORD00148,PROD0036,Jump Rope,Sports,3,20.14,60.42
ORD00149,PROD0050,Graphic Novel,Books,2,18.57,37.14
ORD00150,PROD0040,Fitness Tracker,Sports,1,99.28,99.28
ORD00150,PROD0068,Art & Craft Kit,Toys,1,13.06,13.06
ORD00150,PROD0064,Action Figure,Toys,3,30.54,91.62
ORD00151,PROD0039,Protein Shaker,Sports,1,31.54,31.54
ORD00152,PROD0054,Foundation,Beauty,3,57.15,171.45
ORD00152,PROD0044,Business Strategy,Books,3,25.81,77.43
ORD00152,PROD0029,LED Desk Lamp,Home & Kitchen,2,80.09,160.18
ORD00152,PROD0056,Hair Conditioner,Beauty,3,28.27,84.81
ORD00153,PROD0071,Whey Protein Bar,Food & Grocery,3,22.38,67.14
ORD00153,PROD0072,Premium Coffee Beans,Food & Grocery,3,43.12,129.36
ORD00154,PROD0005,Webcam,Electronics,2,143.11,286.22
ORD00154,PROD0078,Raw Honey,Food & Grocery,2,18.09,36.18
ORD00154,PROD0013,Sneakers,Clothing,1,42.92,42.92
ORD00155,PROD0080,Healthy Snack Box,Food & Grocery,1,23.63,23.63
ORD00156,PROD0013,Sneakers,Clothing,3,42.92,128.76
ORD00156,PROD0037,Foam Roller,Sports,1,53.18,53.18
ORD00156,PROD0015,Summer Dress,Clothing,2,67.24,134.48
ORD00156,PROD0079,Multivitamins,Food & Grocery,3,20.74,62.22
ORD00157,PROD0042,Data Science Handbook,Books,1,26.6,26.6
ORD00157,PROD0070,Plush Stuffed Animal,Toys,1,16.69,16.69
ORD00157,PROD0036,Jump Rope,Sports,2,20.14,40.28
ORD00157,PROD0047,Cook Book,Books,2,17.53,35.06
ORD00158,PROD0071,Whey Protein Bar,Food & Grocery,2,22.38,44.76
ORD00159,PROD0055,Argan Shampoo,Beauty,2,29.44,58.88
ORD00160,PROD0009,Phone Case,Electronics,3,22.66,67.98
ORD00160,PROD0018,Ankle Socks,Clothing,2,13.84,27.68
ORD00160,PROD0051,Face Moisturizer,Beauty,1,39.06,39.06
ORD00161,PROD0047,Cook Book,Books,2,17.53,35.06
ORD00161,PROD0037,Foam Roller,Sports,2,53.18,106.36
ORD00161,PROD0040,Fitness Tracker,Sports,1,99.28,99.28
ORD00162,PROD0024,Toaster,Home & Kitchen,2,29.33,58.66
ORD00162,PROD0012,Jeans,Clothing,1,65.37,65.37
ORD00163,PROD0021,Coffee Maker,Home & Kitchen,2,168.93,337.86
ORD00163,PROD0065,Collectible Doll,Toys,3,52.93,158.79
ORD00163,PROD0078,Raw Honey,Food & Grocery,3,18.09,54.27
ORD00164,PROD0041,Python Programming,Books,2,41.14,82.28
ORD00164,PROD0024,Toaster,Home & Kitchen,1,29.33,29.33
ORD00165,PROD0013,Sneakers,Clothing,3,42.92,128.76
ORD00166,PROD0017,Running Shorts,Clothing,2,23.82,47.64
ORD00167,PROD0068,Art & Craft Kit,Toys,2,13.06,26.12
ORD00167,PROD0075,Extra Virgin Olive Oil,Food & Grocery,2,26.39,52.78
ORD00167,PROD0056,Hair Conditioner,Beauty,2,28.27,56.54
ORD00167,PROD0043,ML Engineering Guide,Books,2,29.52,59.04
ORD00168,PROD0036,Jump Rope,Sports,1,20.14,20.14
ORD00169,PROD0067,Card Game Pack,Toys,2,11.89,23.78
ORD00170,PROD0060,Nail Polish Set,Beauty,3,16.35,49.05
ORD00170,PROD0017,Running Shorts,Clothing,3,23.82,71.46
ORD00171,PROD0002,Smart Watch,Electronics,2,110.0,220.0
ORD00171,PROD0035,Running Shoes,Sports,2,99.21,198.42
ORD00172,PROD0007,Gaming Mouse,Electronics,2,109.76,219.52
ORD00172,PROD0031,Yoga Mat,Sports,3,68.43,205.29
ORD00173,PROD0004,USB-C Hub,Electronics,3,33.39,100.17
ORD00174,PROD0039,Protein Shaker,Sports,1,31.54,31.54
ORD00174,PROD0049,Travel Photography,Books,2,39.07,78.14
ORD00174,PROD0036,Jump Rope,Sports,3,20.14,60.42
ORD00175,PROD0015,Summer Dress,Clothing,2,67.24,134.48
ORD00176,PROD0006,Mechanical Keyboard,Electronics,1,151.5,151.5
ORD00176,PROD0007,Gaming Mouse,Electronics,1,109.76,109.76
ORD00177,PROD0016,Hoodie,Clothing,2,57.25,114.5
ORD00177,PROD0071,Whey Protein Bar,Food & Grocery,1,22.38,22.38
ORD00178,PROD0034,Water Bottle,Sports,3,49.06,147.18
ORD00178,PROD0047,Cook Book,Books,2,17.53,35.06
ORD00178,PROD0059,Vitamin C Serum,Beauty,3,28.13,84.39
ORD00179,PROD0010,Tablet Stand,Electronics,2,16.34,32.68
ORD00180,PROD0041,Python Programming,Books,1,41.14,41.14
ORD00180,PROD0047,Cook Book,Books,1,17.53,17.53
ORD00181,PROD0064,Action Figure,Toys,1,30.54,30.54
ORD00182,PROD0076,Artisan Pasta,Food & Grocery,3,10.93,32.79
ORD00182,PROD0015,Summer Dress,Clothing,2,67.24,134.48
ORD00182,PROD0030,Throw Pillow,Home & Kitchen,3,42.17,126.51
ORD00182,PROD0029,LED Desk Lamp,Home & Kitchen,1,80.09,80.09
ORD00183,PROD0014,Winter Jacket,Clothing,3,87.84,263.52
ORD00184,PROD0031,Yoga Mat,Sports,1,68.43,68.43
ORD00184,PROD0080,Healthy Snack Box,Food & Grocery,3,23.63,70.89
ORD00185,PROD0074,Granola Mix,Food & Grocery,3,13.35,40.05
ORD00186,PROD0039,Protein Shaker,Sports,2,31.54,63.08
ORD00186,PROD0040,Fitness Tracker,Sports,1,99.28,99.28
ORD00187,PROD0056,Hair Conditioner,Beauty,2,28.27,56.54
ORD00187,PROD0046,Science Fiction Novel,Books,3,13.49,40.47
ORD00188,PROD0079,Multivitamins,Food & Grocery,1,20.74,20.74
ORD00188,PROD0074,Granola Mix,Food & Grocery,1,13.35,13.35
ORD00188,PROD0059,Vitamin C Serum,Beauty,2,28.13,56.26
ORD00189,PROD0006,Mechanical Keyboard,Electronics,3,151.5,454.5
ORD00190,PROD0063,1000-Piece Puzzle,Toys,1,26.71,26.71
ORD00191,PROD0063,1000-Piece Puzzle,Toys,2,26.71,53.42
ORD00191,PROD0075,Extra Virgin Olive Oil,Food & Grocery,2,26.39,52.78
ORD00191,PROD0065,Collectible Doll,Toys,1,52.93,52.93
ORD00191,PROD0017,Running Shorts,Clothing,2,23.82,47.64
ORD00192,PROD0059,Vitamin C Serum,Beauty,3,28.13,84.39
ORD00192,PROD0076,Artisan Pasta,Food & Grocery,3,10.93,32.79
ORD00192,PROD0013,Sneakers,Clothing,3,42.92,128.76
ORD00192,PROD0077,Mixed Nuts Pack,Food & Grocery,1,37.44,37.44
ORD00193,PROD0062,Strategy Board Game,Toys,1,43.8,43.8
ORD00194,PROD0021,Coffee Maker,Home & Kitchen,1,168.93,168.93
ORD00194,PROD0051,Face Moisturizer,Beauty,1,39.06,39.06
ORD00195,PROD0005,Webcam,Electronics,2,143.11,286.22
ORD00196,PROD0001,Wireless Headphones,Electronics,1,220.67,220.67
ORD00196,PROD0040,Fitness Tracker,Sports,3,99.28,297.84
ORD00196,PROD0064,Action Figure,Toys,1,30.54,30.54
ORD00196,PROD0016,Hoodie,Clothing,3,57.25,171.75
ORD00197,PROD0048,World History,Books,1,25.51,25.51
ORD00198,PROD0065,Collectible Doll,Toys,2,52.93,105.86
ORD00198,PROD0001,Wireless Headphones,Electronics,2,220.67,441.34
ORD00198,PROD0024,Toaster,Home & Kitchen,3,29.33,87.99
ORD00198,PROD0003,Bluetooth Speaker,Electronics,3,63.0,189.0
ORD00199,PROD0020,Scarf,Clothing,2,12.21,24.42
ORD00199,PROD0016,Hoodie,Clothing,3,57.25,171.75
ORD00199,PROD0042,Data Science Handbook,Books,2,26.6,53.2
ORD00199,PROD0036,Jump Rope,Sports,3,20.14,60.42
ORD00200,PROD0006,Mechanical Keyboard,Electronics,3,151.5,454.5
ORD00201,PROD0019,Cap,Clothing,1,34.28,34.28
ORD00201,PROD0068,Art & Craft Kit,Toys,3,13.06,39.18
ORD00201,PROD0049,Travel Photography,Books,3,39.07,117.21
ORD00201,PROD0024,Toaster,Home & Kitchen,1,29.33,29.33
ORD00202,PROD0001,Wireless Headphones,Electronics,2,220.67,441.34
ORD00202,PROD0057,Perfume,Beauty,3,50.54,151.62
ORD00202,PROD0070,Plush Stuffed Animal,Toys,2,16.69,33.38
ORD00202,PROD0006,Mechanical Keyboard,Electronics,1,151.5,151.5
ORD00203,PROD0037,Foam Roller,Sports,1,53.18,53.18
ORD00204,PROD0066,RC Racing Car,Toys,3,74.32,222.96
ORD00204,PROD0018,Ankle Socks,Clothing,1,13.84,13.84
ORD00204,PROD0076,Artisan Pasta,Food & Grocery,1,10.93,10.93
ORD00205,PROD0010,Tablet Stand,Electronics,1,16.34,16.34
ORD00205,PROD0071,Whey Protein Bar,Food & Grocery,3,22.38,67.14
ORD00205,PROD0003,Bluetooth Speaker,Electronics,2,63.0,126.0
ORD00206,PROD0043,ML Engineering Guide,Books,1,29.52,29.52
ORD00206,PROD0061,LEGO Creator Set,Toys,2,99.16,198.32
ORD00207,PROD0042,Data Science Handbook,Books,2,26.6,53.2
ORD00207,PROD0076,Artisan Pasta,Food & Grocery,1,10.93,10.93
ORD00207,PROD0050,Graphic Novel,Books,3,18.57,55.71
ORD00207,PROD0014,Winter Jacket,Clothing,1,87.84,87.84
ORD00208,PROD0030,Throw Pillow,Home & Kitchen,1,42.17,42.17
ORD00208,PROD0024,Toaster,Home & Kitchen,1,29.33,29.33
ORD00208,PROD0043,ML Engineering Guide,Books,3,29.52,88.56
ORD00208,PROD0038,Gym Bag,Sports,1,65.2,65.2
ORD00209,PROD0047,Cook Book,Books,3,17.53,52.59
ORD00209,PROD0046,Science Fiction Novel,Books,3,13.49,40.47
ORD00210,PROD0044,Business Strategy,Books,1,25.81,25.81
ORD00210,PROD0075,Extra Virgin Olive Oil,Food & Grocery,1,26.39,26.39
ORD00211,PROD0060,Nail Polish Set,Beauty,2,16.35,32.7
ORD00211,PROD0005,Webcam,Electronics,2,143.11,286.22
ORD00211,PROD0049,Travel Photography,Books,2,39.07,78.14
ORD00211,PROD0073,Matcha Green Tea,Food & Grocery,2,31.91,63.82
ORD00212,PROD0035,Running Shoes,Sports,1,99.21,99.21
ORD00213,PROD0014,Winter Jacket,Clothing,1,87.84,87.84
ORD00213,PROD0076,Artisan Pasta,Food & Grocery,3,10.93,32.79
ORD00213,PROD0016,Hoodie,Clothing,3,57.25,171.75
ORD00214,PROD0027,Mug Set,Home & Kitchen,1,18.25,18.25
ORD00214,PROD0067,Card Game Pack,Toys,3,11.89,35.67
ORD00214,PROD0004,USB-C Hub,Electronics,3,33.39,100.17
ORD00215,PROD0028,Storage Organizer,Home & Kitchen,3,24.84,74.52
ORD00215,PROD0042,Data Science Handbook,Books,1,26.6,26.6
ORD00215,PROD0072,Premium Coffee Beans,Food & Grocery,2,43.12,86.24
ORD00215,PROD0041,Python Programming,Books,3,41.14,123.42
ORD00216,PROD0016,Hoodie,Clothing,2,57.25,114.5
ORD00217,PROD0012,Jeans,Clothing,2,65.37,130.74
ORD00217,PROD0066,RC Racing Car,Toys,2,74.32,148.64
ORD00218,PROD0073,Matcha Green Tea,Food & Grocery,2,31.91,63.82
ORD00218,PROD0033,Resistance Bands,Sports,3,26.09,78.27
ORD00218,PROD0009,Phone Case,Electronics,1,22.66,22.66
ORD00218,PROD0049,Travel Photography,Books,3,39.07,117.21
ORD00219,PROD0043,ML Engineering Guide,Books,1,29.52,29.52
ORD00220,PROD0068,Art & Craft Kit,Toys,2,13.06,26.12
ORD00220,PROD0069,Science Experiment Kit,Toys,1,27.62,27.62
ORD00221,PROD0040,Fitness Tracker,Sports,1,99.28,99.28
ORD00222,PROD0067,Card Game Pack,Toys,3,11.89,35.67
ORD00223,PROD0021,Coffee Maker,Home & Kitchen,2,168.93,337.86
ORD00223,PROD0062,Strategy Board Game,Toys,2,43.8,87.6
ORD00224,PROD0017,Running Shorts,Clothing,3,23.82,71.46
ORD00224,PROD0044,Business Strategy,Books,1,25.81,25.81
ORD00224,PROD0016,Hoodie,Clothing,1,57.25,57.25
ORD00224,PROD0061,LEGO Creator Set,Toys,2,99.16,198.32
ORD00225,PROD0042,Data Science Handbook,Books,3,26.6,79.8
ORD00225,PROD0007,Gaming Mouse,Electronics,2,109.76,219.52
ORD00226,PROD0077,Mixed Nuts Pack,Food & Grocery,2,37.44,74.88
ORD00227,PROD0078,Raw Honey,Food & Grocery,1,18.09,18.09
ORD00227,PROD0021,Coffee Maker,Home & Kitchen,1,168.93,168.93
ORD00228,PROD0003,Bluetooth Speaker,Electronics,2,63.0,126.0
ORD00228,PROD0064,Action Figure,Toys,2,30.54,61.08
ORD00229,PROD0026,Cutting Board,Home & Kitchen,1,23.46,23.46
ORD00229,PROD0020,Scarf,Clothing,2,12.21,24.42
ORD00229,PROD0003,Bluetooth Speaker,Electronics,3,63.0,189.0
ORD00230,PROD0032,Adjustable Dumbbells,Sports,2,159.46,318.92
ORD00230,PROD0001,Wireless Headphones,Electronics,3,220.67,662.01
ORD00231,PROD0068,Art & Craft Kit,Toys,2,13.06,26.12
ORD00232,PROD0005,Webcam,Electronics,2,143.11,286.22
ORD00232,PROD0017,Running Shorts,Clothing,3,23.82,71.46
ORD00232,PROD0020,Scarf,Clothing,3,12.21,36.63
ORD00232,PROD0054,Foundation,Beauty,1,57.15,57.15
ORD00233,PROD0077,Mixed Nuts Pack,Food & Grocery,3,37.44,112.32
ORD00233,PROD0047,Cook Book,Books,2,17.53,35.06
ORD00234,PROD0074,Granola Mix,Food & Grocery,3,13.35,40.05
ORD00234,PROD0076,Artisan Pasta,Food & Grocery,1,10.93,10.93
ORD00234,PROD0039,Protein Shaker,Sports,1,31.54,31.54
ORD00235,PROD0012,Jeans,Clothing,2,65.37,130.74
ORD00235,PROD0062,Strategy Board Game,Toys,3,43.8,131.4
ORD00236,PROD0010,Tablet Stand,Electronics,3,16.34,49.02
ORD00237,PROD0077,Mixed Nuts Pack,Food & Grocery,1,37.44,37.44
ORD00237,PROD0074,Granola Mix,Food & Grocery,2,13.35,26.7
ORD00237,PROD0007,Gaming Mouse,Electronics,2,109.76,219.52
ORD00237,PROD0023,Blender,Home & Kitchen,1,60.62,60.62
ORD00238,PROD0043,ML Engineering Guide,Books,3,29.52,88.56
ORD00238,PROD0057,Perfume,Beauty,3,50.54,151.62
ORD00238,PROD0061,LEGO Creator Set,Toys,3,99.16,297.48
ORD00238,PROD0010,Tablet Stand,Electronics,3,16.34,49.02
ORD00239,PROD0044,Business Strategy,Books,2,25.81,51.62
ORD00239,PROD0069,Science Experiment Kit,Toys,1,27.62,27.62
ORD00240,PROD0054,Foundation,Beauty,1,57.15,57.15
ORD00240,PROD0067,Card Game Pack,Toys,3,11.89,35.67
ORD00241,PROD0060,Nail Polish Set,Beauty,3,16.35,49.05
ORD00241,PROD0034,Water Bottle,Sports,3,49.06,147.18
ORD00241,PROD0067,Card Game Pack,Toys,1,11.89,11.89
ORD00242,PROD0028,Storage Organizer,Home & Kitchen,1,24.84,24.84
ORD00243,PROD0079,Multivitamins,Food & Grocery,2,20.74,41.48
ORD00243,PROD0060,Nail Polish Set,Beauty,3,16.35,49.05
ORD00243,PROD0054,Foundation,Beauty,3,57.15,171.45
ORD00244,PROD0019,Cap,Clothing,3,34.28,102.84
ORD00245,PROD0037,Foam Roller,Sports,3,53.18,159.54
ORD00246,PROD0045,Self-Help Bestseller,Books,3,13.44,40.32
ORD00246,PROD0076,Artisan Pasta,Food & Grocery,3,10.93,32.79
ORD00246,PROD0029,LED Desk Lamp,Home & Kitchen,3,80.09,240.27
ORD00247,PROD0064,Action Figure,Toys,2,30.54,61.08
ORD00248,PROD0018,Ankle Socks,Clothing,3,13.84,41.52
ORD00248,PROD0031,Yoga Mat,Sports,1,68.43,68.43
ORD00248,PROD0022,Air Fryer,Home & Kitchen,1,143.78,143.78
ORD00249,PROD0049,Travel Photography,Books,2,39.07,78.14
ORD00249,PROD0025,Knife Set,Home & Kitchen,3,144.87,434.61
ORD00249,PROD0071,Whey Protein Bar,Food & Grocery,1,22.38,22.38
ORD00249,PROD0063,1000-Piece Puzzle,Toys,2,26.71,53.42
ORD00250,PROD0002,Smart Watch,Electronics,3,110.0,330.0
ORD00250,PROD0062,Strategy Board Game,Toys,3,43.8,131.4
ORD00250,PROD0070,Plush Stuffed Animal,Toys,2,16.69,33.38
ORD00250,PROD0012,Jeans,Clothing,3,65.37,196.11
ORD00251,PROD0048,World History,Books,3,25.51,76.53
ORD00251,PROD0015,Summer Dress,Clothing,3,67.24,201.72
ORD00251,PROD0039,Protein Shaker,Sports,3,31.54,94.62
ORD00252,PROD0035,Running Shoes,Sports,1,99.21,99.21
ORD00252,PROD0012,Jeans,Clothing,3,65.37,196.11
ORD00252,PROD0004,USB-C Hub,Electronics,2,33.39,66.78
ORD00252,PROD0064,Action Figure,Toys,1,30.54,30.54
ORD00253,PROD0031,Yoga Mat,Sports,3,68.43,205.29
ORD00253,PROD0012,Jeans,Clothing,2,65.37,130.74
ORD00253,PROD0034,Water Bottle,Sports,3,49.06,147.18
ORD00254,PROD0075,Extra Virgin Olive Oil,Food & Grocery,1,26.39,26.39
ORD00254,PROD0079,Multivitamins,Food & Grocery,2,20.74,41.48
ORD00255,PROD0035,Running Shoes,Sports,2,99.21,198.42
ORD00256,PROD0017,Running Shorts,Clothing,3,23.82,71.46
ORD00257,PROD0054,Foundation,Beauty,3,57.15,171.45
ORD00257,PROD0074,Granola Mix,Food & Grocery,3,13.35,40.05
ORD00257,PROD0064,Action Figure,Toys,1,30.54,30.54
ORD00258,PROD0012,Jeans,Clothing,1,65.37,65.37
ORD00258,PROD0058,Eye Cream,Beauty,1,71.04,71.04
ORD00259,PROD0016,Hoodie,Clothing,1,57.25,57.25
ORD00259,PROD0040,Fitness Tracker,Sports,2,99.28,198.56
ORD00260,PROD0031,Yoga Mat,Sports,2,68.43,136.86
ORD00260,PROD0023,Blender,Home & Kitchen,2,60.62,121.24
ORD00261,PROD0072,Premium Coffee Beans,Food & Grocery,2,43.12,86.24
ORD00262,PROD0047,Cook Book,Books,3,17.53,52.59
ORD00263,PROD0070,Plush Stuffed Animal,Toys,1,16.69,16.69
ORD00263,PROD0032,Adjustable Dumbbells,Sports,2,159.46,318.92
ORD00263,PROD0003,Bluetooth Speaker,Electronics,3,63.0,189.0
ORD00263,PROD0052,SPF Sunscreen,Beauty,1,19.96,19.96
ORD00264,PROD0003,Bluetooth Speaker,Electronics,2,63.0,126.0
ORD00264,PROD0017,Running Shorts,Clothing,1,23.82,23.82
ORD00264,PROD0020,Scarf,Clothing,3,12.21,36.63
ORD00264,PROD0030,Throw Pillow,Home & Kitchen,2,42.17,84.34
ORD00265,PROD0072,Premium Coffee Beans,Food & Grocery,3,43.12,129.36
ORD00265,PROD0074,Granola Mix,Food & Grocery,1,13.35,13.35
ORD00266,PROD0038,Gym Bag,Sports,3,65.2,195.6
ORD00266,PROD0027,Mug Set,Home & Kitchen,3,18.25,54.75
ORD00266,PROD0050,Graphic Novel,Books,1,18.57,18.57
ORD00267,PROD0049,Travel Photography,Books,2,39.07,78.14
ORD00267,PROD0014,Winter Jacket,Clothing,3,87.84,263.52
ORD00268,PROD0017,Running Shorts,Clothing,3,23.82,71.46
ORD00268,PROD0007,Gaming Mouse,Electronics,1,109.76,109.76
ORD00268,PROD0054,Foundation,Beauty,3,57.15,171.45
ORD00269,PROD0054,Foundation,Beauty,3,57.15,171.45
ORD00269,PROD0067,Card Game Pack,Toys,3,11.89,35.67
ORD00270,PROD0068,Art & Craft Kit,Toys,2,13.06,26.12
ORD00271,PROD0069,Science Experiment Kit,Toys,2,27.62,55.24
ORD00272,PROD0055,Argan Shampoo,Beauty,3,29.44,88.32
ORD00272,PROD0061,LEGO Creator Set,Toys,1,99.16,99.16
ORD00272,PROD0035,Running Shoes,Sports,1,99.21,99.21
ORD00272,PROD0063,1000-Piece Puzzle,Toys,3,26.71,80.13
ORD00273,PROD0034,Water Bottle,Sports,2,49.06,98.12
ORD00273,PROD0013,Sneakers,Clothing,1,42.92,42.92
ORD00273,PROD0006,Mechanical Keyboard,Electronics,3,151.5,454.5
ORD00273,PROD0024,Toaster,Home & Kitchen,1,29.33,29.33
ORD00274,PROD0002,Smart Watch,Electronics,3,110.0,330.0
ORD00274,PROD0074,Granola Mix,Food & Grocery,2,13.35,26.7
ORD00274,PROD0080,Healthy Snack Box,Food & Grocery,3,23.63,70.89
ORD00274,PROD0011,T-Shirt,Clothing,3,18.75,56.25
ORD00275,PROD0024,Toaster,Home & Kitchen,2,29.33,58.66
ORD00275,PROD0040,Fitness Tracker,Sports,3,99.28,297.84
ORD00276,PROD0066,RC Racing Car,Toys,1,74.32,74.32
ORD00276,PROD0002,Smart Watch,Electronics,3,110.0,330.0
ORD00276,PROD0027,Mug Set,Home & Kitchen,2,18.25,36.5
ORD00277,PROD0029,LED Desk Lamp,Home & Kitchen,2,80.09,160.18
ORD00277,PROD0020,Scarf,Clothing,2,12.21,24.42
ORD00277,PROD0025,Knife Set,Home & Kitchen,3,144.87,434.61
ORD00277,PROD0009,Phone Case,Electronics,1,22.66,22.66
ORD00278,PROD0061,LEGO Creator Set,Toys,1,99.16,99.16
ORD00278,PROD0050,Graphic Novel,Books,3,18.57,55.71
ORD00279,PROD0026,Cutting Board,Home & Kitchen,2,23.46,46.92
ORD00279,PROD0055,Argan Shampoo,Beauty,1,29.44,29.44
ORD00279,PROD0024,Toaster,Home & Kitchen,3,29.33,87.99
ORD00279,PROD0007,Gaming Mouse,Electronics,3,109.76,329.28
ORD00280,PROD0057,Perfume,Beauty,1,50.54,50.54
ORD00280,PROD0046,Science Fiction Novel,Books,3,13.49,40.47
ORD00281,PROD0069,Science Experiment Kit,Toys,3,27.62,82.86
ORD00281,PROD0040,Fitness Tracker,Sports,2,99.28,198.56
ORD00281,PROD0043,ML Engineering Guide,Books,1,29.52,29.52
ORD00282,PROD0018,Ankle Socks,Clothing,1,13.84,13.84
ORD00282,PROD0012,Jeans,Clothing,2,65.37,130.74
ORD00282,PROD0067,Card Game Pack,Toys,2,11.89,23.78
ORD00283,PROD0074,Granola Mix,Food & Grocery,1,13.35,13.35
ORD00283,PROD0045,Self-Help Bestseller,Books,3,13.44,40.32
ORD00284,PROD0059,Vitamin C Serum,Beauty,3,28.13,84.39
ORD00284,PROD0047,Cook Book,Books,2,17.53,35.06
ORD00284,PROD0044,Business Strategy,Books,3,25.81,77.43
ORD00285,PROD0001,Wireless Headphones,Electronics,1,220.67,220.67
ORD00286,PROD0004,USB-C Hub,Electronics,2,33.39,66.78
ORD00286,PROD0003,Bluetooth Speaker,Electronics,1,63.0,63.0
ORD00287,PROD0032,Adjustable Dumbbells,Sports,1,159.46,159.46
ORD00288,PROD0005,Webcam,Electronics,3,143.11,429.33
ORD00288,PROD0071,Whey Protein Bar,Food & Grocery,2,22.38,44.76
ORD00288,PROD0004,USB-C Hub,Electronics,2,33.39,66.78
ORD00288,PROD0062,Strategy Board Game,Toys,1,43.8,43.8
ORD00289,PROD0039,Protein Shaker,Sports,1,31.54,31.54
ORD00290,PROD0071,Whey Protein Bar,Food & Grocery,3,22.38,67.14
ORD00290,PROD0009,Phone Case,Electronics,1,22.66,22.66
ORD00290,PROD0027,Mug Set,Home & Kitchen,1,18.25,18.25
ORD00290,PROD0077,Mixed Nuts Pack,Food & Grocery,1,37.44,37.44
ORD00291,PROD0006,Mechanical Keyboard,Electronics,3,151.5,454.5
ORD00291,PROD0062,Strategy Board Game,Toys,2,43.8,87.6
ORD00292,PROD0036,Jump Rope,Sports,1,20.14,20.14
ORD00293,PROD0071,Whey Protein Bar,Food & Grocery,2,22.38,44.76
ORD00294,PROD0047,Cook Book,Books,3,17.53,52.59
ORD00295,PROD0070,Plush Stuffed Animal,Toys,1,16.69,16.69
ORD00295,PROD0080,Healthy Snack Box,Food & Grocery,2,23.63,47.26
ORD00295,PROD0009,Phone Case,Electronics,3,22.66,67.98
ORD00296,PROD0079,Multivitamins,Food & Grocery,3,20.74,62.22
ORD00297,PROD0032,Adjustable Dumbbells,Sports,1,159.46,159.46
ORD00297,PROD0027,Mug Set,Home & Kitchen,2,18.25,36.5
ORD00297,PROD0001,Wireless Headphones,Electronics,2,220.67,441.34
ORD00298,PROD0073,Matcha Green Tea,Food & Grocery,3,31.91,95.73
ORD00298,PROD0018,Ankle Socks,Clothing,3,13.84,41.52
ORD00299,PROD0044,Business Strategy,Books,3,25.81,77.43
ORD00299,PROD0025,Knife Set,Home & Kitchen,2,144.87,289.74
ORD00300,PROD0022,Air Fryer,Home & Kitchen,3,143.78,431.34
ORD00300,PROD0010,Tablet Stand,Electronics,1,16.34,16.34
ORD00300,PROD0014,Winter Jacket,Clothing,1,87.84,87.84
ORD00300,PROD0048,World History,Books,3,25.51,76.53
ORD00301,PROD0021,Coffee Maker,Home & Kitchen,1,168.93,168.93
ORD00301,PROD0016,Hoodie,Clothing,3,57.25,171.75
ORD00301,PROD0079,Multivitamins,Food & Grocery,2,20.74,41.48
ORD00302,PROD0068,Art & Craft Kit,Toys,1,13.06,13.06
ORD00302,PROD0044,Business Strategy,Books,2,25.81,51.62
ORD00302,PROD0003,Bluetooth Speaker,Electronics,2,63.0,126.0
ORD00303,PROD0011,T-Shirt,Clothing,3,18.75,56.25
ORD00303,PROD0051,Face Moisturizer,Beauty,2,39.06,78.12
ORD00303,PROD0069,Science Experiment Kit,Toys,2,27.62,55.24
ORD00303,PROD0064,Action Figure,Toys,1,30.54,30.54
ORD00304,PROD0010,Tablet Stand,Electronics,3,16.34,49.02
ORD00305,PROD0070,Plush Stuffed Animal,Toys,1,16.69,16.69
ORD00305,PROD0072,Premium Coffee Beans,Food & Grocery,3,43.12,129.36
ORD00305,PROD0009,Phone Case,Electronics,2,22.66,45.32
ORD00305,PROD0045,Self-Help Bestseller,Books,2,13.44,26.88
ORD00306,PROD0062,Strategy Board Game,Toys,3,43.8,131.4
ORD00306,PROD0005,Webcam,Electronics,1,143.11,143.11
ORD00307,PROD0029,LED Desk Lamp,Home & Kitchen,1,80.09,80.09
ORD00307,PROD0063,1000-Piece Puzzle,Toys,3,26.71,80.13
ORD00307,PROD0036,Jump Rope,Sports,1,20.14,20.14
ORD00308,PROD0071,Whey Protein Bar,Food & Grocery,3,22.38,67.14
ORD00308,PROD0051,Face Moisturizer,Beauty,3,39.06,117.18
ORD00308,PROD0053,Lipstick Set,Beauty,2,19.34,38.68
ORD00308,PROD0052,SPF Sunscreen,Beauty,2,19.96,39.92
ORD00309,PROD0037,Foam Roller,Sports,1,53.18,53.18
ORD00310,PROD0004,USB-C Hub,Electronics,2,33.39,66.78
ORD00311,PROD0008,Portable Monitor,Electronics,2,144.34,288.68
ORD00312,PROD0037,Foam Roller,Sports,1,53.18,53.18
ORD00312,PROD0002,Smart Watch,Electronics,1,110.0,110.0
ORD00312,PROD0032,Adjustable Dumbbells,Sports,1,159.46,159.46
ORD00313,PROD0028,Storage Organizer,Home & Kitchen,2,24.84,49.68
ORD00313,PROD0002,Smart Watch,Electronics,1,110.0,110.0
ORD00314,PROD0021,Coffee Maker,Home & Kitchen,1,168.93,168.93
ORD00315,PROD0008,Portable Monitor,Electronics,2,144.34,288.68
ORD00315,PROD0030,Throw Pillow,Home & Kitchen,3,42.17,126.51
ORD00315,PROD0034,Water Bottle,Sports,1,49.06,49.06
ORD00316,PROD0071,Whey Protein Bar,Food & Grocery,2,22.38,44.76
ORD00316,PROD0020,Scarf,Clothing,2,12.21,24.42
ORD00317,PROD0046,Science Fiction Novel,Books,2,13.49,26.98
ORD00318,PROD0044,Business Strategy,Books,2,25.81,51.62
ORD00319,PROD0008,Portable Monitor,Electronics,1,144.34,144.34
ORD00320,PROD0053,Lipstick Set,Beauty,3,19.34,58.02
ORD00320,PROD0036,Jump Rope,Sports,1,20.14,20.14
ORD00321,PROD0063,1000-Piece Puzzle,Toys,3,26.71,80.13
ORD00322,PROD0071,Whey Protein Bar,Food & Grocery,1,22.38,22.38
ORD00322,PROD0008,Portable Monitor,Electronics,2,144.34,288.68
ORD00323,PROD0036,Jump Rope,Sports,1,20.14,20.14
ORD00324,PROD0007,Gaming Mouse,Electronics,1,109.76,109.76
ORD00324,PROD0077,Mixed Nuts Pack,Food & Grocery,3,37.44,112.32
ORD00324,PROD0078,Raw Honey,Food & Grocery,3,18.09,54.27
ORD00324,PROD0047,Cook Book,Books,2,17.53,35.06
ORD00325,PROD0021,Coffee Maker,Home & Kitchen,2,168.93,337.86
ORD00325,PROD0012,Jeans,Clothing,2,65.37,130.74
ORD00326,PROD0072,Premium Coffee Beans,Food & Grocery,2,43.12,86.24
ORD00326,PROD0018,Ankle Socks,Clothing,1,13.84,13.84
ORD00326,PROD0014,Winter Jacket,Clothing,1,87.84,87.84
ORD00327,PROD0078,Raw Honey,Food & Grocery,2,18.09,36.18
ORD00327,PROD0079,Multivitamins,Food & Grocery,1,20.74,20.74
ORD00328,PROD0051,Face Moisturizer,Beauty,2,39.06,78.12
ORD00328,PROD0029,LED Desk Lamp,Home & Kitchen,2,80.09,160.18
ORD00328,PROD0054,Foundation,Beauty,3,57.15,171.45
ORD00329,PROD0032,Adjustable Dumbbells,Sports,3,159.46,478.38
ORD00330,PROD0028,Storage Organizer,Home & Kitchen,3,24.84,74.52
ORD00330,PROD0011,T-Shirt,Clothing,2,18.75,37.5
ORD00331,PROD0021,Coffee Maker,Home & Kitchen,1,168.93,168.93
ORD00332,PROD0026,Cutting Board,Home & Kitchen,2,23.46,46.92
ORD00332,PROD0013,Sneakers,Clothing,3,42.92,128.76
ORD00332,PROD0010,Tablet Stand,Electronics,1,16.34,16.34
ORD00332,PROD0038,Gym Bag,Sports,1,65.2,65.2
ORD00333,PROD0066,RC Racing Car,Toys,2,74.32,148.64
ORD00333,PROD0069,Science Experiment Kit,Toys,2,27.62,55.24
ORD00333,PROD0080,Healthy Snack Box,Food & Grocery,1,23.63,23.63
ORD00333,PROD0001,Wireless Headphones,Electronics,1,220.67,220.67
ORD00334,PROD0064,Action Figure,Toys,1,30.54,30.54
ORD00334,PROD0010,Tablet Stand,Electronics,3,16.34,49.02
ORD00334,PROD0022,Air Fryer,Home & Kitchen,2,143.78,287.56
ORD00334,PROD0020,Scarf,Clothing,1,12.21,12.21
ORD00335,PROD0055,Argan Shampoo,Beauty,2,29.44,58.88
ORD00335,PROD0052,SPF Sunscreen,Beauty,3,19.96,59.88
ORD00335,PROD0026,Cutting Board,Home & Kitchen,1,23.46,23.46
ORD00335,PROD0003,Bluetooth Speaker,Electronics,1,63.0,63.0
ORD00336,PROD0060,Nail Polish Set,Beauty,3,16.35,49.05
ORD00336,PROD0045,Self-Help Bestseller,Books,2,13.44,26.88
ORD00336,PROD0027,Mug Set,Home & Kitchen,3,18.25,54.75
ORD00336,PROD0023,Blender,Home & Kitchen,3,60.62,181.86
ORD00337,PROD0050,Graphic Novel,Books,1,18.57,18.57
ORD00337,PROD0055,Argan Shampoo,Beauty,1,29.44,29.44
ORD00338,PROD0071,Whey Protein Bar,Food & Grocery,1,22.38,22.38
ORD00339,PROD0068,Art & Craft Kit,Toys,2,13.06,26.12
ORD00340,PROD0070,Plush Stuffed Animal,Toys,1,16.69,16.69
ORD00340,PROD0075,Extra Virgin Olive Oil,Food & Grocery,3,26.39,79.17
ORD00341,PROD0054,Foundation,Beauty,2,57.15,114.3
ORD00341,PROD0046,Science Fiction Novel,Books,3,13.49,40.47
ORD00342,PROD0018,Ankle Socks,Clothing,1,13.84,13.84
ORD00342,PROD0044,Business Strategy,Books,3,25.81,77.43
ORD00342,PROD0020,Scarf,Clothing,3,12.21,36.63
ORD00342,PROD0038,Gym Bag,Sports,2,65.2,130.4
ORD00343,PROD0074,Granola Mix,Food & Grocery,3,13.35,40.05
ORD00343,PROD0044,Business Strategy,Books,3,25.81,77.43
ORD00343,PROD0069,Science Experiment Kit,Toys,3,27.62,82.86
ORD00343,PROD0027,Mug Set,Home & Kitchen,2,18.25,36.5
ORD00344,PROD0001,Wireless Headphones,Electronics,2,220.67,441.34
ORD00344,PROD0070,Plush Stuffed Animal,Toys,1,16.69,16.69
ORD00345,PROD0013,Sneakers,Clothing,1,42.92,42.92
ORD00345,PROD0041,Python Programming,Books,3,41.14,123.42
ORD00346,PROD0042,Data Science Handbook,Books,3,26.6,79.8
ORD00346,PROD0028,Storage Organizer,Home & Kitchen,3,24.84,74.52
ORD00347,PROD0052,SPF Sunscreen,Beauty,2,19.96,39.92
ORD00347,PROD0038,Gym Bag,Sports,1,65.2,65.2
ORD00347,PROD0004,USB-C Hub,Electronics,2,33.39,66.78
ORD00348,PROD0009,Phone Case,Electronics,3,22.66,67.98
ORD00348,PROD0010,Tablet Stand,Electronics,2,16.34,32.68
ORD00349,PROD0026,Cutting Board,Home & Kitchen,2,23.46,46.92
ORD00350,PROD0054,Foundation,Beauty,2,57.15,114.3
ORD00350,PROD0006,Mechanical Keyboard,Electronics,3,151.5,454.5
ORD00350,PROD0010,Tablet Stand,Electronics,1,16.34,16.34
ORD00350,PROD0031,Yoga Mat,Sports,2,68.43,136.86
ORD00351,PROD0037,Foam Roller,Sports,3,53.18,159.54
ORD00351,PROD0021,Coffee Maker,Home & Kitchen,1,168.93,168.93
ORD00351,PROD0013,Sneakers,Clothing,2,42.92,85.84
ORD00351,PROD0034,Water Bottle,Sports,2,49.06,98.12
ORD00352,PROD0020,Scarf,Clothing,2,12.21,24.42
ORD00352,PROD0076,Artisan Pasta,Food & Grocery,3,10.93,32.79
ORD00353,PROD0035,Running Shoes,Sports,1,99.21,99.21
ORD00353,PROD0074,Granola Mix,Food & Grocery,2,13.35,26.7
ORD00354,PROD0052,SPF Sunscreen,Beauty,2,19.96,39.92
ORD00355,PROD0032,Adjustable Dumbbells,Sports,1,159.46,159.46
ORD00355,PROD0077,Mixed Nuts Pack,Food & Grocery,3,37.44,112.32
ORD00356,PROD0054,Foundation,Beauty,1,57.15,57.15
ORD00356,PROD0037,Foam Roller,Sports,1,53.18,53.18
ORD00357,PROD0006,Mechanical Keyboard,Electronics,2,151.5,303.0
ORD00357,PROD0050,Graphic Novel,Books,3,18.57,55.71
ORD00357,PROD0067,Card Game Pack,Toys,1,11.89,11.89
ORD00358,PROD0068,Art & Craft Kit,Toys,2,13.06,26.12
ORD00359,PROD0017,Running Shorts,Clothing,1,23.82,23.82
ORD00359,PROD0029,LED Desk Lamp,Home & Kitchen,2,80.09,160.18
ORD00359,PROD0016,Hoodie,Clothing,3,57.25,171.75
ORD00360,PROD0015,Summer Dress,Clothing,1,67.24,67.24
ORD00360,PROD0069,Science Experiment Kit,Toys,3,27.62,82.86
ORD00360,PROD0044,Business Strategy,Books,2,25.81,51.62
ORD00360,PROD0002,Smart Watch,Electronics,2,110.0,220.0
ORD00361,PROD0064,Action Figure,Toys,3,30.54,91.62
ORD00361,PROD0018,Ankle Socks,Clothing,1,13.84,13.84
ORD00362,PROD0001,Wireless Headphones,Electronics,1,220.67,220.67
ORD00362,PROD0028,Storage Organizer,Home & Kitchen,3,24.84,74.52
ORD00363,PROD0075,Extra Virgin Olive Oil,Food & Grocery,2,26.39,52.78
ORD00363,PROD0053,Lipstick Set,Beauty,3,19.34,58.02
ORD00364,PROD0050,Graphic Novel,Books,2,18.57,37.14
ORD00364,PROD0010,Tablet Stand,Electronics,3,16.34,49.02
ORD00364,PROD0005,Webcam,Electronics,1,143.11,143.11
ORD00364,PROD0062,Strategy Board Game,Toys,3,43.8,131.4
ORD00365,PROD0048,World History,Books,1,25.51,25.51
ORD00365,PROD0020,Scarf,Clothing,2,12.21,24.42
ORD00365,PROD0002,Smart Watch,Electronics,3,110.0,330.0
ORD00366,PROD0026,Cutting Board,Home & Kitchen,3,23.46,70.38
ORD00366,PROD0043,ML Engineering Guide,Books,1,29.52,29.52
ORD00366,PROD0016,Hoodie,Clothing,1,57.25,57.25
ORD00367,PROD0079,Multivitamins,Food & Grocery,1,20.74,20.74
ORD00367,PROD0080,Healthy Snack Box,Food & Grocery,2,23.63,47.26
ORD00368,PROD0037,Foam Roller,Sports,3,53.18,159.54
ORD00369,PROD0063,1000-Piece Puzzle,Toys,3,26.71,80.13
ORD00369,PROD0072,Premium Coffee Beans,Food & Grocery,3,43.12,129.36
ORD00370,PROD0042,Data Science Handbook,Books,3,26.6,79.8
ORD00370,PROD0050,Graphic Novel,Books,3,18.57,55.71
ORD00370,PROD0032,Adjustable Dumbbells,Sports,3,159.46,478.38
ORD00370,PROD0057,Perfume,Beauty,3,50.54,151.62
ORD00371,PROD0065,Collectible Doll,Toys,3,52.93,158.79
ORD00371,PROD0034,Water Bottle,Sports,2,49.06,98.12
ORD00371,PROD0037,Foam Roller,Sports,3,53.18,159.54
ORD00372,PROD0066,RC Racing Car,Toys,2,74.32,148.64
ORD00372,PROD0068,Art & Craft Kit,Toys,3,13.06,39.18
ORD00373,PROD0048,World History,Books,3,25.51,76.53
ORD00373,PROD0041,Python Programming,Books,3,41.14,123.42
ORD00373,PROD0022,Air Fryer,Home & Kitchen,3,143.78,431.34
ORD00374,PROD0027,Mug Set,Home & Kitchen,3,18.25,54.75
ORD00375,PROD0045,Self-Help Bestseller,Books,2,13.44,26.88
ORD00376,PROD0058,Eye Cream,Beauty,2,71.04,142.08
ORD00376,PROD0048,World History,Books,3,25.51,76.53
ORD00376,PROD0067,Card Game Pack,Toys,3,11.89,35.67
ORD00377,PROD0027,Mug Set,Home & Kitchen,1,18.25,18.25
ORD00377,PROD0035,Running Shoes,Sports,3,99.21,297.63
ORD00377,PROD0057,Perfume,Beauty,3,50.54,151.62
ORD00377,PROD0075,Extra Virgin Olive Oil,Food & Grocery,2,26.39,52.78
ORD00378,PROD0012,Jeans,Clothing,2,65.37,130.74
ORD00379,PROD0037,Foam Roller,Sports,1,53.18,53.18
ORD00379,PROD0022,Air Fryer,Home & Kitchen,3,143.78,431.34
ORD00380,PROD0033,Resistance Bands,Sports,2,26.09,52.18
ORD00380,PROD0076,Artisan Pasta,Food & Grocery,2,10.93,21.86
ORD00380,PROD0024,Toaster,Home & Kitchen,2,29.33,58.66
ORD00380,PROD0071,Whey Protein Bar,Food & Grocery,1,22.38,22.38
ORD00381,PROD0012,Jeans,Clothing,1,65.37,65.37
ORD00381,PROD0003,Bluetooth Speaker,Electronics,3,63.0,189.0
ORD00382,PROD0053,Lipstick Set,Beauty,2,19.34,38.68
ORD00382,PROD0001,Wireless Headphones,Electronics,2,220.67,441.34
ORD00382,PROD0017,Running Shorts,Clothing,1,23.82,23.82
ORD00382,PROD0049,Travel Photography,Books,3,39.07,117.21
ORD00383,PROD0016,Hoodie,Clothing,3,57.25,171.75
ORD00384,PROD0010,Tablet Stand,Electronics,2,16.34,32.68
ORD00384,PROD0012,Jeans,Clothing,3,65.37,196.11
ORD00384,PROD0015,Summer Dress,Clothing,3,67.24,201.72
ORD00384,PROD0079,Multivitamins,Food & Grocery,2,20.74,41.48
ORD00385,PROD0069,Science Experiment Kit,Toys,3,27.62,82.86
ORD00385,PROD0012,Jeans,Clothing,1,65.37,65.37
ORD00385,PROD0073,Matcha Green Tea,Food & Grocery,3,31.91,95.73
ORD00385,PROD0029,LED Desk Lamp,Home & Kitchen,3,80.09,240.27
ORD00386,PROD0050,Graphic Novel,Books,3,18.57,55.71
ORD00386,PROD0073,Matcha Green Tea,Food & Grocery,2,31.91,63.82
ORD00386,PROD0060,Nail Polish Set,Beauty,3,16.35,49.05
ORD00386,PROD0031,Yoga Mat,Sports,1,68.43,68.43
ORD00387,PROD0044,Business Strategy,Books,2,25.81,51.62
ORD00387,PROD0026,Cutting Board,Home & Kitchen,3,23.46,70.38
ORD00388,PROD0071,Whey Protein Bar,Food & Grocery,2,22.38,44.76
ORD00388,PROD0013,Sneakers,Clothing,3,42.92,128.76
ORD00389,PROD0067,Card Game Pack,Toys,3,11.89,35.67
ORD00390,PROD0060,Nail Polish Set,Beauty,3,16.35,49.05
ORD00390,PROD0023,Blender,Home & Kitchen,3,60.62,181.86
ORD00390,PROD0068,Art & Craft Kit,Toys,1,13.06,13.06
ORD00391,PROD0015,Summer Dress,Clothing,3,67.24,201.72
ORD00391,PROD0051,Face Moisturizer,Beauty,1,39.06,39.06
ORD00391,PROD0030,Throw Pillow,Home & Kitchen,3,42.17,126.51
ORD00391,PROD0068,Art & Craft Kit,Toys,3,13.06,39.18
ORD00392,PROD0003,Bluetooth Speaker,Electronics,2,63.0,126.0
ORD00392,PROD0019,Cap,Clothing,1,34.28,34.28
ORD00393,PROD0076,Artisan Pasta,Food & Grocery,1,10.93,10.93
ORD00393,PROD0015,Summer Dress,Clothing,3,67.24,201.72
ORD00393,PROD0008,Portable Monitor,Electronics,2,144.34,288.68
ORD00394,PROD0066,RC Racing Car,Toys,2,74.32,148.64
ORD00394,PROD0059,Vitamin C Serum,Beauty,3,28.13,84.39
ORD00394,PROD0057,Perfume,Beauty,3,50.54,151.62
ORD00394,PROD0054,Foundation,Beauty,2,57.15,114.3
ORD00395,PROD0076,Artisan Pasta,Food & Grocery,3,10.93,32.79
ORD00395,PROD0037,Foam Roller,Sports,1,53.18,53.18
ORD00395,PROD0045,Self-Help Bestseller,Books,1,13.44,13.44
ORD00395,PROD0011,T-Shirt,Clothing,3,18.75,56.25
ORD00396,PROD0034,Water Bottle,Sports,1,49.06,49.06
ORD00397,PROD0010,Tablet Stand,Electronics,3,16.34,49.02
ORD00397,PROD0061,LEGO Creator Set,Toys,1,99.16,99.16
ORD00397,PROD0041,Python Programming,Books,3,41.14,123.42
ORD00398,PROD0056,Hair Conditioner,Beauty,2,28.27,56.54
ORD00398,PROD0024,Toaster,Home & Kitchen,2,29.33,58.66
ORD00398,PROD0034,Water Bottle,Sports,2,49.06,98.12
ORD00399,PROD0051,Face Moisturizer,Beauty,3,39.06,117.18
ORD00399,PROD0055,Argan Shampoo,Beauty,2,29.44,58.88
ORD00400,PROD0075,Extra Virgin Olive Oil,Food & Grocery,3,26.39,79.17
ORD00400,PROD0070,Plush Stuffed Animal,Toys,2,16.69,33.38
ORD00400,PROD0057,Perfume,Beauty,1,50.54,50.54
ORD00400,PROD0014,Winter Jacket,Clothing,1,87.84,87.84
ORD00401,PROD0054,Foundation,Beauty,3,57.15,171.45
ORD00401,PROD0061,LEGO Creator Set,Toys,2,99.16,198.32
ORD00401,PROD0056,Hair Conditioner,Beauty,1,28.27,28.27
ORD00402,PROD0020,Scarf,Clothing,3,12.21,36.63
ORD00402,PROD0073,Matcha Green Tea,Food & Grocery,1,31.91,31.91
ORD00403,PROD0060,Nail Polish Set,Beauty,2,16.35,32.7
ORD00403,PROD0074,Granola Mix,Food & Grocery,1,13.35,13.35
ORD00403,PROD0019,Cap,Clothing,1,34.28,34.28
ORD00404,PROD0075,Extra Virgin Olive Oil,Food & Grocery,2,26.39,52.78
ORD00405,PROD0032,Adjustable Dumbbells,Sports,1,159.46,159.46
ORD00405,PROD0034,Water Bottle,Sports,2,49.06,98.12
ORD00405,PROD0001,Wireless Headphones,Electronics,1,220.67,220.67
ORD00405,PROD0062,Strategy Board Game,Toys,3,43.8,131.4
ORD00406,PROD0054,Foundation,Beauty,1,57.15,57.15
ORD00406,PROD0027,Mug Set,Home & Kitchen,3,18.25,54.75
ORD00406,PROD0003,Bluetooth Speaker,Electronics,2,63.0,126.0
ORD00407,PROD0035,Running Shoes,Sports,1,99.21,99.21
ORD00407,PROD0011,T-Shirt,Clothing,2,18.75,37.5
ORD00407,PROD0064,Action Figure,Toys,2,30.54,61.08
ORD00407,PROD0062,Strategy Board Game,Toys,1,43.8,43.8
ORD00408,PROD0008,Portable Monitor,Electronics,2,144.34,288.68
ORD00408,PROD0068,Art & Craft Kit,Toys,3,13.06,39.18
ORD00409,PROD0049,Travel Photography,Books,3,39.07,117.21
ORD00409,PROD0035,Running Shoes,Sports,1,99.21,99.21
ORD00410,PROD0037,Foam Roller,Sports,3,53.18,159.54
ORD00410,PROD0080,Healthy Snack Box,Food & Grocery,3,23.63,70.89
ORD00410,PROD0005,Webcam,Electronics,3,143.11,429.33
ORD00411,PROD0024,Toaster,Home & Kitchen,1,29.33,29.33
ORD00411,PROD0049,Travel Photography,Books,1,39.07,39.07
ORD00411,PROD0053,Lipstick Set,Beauty,3,19.34,58.02
ORD00412,PROD0078,Raw Honey,Food & Grocery,3,18.09,54.27
ORD00413,PROD0077,Mixed Nuts Pack,Food & Grocery,2,37.44,74.88
ORD00413,PROD0041,Python Programming,Books,2,41.14,82.28
ORD00413,PROD0048,World History,Books,1,25.51,25.51
ORD00413,PROD0022,Air Fryer,Home & Kitchen,3,143.78,431.34
ORD00414,PROD0038,Gym Bag,Sports,3,65.2,195.6
ORD00414,PROD0067,Card Game Pack,Toys,2,11.89,23.78
ORD00414,PROD0008,Portable Monitor,Electronics,2,144.34,288.68
ORD00414,PROD0004,USB-C Hub,Electronics,3,33.39,100.17
ORD00415,PROD0041,Python Programming,Books,1,41.14,41.14
ORD00415,PROD0044,Business Strategy,Books,3,25.81,77.43
ORD00415,PROD0047,Cook Book,Books,2,17.53,35.06
ORD00416,PROD0016,Hoodie,Clothing,3,57.25,171.75
ORD00416,PROD0017,Running Shorts,Clothing,2,23.82,47.64
ORD00416,PROD0040,Fitness Tracker,Sports,2,99.28,198.56
ORD00416,PROD0046,Science Fiction Novel,Books,1,13.49,13.49
ORD00417,PROD0016,Hoodie,Clothing,1,57.25,57.25
ORD00418,PROD0003,Bluetooth Speaker,Electronics,3,63.0,189.0
ORD00418,PROD0016,Hoodie,Clothing,3,57.25,171.75
ORD00418,PROD0008,Portable Monitor,Electronics,1,144.34,144.34
ORD00419,PROD0021,Coffee Maker,Home & Kitchen,1,168.93,168.93
ORD00420,PROD0067,Card Game Pack,Toys,3,11.89,35.67
ORD00420,PROD0011,T-Shirt,Clothing,2,18.75,37.5
ORD00420,PROD0024,Toaster,Home & Kitchen,1,29.33,29.33
ORD00420,PROD0069,Science Experiment Kit,Toys,1,27.62,27.62
ORD00421,PROD0015,Summer Dress,Clothing,3,67.24,201.72
ORD00421,PROD0065,Collectible Doll,Toys,3,52.93,158.79
ORD00422,PROD0038,Gym Bag,Sports,3,65.2,195.6
ORD00422,PROD0063,1000-Piece Puzzle,Toys,1,26.71,26.71
ORD00422,PROD0076,Artisan Pasta,Food & Grocery,2,10.93,21.86
ORD00423,PROD0018,Ankle Socks,Clothing,1,13.84,13.84
ORD00424,PROD0001,Wireless Headphones,Electronics,1,220.67,220.67
ORD00424,PROD0005,Webcam,Electronics,2,143.11,286.22
ORD00424,PROD0043,ML Engineering Guide,Books,2,29.52,59.04
ORD00425,PROD0013,Sneakers,Clothing,2,42.92,85.84
ORD00426,PROD0015,Summer Dress,Clothing,2,67.24,134.48
ORD00426,PROD0002,Smart Watch,Electronics,1,110.0,110.0
ORD00426,PROD0063,1000-Piece Puzzle,Toys,2,26.71,53.42
ORD00427,PROD0033,Resistance Bands,Sports,1,26.09,26.09
ORD00427,PROD0056,Hair Conditioner,Beauty,1,28.27,28.27
ORD00427,PROD0008,Portable Monitor,Electronics,1,144.34,144.34
ORD00428,PROD0072,Premium Coffee Beans,Food & Grocery,2,43.12,86.24
ORD00428,PROD0031,Yoga Mat,Sports,3,68.43,205.29
ORD00429,PROD0035,Running Shoes,Sports,2,99.21,198.42
ORD00429,PROD0037,Foam Roller,Sports,2,53.18,106.36
ORD00430,PROD0034,Water Bottle,Sports,1,49.06,49.06
ORD00431,PROD0076,Artisan Pasta,Food & Grocery,2,10.93,21.86
ORD00431,PROD0062,Strategy Board Game,Toys,2,43.8,87.6
ORD00431,PROD0009,Phone Case,Electronics,1,22.66,22.66
ORD00431,PROD0007,Gaming Mouse,Electronics,1,109.76,109.76
ORD00432,PROD0043,ML Engineering Guide,Books,1,29.52,29.52
ORD00432,PROD0018,Ankle Socks,Clothing,3,13.84,41.52
ORD00432,PROD0014,Winter Jacket,Clothing,3,87.84,263.52
ORD00433,PROD0050,Graphic Novel,Books,2,18.57,37.14
ORD00434,PROD0044,Business Strategy,Books,1,25.81,25.81
ORD00435,PROD0017,Running Shorts,Clothing,1,23.82,23.82
ORD00435,PROD0063,1000-Piece Puzzle,Toys,2,26.71,53.42
ORD00435,PROD0019,Cap,Clothing,2,34.28,68.56
ORD00436,PROD0053,Lipstick Set,Beauty,3,19.34,58.02
ORD00437,PROD0028,Storage Organizer,Home & Kitchen,3,24.84,74.52
ORD00437,PROD0041,Python Programming,Books,1,41.14,41.14
ORD00437,PROD0070,Plush Stuffed Animal,Toys,3,16.69,50.07
ORD00437,PROD0024,Toaster,Home & Kitchen,3,29.33,87.99
ORD00438,PROD0073,Matcha Green Tea,Food & Grocery,2,31.91,63.82
ORD00438,PROD0005,Webcam,Electronics,1,143.11,143.11
ORD00439,PROD0019,Cap,Clothing,2,34.28,68.56
ORD00439,PROD0009,Phone Case,Electronics,1,22.66,22.66
ORD00439,PROD0016,Hoodie,Clothing,1,57.25,57.25
ORD00440,PROD0021,Coffee Maker,Home & Kitchen,2,168.93,337.86
ORD00440,PROD0004,USB-C Hub,Electronics,1,33.39,33.39
ORD00440,PROD0055,Argan Shampoo,Beauty,1,29.44,29.44
ORD00441,PROD0045,Self-Help Bestseller,Books,3,13.44,40.32
ORD00441,PROD0009,Phone Case,Electronics,2,22.66,45.32
ORD00441,PROD0019,Cap,Clothing,2,34.28,68.56
ORD00442,PROD0021,Coffee Maker,Home & Kitchen,2,168.93,337.86
ORD00443,PROD0043,ML Engineering Guide,Books,2,29.52,59.04
ORD00443,PROD0033,Resistance Bands,Sports,3,26.09,78.27
ORD00443,PROD0071,Whey Protein Bar,Food & Grocery,2,22.38,44.76
ORD00443,PROD0060,Nail Polish Set,Beauty,2,16.35,32.7
ORD00444,PROD0051,Face Moisturizer,Beauty,1,39.06,39.06
ORD00444,PROD0019,Cap,Clothing,1,34.28,34.28
ORD00444,PROD0042,Data Science Handbook,Books,2,26.6,53.2
ORD00445,PROD0033,Resistance Bands,Sports,3,26.09,78.27
ORD00445,PROD0056,Hair Conditioner,Beauty,2,28.27,56.54
ORD00445,PROD0023,Blender,Home & Kitchen,3,60.62,181.86
ORD00446,PROD0002,Smart Watch,Electronics,3,110.0,330.0
ORD00446,PROD0038,Gym Bag,Sports,3,65.2,195.6
ORD00446,PROD0059,Vitamin C Serum,Beauty,2,28.13,56.26
ORD00447,PROD0005,Webcam,Electronics,2,143.11,286.22
ORD00447,PROD0075,Extra Virgin Olive Oil,Food & Grocery,2,26.39,52.78
ORD00447,PROD0052,SPF Sunscreen,Beauty,3,19.96,59.88
ORD00447,PROD0014,Winter Jacket,Clothing,3,87.84,263.52
ORD00448,PROD0065,Collectible Doll,Toys,1,52.93,52.93
ORD00448,PROD0068,Art & Craft Kit,Toys,3,13.06,39.18
ORD00448,PROD0023,Blender,Home & Kitchen,1,60.62,60.62
ORD00449,PROD0071,Whey Protein Bar,Food & Grocery,3,22.38,67.14
ORD00449,PROD0023,Blender,Home & Kitchen,1,60.62,60.62
ORD00449,PROD0045,Self-Help Bestseller,Books,1,13.44,13.44
ORD00450,PROD0019,Cap,Clothing,2,34.28,68.56
ORD00450,PROD0066,RC Racing Car,Toys,1,74.32,74.32
ORD00450,PROD0016,Hoodie,Clothing,1,57.25,57.25
ORD00450,PROD0057,Perfume,Beauty,1,50.54,50.54
ORD00451,PROD0012,Jeans,Clothing,1,65.37,65.37
ORD00452,PROD0052,SPF Sunscreen,Beauty,2,19.96,39.92
ORD00452,PROD0070,Plush Stuffed Animal,Toys,2,16.69,33.38
ORD00453,PROD0037,Foam Roller,Sports,3,53.18,159.54
ORD00453,PROD0042,Data Science Handbook,Books,3,26.6,79.8
ORD00454,PROD0006,Mechanical Keyboard,Electronics,1,151.5,151.5
ORD00454,PROD0064,Action Figure,Toys,1,30.54,30.54
ORD00455,PROD0013,Sneakers,Clothing,3,42.92,128.76
ORD00455,PROD0024,Toaster,Home & Kitchen,1,29.33,29.33
ORD00456,PROD0079,Multivitamins,Food & Grocery,2,20.74,41.48
ORD00456,PROD0004,USB-C Hub,Electronics,1,33.39,33.39
ORD00456,PROD0014,Winter Jacket,Clothing,1,87.84,87.84
ORD00457,PROD0030,Throw Pillow,Home & Kitchen,2,42.17,84.34
ORD00458,PROD0057,Perfume,Beauty,2,50.54,101.08
ORD00458,PROD0070,Plush Stuffed Animal,Toys,1,16.69,16.69
ORD00458,PROD0053,Lipstick Set,Beauty,3,19.34,58.02
ORD00459,PROD0076,Artisan Pasta,Food & Grocery,3,10.93,32.79
ORD00459,PROD0018,Ankle Socks,Clothing,3,13.84,41.52
ORD00460,PROD0023,Blender,Home & Kitchen,3,60.62,181.86
ORD00460,PROD0070,Plush Stuffed Animal,Toys,3,16.69,50.07
ORD00460,PROD0077,Mixed Nuts Pack,Food & Grocery,1,37.44,37.44
ORD00460,PROD0024,Toaster,Home & Kitchen,3,29.33,87.99
ORD00461,PROD0051,Face Moisturizer,Beauty,2,39.06,78.12
ORD00462,PROD0065,Collectible Doll,Toys,2,52.93,105.86
ORD00462,PROD0035,Running Shoes,Sports,3,99.21,297.63
ORD00462,PROD0073,Matcha Green Tea,Food & Grocery,3,31.91,95.73
ORD00463,PROD0065,Collectible Doll,Toys,2,52.93,105.86
ORD00463,PROD0024,Toaster,Home & Kitchen,3,29.33,87.99
ORD00463,PROD0079,Multivitamins,Food & Grocery,3,20.74,62.22
ORD00463,PROD0074,Granola Mix,Food & Grocery,3,13.35,40.05
ORD00464,PROD0014,Winter Jacket,Clothing,1,87.84,87.84
ORD00464,PROD0077,Mixed Nuts Pack,Food & Grocery,2,37.44,74.88
ORD00464,PROD0006,Mechanical Keyboard,Electronics,3,151.5,454.5
ORD00464,PROD0022,Air Fryer,Home & Kitchen,1,143.78,143.78
ORD00465,PROD0051,Face Moisturizer,Beauty,2,39.06,78.12
ORD00465,PROD0062,Strategy Board Game,Toys,3,43.8,131.4
ORD00465,PROD0052,SPF Sunscreen,Beauty,2,19.96,39.92
ORD00465,PROD0060,Nail Polish Set,Beauty,3,16.35,49.05
ORD00466,PROD0079,Multivitamins,Food & Grocery,3,20.74,62.22
ORD00466,PROD0003,Bluetooth Speaker,Electronics,2,63.0,126.0
ORD00466,PROD0043,ML Engineering Guide,Books,1,29.52,29.52
ORD00467,PROD0017,Running Shorts,Clothing,1,23.82,23.82
ORD00468,PROD0077,Mixed Nuts Pack,Food & Grocery,3,37.44,112.32
ORD00468,PROD0021,Coffee Maker,Home & Kitchen,3,168.93,506.79
ORD00468,PROD0005,Webcam,Electronics,3,143.11,429.33
ORD00469,PROD0025,Knife Set,Home & Kitchen,2,144.87,289.74
ORD00469,PROD0017,Running Shorts,Clothing,2,23.82,47.64
ORD00470,PROD0030,Throw Pillow,Home & Kitchen,1,42.17,42.17
ORD00470,PROD0010,Tablet Stand,Electronics,3,16.34,49.02
ORD00471,PROD0037,Foam Roller,Sports,1,53.18,53.18
ORD00471,PROD0008,Portable Monitor,Electronics,3,144.34,433.02
ORD00472,PROD0056,Hair Conditioner,Beauty,3,28.27,84.81
ORD00473,PROD0023,Blender,Home & Kitchen,1,60.62,60.62
ORD00473,PROD0063,1000-Piece Puzzle,Toys,1,26.71,26.71
ORD00474,PROD0030,Throw Pillow,Home & Kitchen,1,42.17,42.17
ORD00474,PROD0028,Storage Organizer,Home & Kitchen,3,24.84,74.52
ORD00475,PROD0071,Whey Protein Bar,Food & Grocery,3,22.38,67.14
ORD00475,PROD0050,Graphic Novel,Books,1,18.57,18.57
ORD00476,PROD0036,Jump Rope,Sports,3,20.14,60.42
ORD00476,PROD0037,Foam Roller,Sports,1,53.18,53.18
ORD00476,PROD0056,Hair Conditioner,Beauty,1,28.27,28.27
ORD00477,PROD0040,Fitness Tracker,Sports,3,99.28,297.84
ORD00477,PROD0043,ML Engineering Guide,Books,1,29.52,29.52
ORD00477,PROD0056,Hair Conditioner,Beauty,1,28.27,28.27
ORD00477,PROD0046,Science Fiction Novel,Books,3,13.49,40.47
ORD00478,PROD0017,Running Shorts,Clothing,2,23.82,47.64
ORD00478,PROD0031,Yoga Mat,Sports,2,68.43,136.86
ORD00479,PROD0005,Webcam,Electronics,1,143.11,143.11
ORD00479,PROD0049,Travel Photography,Books,1,39.07,39.07
ORD00479,PROD0034,Water Bottle,Sports,3,49.06,147.18
ORD00479,PROD0004,USB-C Hub,Electronics,3,33.39,100.17
ORD00480,PROD0024,Toaster,Home & Kitchen,2,29.33,58.66
ORD00480,PROD0003,Bluetooth Speaker,Electronics,1,63.0,63.0
ORD00480,PROD0043,ML Engineering Guide,Books,3,29.52,88.56
ORD00480,PROD0020,Scarf,Clothing,1,12.21,12.21
ORD00481,PROD0020,Scarf,Clothing,2,12.21,24.42
ORD00481,PROD0011,T-Shirt,Clothing,3,18.75,56.25
ORD00481,PROD0077,Mixed Nuts Pack,Food & Grocery,3,37.44,112.32
ORD00481,PROD0060,Nail Polish Set,Beauty,1,16.35,16.35
ORD00482,PROD0077,Mixed Nuts Pack,Food & Grocery,1,37.44,37.44
ORD00482,PROD0001,Wireless Headphones,Electronics,1,220.67,220.67
ORD00482,PROD0038,Gym Bag,Sports,2,65.2,130.4
ORD00482,PROD0042,Data Science Handbook,Books,2,26.6,53.2
ORD00483,PROD0039,Protein Shaker,Sports,2,31.54,63.08
ORD00483,PROD0020,Scarf,Clothing,2,12.21,24.42
ORD00483,PROD0078,Raw Honey,Food & Grocery,3,18.09,54.27
ORD00483,PROD0041,Python Programming,Books,2,41.14,82.28
ORD00484,PROD0069,Science Experiment Kit,Toys,2,27.62,55.24
ORD00484,PROD0010,Tablet Stand,Electronics,1,16.34,16.34
ORD00484,PROD0023,Blender,Home & Kitchen,2,60.62,121.24
ORD00485,PROD0004,USB-C Hub,Electronics,3,33.39,100.17
ORD00485,PROD0040,Fitness Tracker,Sports,1,99.28,99.28
ORD00486,PROD0070,Plush Stuffed Animal,Toys,1,16.69,16.69
ORD00486,PROD0052,SPF Sunscreen,Beauty,3,19.96,59.88
ORD00486,PROD0048,World History,Books,1,25.51,25.51
ORD00487,PROD0023,Blender,Home & Kitchen,2,60.62,121.24
ORD00487,PROD0057,Perfume,Beauty,3,50.54,151.62
ORD00487,PROD0068,Art & Craft Kit,Toys,3,13.06,39.18
ORD00487,PROD0056,Hair Conditioner,Beauty,1,28.27,28.27
ORD00488,PROD0019,Cap,Clothing,2,34.28,68.56
ORD00489,PROD0071,Whey Protein Bar,Food & Grocery,3,22.38,67.14
ORD00490,PROD0068,Art & Craft Kit,Toys,3,13.06,39.18
ORD00490,PROD0021,Coffee Maker,Home & Kitchen,2,168.93,337.86
ORD00491,PROD0042,Data Science Handbook,Books,3,26.6,79.8
ORD00492,PROD0020,Scarf,Clothing,1,12.21,12.21
ORD00492,PROD0018,Ankle Socks,Clothing,1,13.84,13.84
ORD00492,PROD0047,Cook Book,Books,2,17.53,35.06
ORD00492,PROD0039,Protein Shaker,Sports,3,31.54,94.62
ORD00493,PROD0076,Artisan Pasta,Food & Grocery,1,10.93,10.93
ORD00493,PROD0046,Science Fiction Novel,Books,2,13.49,26.98
ORD00494,PROD0035,Running Shoes,Sports,3,99.21,297.63
ORD00494,PROD0039,Protein Shaker,Sports,3,31.54,94.62
ORD00495,PROD0013,Sneakers,Clothing,1,42.92,42.92
ORD00495,PROD0024,Toaster,Home & Kitchen,2,29.33,58.66
ORD00496,PROD0009,Phone Case,Electronics,1,22.66,22.66
ORD00496,PROD0073,Matcha Green Tea,Food & Grocery,1,31.91,31.91
ORD00497,PROD0011,T-Shirt,Clothing,3,18.75,56.25
ORD00497,PROD0058,Eye Cream,Beauty,2,71.04,142.08
ORD00498,PROD0060,Nail Polish Set,Beauty,1,16.35,16.35
ORD00498,PROD0012,Jeans,Clothing,3,65.37,196.11
ORD00499,PROD0062,Strategy Board Game,Toys,2,43.8,87.6
ORD00499,PROD0025,Knife Set,Home & Kitchen,3,144.87,434.61
ORD00499,PROD0044,Business Strategy,Books,3,25.81,77.43
ORD00499,PROD0032,Adjustable Dumbbells,Sports,1,159.46,159.46
ORD00500,PROD0070,Plush Stuffed Animal,Toys,1,16.69,16.69
ORD00500,PROD0010,Tablet Stand,Electronics,3,16.34,49.02
ORD00500,PROD0062,Strategy Board Game,Toys,3,43.8,131.4
ORD00501,PROD0070,Plush Stuffed Animal,Toys,1,16.69,16.69
ORD00501,PROD0023,Blender,Home & Kitchen,1,60.62,60.62
ORD00502,PROD0017,Running Shorts,Clothing,3,23.82,71.46
ORD00502,PROD0009,Phone Case,Electronics,2,22.66,45.32
ORD00502,PROD0056,Hair Conditioner,Beauty,3,28.27,84.81
ORD00503,PROD0063,1000-Piece Puzzle,Toys,3,26.71,80.13
ORD00503,PROD0046,Science Fiction Novel,Books,3,13.49,40.47
ORD00504,PROD0025,Knife Set,Home & Kitchen,2,144.87,289.74
ORD00504,PROD0023,Blender,Home & Kitchen,3,60.62,181.86
ORD00505,PROD0063,1000-Piece Puzzle,Toys,2,26.71,53.42
ORD00505,PROD0026,Cutting Board,Home & Kitchen,2,23.46,46.92
ORD00505,PROD0031,Yoga Mat,Sports,1,68.43,68.43
ORD00506,PROD0063,1000-Piece Puzzle,Toys,3,26.71,80.13
ORD00506,PROD0064,Action Figure,Toys,3,30.54,91.62
ORD00506,PROD0031,Yoga Mat,Sports,2,68.43,136.86
ORD00506,PROD0028,Storage Organizer,Home & Kitchen,3,24.84,74.52
ORD00507,PROD0047,Cook Book,Books,1,17.53,17.53
ORD00507,PROD0065,Collectible Doll,Toys,1,52.93,52.93
ORD00507,PROD0034,Water Bottle,Sports,2,49.06,98.12
ORD00507,PROD0041,Python Programming,Books,2,41.14,82.28
ORD00508,PROD0067,Card Game Pack,Toys,1,11.89,11.89
ORD00508,PROD0055,Argan Shampoo,Beauty,3,29.44,88.32
ORD00509,PROD0012,Jeans,Clothing,2,65.37,130.74
ORD00509,PROD0014,Winter Jacket,Clothing,2,87.84,175.68
ORD00509,PROD0025,Knife Set,Home & Kitchen,3,144.87,434.61
ORD00510,PROD0057,Perfume,Beauty,3,50.54,151.62
ORD00510,PROD0044,Business Strategy,Books,3,25.81,77.43
ORD00510,PROD0056,Hair Conditioner,Beauty,3,28.27,84.81
ORD00510,PROD0029,LED Desk Lamp,Home & Kitchen,1,80.09,80.09
ORD00511,PROD0055,Argan Shampoo,Beauty,2,29.44,58.88
ORD00511,PROD0073,Matcha Green Tea,Food & Grocery,3,31.91,95.73
ORD00512,PROD0080,Healthy Snack Box,Food & Grocery,1,23.63,23.63
ORD00512,PROD0025,Knife Set,Home & Kitchen,1,144.87,144.87
ORD00512,PROD0021,Coffee Maker,Home & Kitchen,3,168.93,506.79
ORD00512,PROD0014,Winter Jacket,Clothing,1,87.84,87.84
ORD00513,PROD0039,Protein Shaker,Sports,1,31.54,31.54
ORD00513,PROD0020,Scarf,Clothing,1,12.21,12.21
ORD00513,PROD0057,Perfume,Beauty,1,50.54,50.54
ORD00513,PROD0068,Art & Craft Kit,Toys,2,13.06,26.12
ORD00514,PROD0006,Mechanical Keyboard,Electronics,3,151.5,454.5
ORD00514,PROD0001,Wireless Headphones,Electronics,3,220.67,662.01
ORD00515,PROD0061,LEGO Creator Set,Toys,3,99.16,297.48
ORD00515,PROD0069,Science Experiment Kit,Toys,2,27.62,55.24
ORD00515,PROD0028,Storage Organizer,Home & Kitchen,3,24.84,74.52
ORD00515,PROD0007,Gaming Mouse,Electronics,1,109.76,109.76
ORD00516,PROD0009,Phone Case,Electronics,2,22.66,45.32
ORD00516,PROD0019,Cap,Clothing,3,34.28,102.84
ORD00517,PROD0076,Artisan Pasta,Food & Grocery,1,10.93,10.93
ORD00517,PROD0026,Cutting Board,Home & Kitchen,3,23.46,70.38
ORD00517,PROD0064,Action Figure,Toys,3,30.54,91.62
ORD00518,PROD0005,Webcam,Electronics,1,143.11,143.11
ORD00518,PROD0058,Eye Cream,Beauty,1,71.04,71.04
ORD00519,PROD0025,Knife Set,Home & Kitchen,3,144.87,434.61
ORD00520,PROD0041,Python Programming,Books,1,41.14,41.14
ORD00521,PROD0060,Nail Polish Set,Beauty,2,16.35,32.7
ORD00521,PROD0038,Gym Bag,Sports,3,65.2,195.6
ORD00521,PROD0059,Vitamin C Serum,Beauty,3,28.13,84.39
ORD00522,PROD0070,Plush Stuffed Animal,Toys,3,16.69,50.07
ORD00523,PROD0070,Plush Stuffed Animal,Toys,1,16.69,16.69
ORD00523,PROD0037,Foam Roller,Sports,1,53.18,53.18
ORD00524,PROD0056,Hair Conditioner,Beauty,2,28.27,56.54
ORD00525,PROD0056,Hair Conditioner,Beauty,3,28.27,84.81
ORD00525,PROD0013,Sneakers,Clothing,3,42.92,128.76
ORD00525,PROD0030,Throw Pillow,Home & Kitchen,2,42.17,84.34
ORD00525,PROD0006,Mechanical Keyboard,Electronics,3,151.5,454.5
ORD00526,PROD0062,Strategy Board Game,Toys,2,43.8,87.6
ORD00526,PROD0015,Summer Dress,Clothing,3,67.24,201.72
ORD00526,PROD0070,Plush Stuffed Animal,Toys,1,16.69,16.69
ORD00526,PROD0071,Whey Protein Bar,Food & Grocery,3,22.38,67.14
ORD00527,PROD0075,Extra Virgin Olive Oil,Food & Grocery,3,26.39,79.17
ORD00527,PROD0055,Argan Shampoo,Beauty,3,29.44,88.32
ORD00527,PROD0043,ML Engineering Guide,Books,2,29.52,59.04
ORD00528,PROD0076,Artisan Pasta,Food & Grocery,1,10.93,10.93
ORD00528,PROD0006,Mechanical Keyboard,Electronics,3,151.5,454.5
ORD00529,PROD0074,Granola Mix,Food & Grocery,1,13.35,13.35
ORD00529,PROD0034,Water Bottle,Sports,1,49.06,49.06
ORD00529,PROD0068,Art & Craft Kit,Toys,1,13.06,13.06
ORD00529,PROD0073,Matcha Green Tea,Food & Grocery,1,31.91,31.91
ORD00530,PROD0001,Wireless Headphones,Electronics,2,220.67,441.34
ORD00530,PROD0025,Knife Set,Home & Kitchen,1,144.87,144.87
ORD00530,PROD0035,Running Shoes,Sports,2,99.21,198.42
ORD00531,PROD0048,World History,Books,3,25.51,76.53
ORD00532,PROD0043,ML Engineering Guide,Books,1,29.52,29.52
ORD00532,PROD0054,Foundation,Beauty,2,57.15,114.3
ORD00532,PROD0062,Strategy Board Game,Toys,1,43.8,43.8
ORD00533,PROD0011,T-Shirt,Clothing,1,18.75,18.75
ORD00533,PROD0077,Mixed Nuts Pack,Food & Grocery,1,37.44,37.44
ORD00533,PROD0033,Resistance Bands,Sports,3,26.09,78.27
ORD00534,PROD0031,Yoga Mat,Sports,1,68.43,68.43
ORD00535,PROD0062,Strategy Board Game,Toys,3,43.8,131.4
ORD00535,PROD0069,Science Experiment Kit,Toys,3,27.62,82.86
ORD00536,PROD0001,Wireless Headphones,Electronics,3,220.67,662.01
ORD00536,PROD0006,Mechanical Keyboard,Electronics,3,151.5,454.5
ORD00537,PROD0052,SPF Sunscreen,Beauty,3,19.96,59.88
ORD00537,PROD0019,Cap,Clothing,1,34.28,34.28
ORD00537,PROD0003,Bluetooth Speaker,Electronics,1,63.0,63.0
ORD00538,PROD0012,Jeans,Clothing,1,65.37,65.37
ORD00538,PROD0025,Knife Set,Home & Kitchen,2,144.87,289.74
ORD00538,PROD0053,Lipstick Set,Beauty,2,19.34,38.68
ORD00539,PROD0027,Mug Set,Home & Kitchen,1,18.25,18.25
ORD00539,PROD0067,Card Game Pack,Toys,3,11.89,35.67
ORD00540,PROD0079,Multivitamins,Food & Grocery,1,20.74,20.74
ORD00540,PROD0012,Jeans,Clothing,3,65.37,196.11
ORD00541,PROD0044,Business Strategy,Books,2,25.81,51.62
ORD00541,PROD0073,Matcha Green Tea,Food & Grocery,1,31.91,31.91
ORD00541,PROD0002,Smart Watch,Electronics,1,110.0,110.0
ORD00541,PROD0072,Premium Coffee Beans,Food & Grocery,3,43.12,129.36
ORD00542,PROD0002,Smart Watch,Electronics,1,110.0,110.0
ORD00542,PROD0031,Yoga Mat,Sports,3,68.43,205.29
ORD00542,PROD0033,Resistance Bands,Sports,1,26.09,26.09
ORD00542,PROD0040,Fitness Tracker,Sports,1,99.28,99.28
ORD00543,PROD0031,Yoga Mat,Sports,1,68.43,68.43
ORD00543,PROD0011,T-Shirt,Clothing,3,18.75,56.25
ORD00543,PROD0050,Graphic Novel,Books,1,18.57,18.57
ORD00543,PROD0044,Business Strategy,Books,3,25.81,77.43
ORD00544,PROD0018,Ankle Socks,Clothing,1,13.84,13.84
ORD00544,PROD0077,Mixed Nuts Pack,Food & Grocery,1,37.44,37.44
ORD00545,PROD0015,Summer Dress,Clothing,1,67.24,67.24
ORD00545,PROD0021,Coffee Maker,Home & Kitchen,3,168.93,506.79
ORD00546,PROD0065,Collectible Doll,Toys,2,52.93,105.86
ORD00546,PROD0079,Multivitamins,Food & Grocery,2,20.74,41.48
ORD00546,PROD0057,Perfume,Beauty,3,50.54,151.62
ORD00546,PROD0062,Strategy Board Game,Toys,1,43.8,43.8
ORD00547,PROD0077,Mixed Nuts Pack,Food & Grocery,1,37.44,37.44
ORD00548,PROD0065,Collectible Doll,Toys,1,52.93,52.93
ORD00549,PROD0006,Mechanical Keyboard,Electronics,2,151.5,303.0
ORD00550,PROD0070,Plush Stuffed Animal,Toys,1,16.69,16.69
ORD00550,PROD0044,Business Strategy,Books,1,25.81,25.81
ORD00550,PROD0072,Premium Coffee Beans,Food & Grocery,1,43.12,43.12
ORD00550,PROD0019,Cap,Clothing,1,34.28,34.28
ORD00551,PROD0016,Hoodie,Clothing,3,57.25,171.75
ORD00552,PROD0034,Water Bottle,Sports,2,49.06,98.12
ORD00553,PROD0066,RC Racing Car,Toys,3,74.32,222.96
ORD00553,PROD0019,Cap,Clothing,2,34.28,68.56
ORD00554,PROD0034,Water Bottle,Sports,1,49.06,49.06
ORD00554,PROD0027,Mug Set,Home & Kitchen,1,18.25,18.25
ORD00554,PROD0024,Toaster,Home & Kitchen,3,29.33,87.99
ORD00554,PROD0033,Resistance Bands,Sports,3,26.09,78.27
ORD00555,PROD0019,Cap,Clothing,1,34.28,34.28
ORD00555,PROD0026,Cutting Board,Home & Kitchen,2,23.46,46.92
ORD00556,PROD0007,Gaming Mouse,Electronics,2,109.76,219.52
ORD00556,PROD0041,Python Programming,Books,2,41.14,82.28
ORD00557,PROD0068,Art & Craft Kit,Toys,1,13.06,13.06
ORD00557,PROD0001,Wireless Headphones,Electronics,3,220.67,662.01
ORD00557,PROD0036,Jump Rope,Sports,1,20.14,20.14
ORD00558,PROD0059,Vitamin C Serum,Beauty,2,28.13,56.26
ORD00558,PROD0058,Eye Cream,Beauty,3,71.04,213.12
ORD00559,PROD0039,Protein Shaker,Sports,3,31.54,94.62
ORD00559,PROD0073,Matcha Green Tea,Food & Grocery,1,31.91,31.91
ORD00559,PROD0076,Artisan Pasta,Food & Grocery,1,10.93,10.93
ORD00560,PROD0077,Mixed Nuts Pack,Food & Grocery,1,37.44,37.44
ORD00560,PROD0056,Hair Conditioner,Beauty,1,28.27,28.27
ORD00560,PROD0043,ML Engineering Guide,Books,1,29.52,29.52
ORD00561,PROD0050,Graphic Novel,Books,1,18.57,18.57
ORD00561,PROD0020,Scarf,Clothing,3,12.21,36.63
ORD00561,PROD0008,Portable Monitor,Electronics,3,144.34,433.02
ORD00562,PROD0077,Mixed Nuts Pack,Food & Grocery,3,37.44,112.32
ORD00562,PROD0055,Argan Shampoo,Beauty,3,29.44,88.32
ORD00562,PROD0059,Vitamin C Serum,Beauty,1,28.13,28.13
ORD00562,PROD0052,SPF Sunscreen,Beauty,2,19.96,39.92
ORD00563,PROD0011,T-Shirt,Clothing,3,18.75,56.25
ORD00564,PROD0051,Face Moisturizer,Beauty,1,39.06,39.06
ORD00564,PROD0059,Vitamin C Serum,Beauty,1,28.13,28.13
ORD00564,PROD0074,Granola Mix,Food & Grocery,3,13.35,40.05
ORD00565,PROD0046,Science Fiction Novel,Books,2,13.49,26.98
ORD00565,PROD0066,RC Racing Car,Toys,1,74.32,74.32
ORD00565,PROD0043,ML Engineering Guide,Books,1,29.52,29.52
ORD00566,PROD0013,Sneakers,Clothing,3,42.92,128.76
ORD00566,PROD0055,Argan Shampoo,Beauty,2,29.44,58.88
ORD00567,PROD0054,Foundation,Beauty,3,57.15,171.45
ORD00567,PROD0004,USB-C Hub,Electronics,2,33.39,66.78
ORD00567,PROD0010,Tablet Stand,Electronics,1,16.34,16.34
ORD00568,PROD0013,Sneakers,Clothing,1,42.92,42.92
ORD00569,PROD0068,Art & Craft Kit,Toys,1,13.06,13.06
ORD00569,PROD0075,Extra Virgin Olive Oil,Food & Grocery,3,26.39,79.17
ORD00569,PROD0031,Yoga Mat,Sports,3,68.43,205.29
ORD00570,PROD0048,World History,Books,1,25.51,25.51
ORD00570,PROD0045,Self-Help Bestseller,Books,1,13.44,13.44
ORD00570,PROD0034,Water Bottle,Sports,1,49.06,49.06
ORD00570,PROD0052,SPF Sunscreen,Beauty,2,19.96,39.92
ORD00571,PROD0014,Winter Jacket,Clothing,1,87.84,87.84
ORD00572,PROD0052,SPF Sunscreen,Beauty,1,19.96,19.96
ORD00572,PROD0015,Summer Dress,Clothing,2,67.24,134.48
ORD00572,PROD0035,Running Shoes,Sports,2,99.21,198.42
ORD00573,PROD0035,Running Shoes,Sports,3,99.21,297.63
ORD00573,PROD0053,Lipstick Set,Beauty,2,19.34,38.68
ORD00573,PROD0007,Gaming Mouse,Electronics,2,109.76,219.52
ORD00574,PROD0071,Whey Protein Bar,Food & Grocery,1,22.38,22.38
ORD00574,PROD0078,Raw Honey,Food & Grocery,1,18.09,18.09
ORD00574,PROD0046,Science Fiction Novel,Books,1,13.49,13.49
ORD00575,PROD0064,Action Figure,Toys,1,30.54,30.54
ORD00575,PROD0014,Winter Jacket,Clothing,3,87.84,263.52
ORD00575,PROD0079,Multivitamins,Food & Grocery,1,20.74,20.74
ORD00576,PROD0056,Hair Conditioner,Beauty,1,28.27,28.27
ORD00577,PROD0049,Travel Photography,Books,1,39.07,39.07
ORD00577,PROD0047,Cook Book,Books,2,17.53,35.06
ORD00577,PROD0035,Running Shoes,Sports,1,99.21,99.21
ORD00577,PROD0017,Running Shorts,Clothing,2,23.82,47.64
ORD00578,PROD0007,Gaming Mouse,Electronics,2,109.76,219.52
ORD00578,PROD0012,Jeans,Clothing,1,65.37,65.37
ORD00579,PROD0031,Yoga Mat,Sports,2,68.43,136.86
ORD00579,PROD0026,Cutting Board,Home & Kitchen,1,23.46,23.46
ORD00579,PROD0036,Jump Rope,Sports,1,20.14,20.14
ORD00579,PROD0051,Face Moisturizer,Beauty,3,39.06,117.18
ORD00580,PROD0028,Storage Organizer,Home & Kitchen,2,24.84,49.68
ORD00581,PROD0026,Cutting Board,Home & Kitchen,2,23.46,46.92
ORD00582,PROD0019,Cap,Clothing,3,34.28,102.84
ORD00582,PROD0056,Hair Conditioner,Beauty,1,28.27,28.27
ORD00582,PROD0022,Air Fryer,Home & Kitchen,2,143.78,287.56
ORD00582,PROD0068,Art & Craft Kit,Toys,1,13.06,13.06
ORD00583,PROD0036,Jump Rope,Sports,1,20.14,20.14
ORD00583,PROD0055,Argan Shampoo,Beauty,2,29.44,58.88
ORD00584,PROD0052,SPF Sunscreen,Beauty,2,19.96,39.92
ORD00585,PROD0049,Travel Photography,Books,2,39.07,78.14
ORD00585,PROD0017,Running Shorts,Clothing,1,23.82,23.82
ORD00585,PROD0002,Smart Watch,Electronics,3,110.0,330.0
ORD00586,PROD0065,Collectible Doll,Toys,1,52.93,52.93
ORD00587,PROD0066,RC Racing Car,Toys,1,74.32,74.32
ORD00587,PROD0033,Resistance Bands,Sports,1,26.09,26.09
ORD00587,PROD0008,Portable Monitor,Electronics,1,144.34,144.34
ORD00588,PROD0016,Hoodie,Clothing,1,57.25,57.25
ORD00589,PROD0046,Science Fiction Novel,Books,2,13.49,26.98
ORD00589,PROD0062,Strategy Board Game,Toys,2,43.8,87.6
ORD00589,PROD0003,Bluetooth Speaker,Electronics,3,63.0,189.0
ORD00590,PROD0041,Python Programming,Books,2,41.14,82.28
ORD00590,PROD0009,Phone Case,Electronics,2,22.66,45.32
ORD00590,PROD0070,Plush Stuffed Animal,Toys,2,16.69,33.38
ORD00590,PROD0028,Storage Organizer,Home & Kitchen,3,24.84,74.52
ORD00591,PROD0069,Science Experiment Kit,Toys,2,27.62,55.24
ORD00592,PROD0054,Foundation,Beauty,3,57.15,171.45
ORD00592,PROD0060,Nail Polish Set,Beauty,3,16.35,49.05
ORD00592,PROD0003,Bluetooth Speaker,Electronics,2,63.0,126.0
ORD00592,PROD0063,1000-Piece Puzzle,Toys,2,26.71,53.42
ORD00593,PROD0056,Hair Conditioner,Beauty,2,28.27,56.54
ORD00593,PROD0074,Granola Mix,Food & Grocery,1,13.35,13.35
ORD00593,PROD0029,LED Desk Lamp,Home & Kitchen,1,80.09,80.09
ORD00594,PROD0004,USB-C Hub,Electronics,2,33.39,66.78
ORD00594,PROD0003,Bluetooth Speaker,Electronics,1,63.0,63.0
ORD00594,PROD0076,Artisan Pasta,Food & Grocery,1,10.93,10.93
ORD00595,PROD0057,Perfume,Beauty,2,50.54,101.08
ORD00595,PROD0078,Raw Honey,Food & Grocery,2,18.09,36.18
ORD00595,PROD0062,Strategy Board Game,Toys,1,43.8,43.8
ORD00596,PROD0064,Action Figure,Toys,1,30.54,30.54
ORD00597,PROD0038,Gym Bag,Sports,1,65.2,65.2
ORD00598,PROD0057,Perfume,Beauty,1,50.54,50.54
ORD00599,PROD0035,Running Shoes,Sports,1,99.21,99.21
ORD00599,PROD0053,Lipstick Set,Beauty,3,19.34,58.02
ORD00600,PROD0073,Matcha Green Tea,Food & Grocery,3,31.91,95.73
ORD00600,PROD0010,Tablet Stand,Electronics,1,16.34,16.34
ORD00600,PROD0074,Granola Mix,Food & Grocery,1,13.35,13.35
ORD00600,PROD0033,Resistance Bands,Sports,2,26.09,52.18
ORD00601,PROD0032,Adjustable Dumbbells,Sports,2,159.46,318.92
ORD00601,PROD0048,World History,Books,1,25.51,25.51
ORD00601,PROD0015,Summer Dress,Clothing,2,67.24,134.48
ORD00601,PROD0056,Hair Conditioner,Beauty,1,28.27,28.27
ORD00602,PROD0018,Ankle Socks,Clothing,3,13.84,41.52
ORD00602,PROD0051,Face Moisturizer,Beauty,1,39.06,39.06
ORD00602,PROD0024,Toaster,Home & Kitchen,3,29.33,87.99
ORD00602,PROD0016,Hoodie,Clothing,1,57.25,57.25
ORD00603,PROD0078,Raw Honey,Food & Grocery,3,18.09,54.27
ORD00604,PROD0029,LED Desk Lamp,Home & Kitchen,2,80.09,160.18
ORD00604,PROD0074,Granola Mix,Food & Grocery,1,13.35,13.35
ORD00604,PROD0079,Multivitamins,Food & Grocery,1,20.74,20.74
ORD00605,PROD0032,Adjustable Dumbbells,Sports,3,159.46,478.38
ORD00606,PROD0068,Art & Craft Kit,Toys,2,13.06,26.12
ORD00607,PROD0016,Hoodie,Clothing,2,57.25,114.5
ORD00608,PROD0018,Ankle Socks,Clothing,1,13.84,13.84
ORD00609,PROD0001,Wireless Headphones,Electronics,2,220.67,441.34
ORD00610,PROD0058,Eye Cream,Beauty,1,71.04,71.04
ORD00610,PROD0030,Throw Pillow,Home & Kitchen,1,42.17,42.17
ORD00610,PROD0061,LEGO Creator Set,Toys,1,99.16,99.16
ORD00610,PROD0059,Vitamin C Serum,Beauty,2,28.13,56.26
ORD00611,PROD0078,Raw Honey,Food & Grocery,2,18.09,36.18
ORD00611,PROD0079,Multivitamins,Food & Grocery,1,20.74,20.74
ORD00612,PROD0054,Foundation,Beauty,2,57.15,114.3
ORD00613,PROD0042,Data Science Handbook,Books,3,26.6,79.8
ORD00613,PROD0066,RC Racing Car,Toys,2,74.32,148.64
ORD00613,PROD0073,Matcha Green Tea,Food & Grocery,2,31.91,63.82
ORD00614,PROD0038,Gym Bag,Sports,1,65.2,65.2
ORD00614,PROD0060,Nail Polish Set,Beauty,2,16.35,32.7
ORD00614,PROD0032,Adjustable Dumbbells,Sports,1,159.46,159.46
ORD00615,PROD0049,Travel Photography,Books,3,39.07,117.21
ORD00616,PROD0003,Bluetooth Speaker,Electronics,1,63.0,63.0
ORD00616,PROD0029,LED Desk Lamp,Home & Kitchen,1,80.09,80.09
ORD00617,PROD0055,Argan Shampoo,Beauty,1,29.44,29.44
ORD00617,PROD0066,RC Racing Car,Toys,2,74.32,148.64
ORD00617,PROD0079,Multivitamins,Food & Grocery,3,20.74,62.22
ORD00617,PROD0057,Perfume,Beauty,3,50.54,151.62
ORD00618,PROD0043,ML Engineering Guide,Books,2,29.52,59.04
ORD00618,PROD0025,Knife Set,Home & Kitchen,2,144.87,289.74
ORD00618,PROD0024,Toaster,Home & Kitchen,3,29.33,87.99
ORD00619,PROD0051,Face Moisturizer,Beauty,3,39.06,117.18
ORD00619,PROD0025,Knife Set,Home & Kitchen,2,144.87,289.74
ORD00619,PROD0024,Toaster,Home & Kitchen,2,29.33,58.66
ORD00619,PROD0033,Resistance Bands,Sports,1,26.09,26.09
ORD00620,PROD0014,Winter Jacket,Clothing,1,87.84,87.84
ORD00620,PROD0052,SPF Sunscreen,Beauty,3,19.96,59.88
ORD00621,PROD0030,Throw Pillow,Home & Kitchen,2,42.17,84.34
ORD00622,PROD0034,Water Bottle,Sports,3,49.06,147.18
ORD00622,PROD0053,Lipstick Set,Beauty,1,19.34,19.34
ORD00623,PROD0038,Gym Bag,Sports,1,65.2,65.2
ORD00623,PROD0042,Data Science Handbook,Books,2,26.6,53.2
ORD00623,PROD0076,Artisan Pasta,Food & Grocery,2,10.93,21.86
ORD00623,PROD0068,Art & Craft Kit,Toys,2,13.06,26.12
ORD00624,PROD0076,Artisan Pasta,Food & Grocery,2,10.93,21.86
ORD00624,PROD0073,Matcha Green Tea,Food & Grocery,1,31.91,31.91
ORD00624,PROD0033,Resistance Bands,Sports,1,26.09,26.09
ORD00624,PROD0004,USB-C Hub,Electronics,2,33.39,66.78
ORD00625,PROD0017,Running Shorts,Clothing,3,23.82,71.46
ORD00626,PROD0053,Lipstick Set,Beauty,1,19.34,19.34
ORD00626,PROD0057,Perfume,Beauty,3,50.54,151.62
ORD00627,PROD0005,Webcam,Electronics,1,143.11,143.11
ORD00627,PROD0006,Mechanical Keyboard,Electronics,1,151.5,151.5
ORD00627,PROD0045,Self-Help Bestseller,Books,1,13.44,13.44
ORD00627,PROD0079,Multivitamins,Food & Grocery,2,20.74,41.48
ORD00628,PROD0021,Coffee Maker,Home & Kitchen,2,168.93,337.86
ORD00628,PROD0009,Phone Case,Electronics,2,22.66,45.32
ORD00628,PROD0077,Mixed Nuts Pack,Food & Grocery,1,37.44,37.44
ORD00628,PROD0029,LED Desk Lamp,Home & Kitchen,2,80.09,160.18
ORD00629,PROD0074,Granola Mix,Food & Grocery,3,13.35,40.05
ORD00629,PROD0064,Action Figure,Toys,3,30.54,91.62
ORD00629,PROD0011,T-Shirt,Clothing,1,18.75,18.75
ORD00630,PROD0080,Healthy Snack Box,Food & Grocery,1,23.63,23.63
ORD00631,PROD0017,Running Shorts,Clothing,2,23.82,47.64
ORD00632,PROD0002,Smart Watch,Electronics,3,110.0,330.0
ORD00632,PROD0042,Data Science Handbook,Books,2,26.6,53.2
ORD00632,PROD0007,Gaming Mouse,Electronics,1,109.76,109.76
ORD00632,PROD0060,Nail Polish Set,Beauty,2,16.35,32.7
ORD00633,PROD0063,1000-Piece Puzzle,Toys,1,26.71,26.71
ORD00634,PROD0063,1000-Piece Puzzle,Toys,3,26.71,80.13
ORD00634,PROD0004,USB-C Hub,Electronics,1,33.39,33.39
ORD00634,PROD0001,Wireless Headphones,Electronics,3,220.67,662.01
ORD00635,PROD0069,Science Experiment Kit,Toys,3,27.62,82.86
ORD00636,PROD0014,Winter Jacket,Clothing,3,87.84,263.52
ORD00636,PROD0003,Bluetooth Speaker,Electronics,1,63.0,63.0
ORD00636,PROD0061,LEGO Creator Set,Toys,2,99.16,198.32
ORD00637,PROD0014,Winter Jacket,Clothing,3,87.84,263.52
ORD00637,PROD0011,T-Shirt,Clothing,3,18.75,56.25
ORD00638,PROD0075,Extra Virgin Olive Oil,Food & Grocery,2,26.39,52.78
ORD00639,PROD0021,Coffee Maker,Home & Kitchen,1,168.93,168.93
ORD00639,PROD0064,Action Figure,Toys,2,30.54,61.08
ORD00640,PROD0062,Strategy Board Game,Toys,3,43.8,131.4
ORD00641,PROD0045,Self-Help Bestseller,Books,3,13.44,40.32
ORD00641,PROD0079,Multivitamins,Food & Grocery,3,20.74,62.22
ORD00641,PROD0047,Cook Book,Books,2,17.53,35.06
ORD00642,PROD0057,Perfume,Beauty,3,50.54,151.62
ORD00642,PROD0060,Nail Polish Set,Beauty,3,16.35,49.05
ORD00642,PROD0038,Gym Bag,Sports,2,65.2,130.4
ORD00642,PROD0016,Hoodie,Clothing,3,57.25,171.75
ORD00643,PROD0030,Throw Pillow,Home & Kitchen,3,42.17,126.51
ORD00643,PROD0065,Collectible Doll,Toys,1,52.93,52.93
ORD00644,PROD0035,Running Shoes,Sports,2,99.21,198.42
ORD00644,PROD0040,Fitness Tracker,Sports,3,99.28,297.84
ORD00645,PROD0015,Summer Dress,Clothing,3,67.24,201.72
ORD00645,PROD0012,Jeans,Clothing,1,65.37,65.37
ORD00645,PROD0006,Mechanical Keyboard,Electronics,2,151.5,303.0
ORD00645,PROD0040,Fitness Tracker,Sports,2,99.28,198.56
ORD00646,PROD0033,Resistance Bands,Sports,1,26.09,26.09
ORD00646,PROD0079,Multivitamins,Food & Grocery,2,20.74,41.48
ORD00646,PROD0039,Protein Shaker,Sports,2,31.54,63.08
ORD00647,PROD0050,Graphic Novel,Books,1,18.57,18.57
ORD00648,PROD0073,Matcha Green Tea,Food & Grocery,2,31.91,63.82
ORD00648,PROD0066,RC Racing Car,Toys,2,74.32,148.64
ORD00649,PROD0074,Granola Mix,Food & Grocery,2,13.35,26.7
ORD00650,PROD0056,Hair Conditioner,Beauty,3,28.27,84.81
ORD00650,PROD0041,Python Programming,Books,2,41.14,82.28
ORD00650,PROD0049,Travel Photography,Books,1,39.07,39.07
ORD00650,PROD0074,Granola Mix,Food & Grocery,1,13.35,13.35
ORD00651,PROD0062,Strategy Board Game,Toys,2,43.8,87.6
ORD00651,PROD0023,Blender,Home & Kitchen,2,60.62,121.24
ORD00652,PROD0071,Whey Protein Bar,Food & Grocery,1,22.38,22.38
ORD00652,PROD0048,World History,Books,3,25.51,76.53
ORD00653,PROD0033,Resistance Bands,Sports,3,26.09,78.27
ORD00653,PROD0035,Running Shoes,Sports,3,99.21,297.63
ORD00653,PROD0056,Hair Conditioner,Beauty,1,28.27,28.27
ORD00654,PROD0001,Wireless Headphones,Electronics,1,220.67,220.67
ORD00654,PROD0050,Graphic Novel,Books,1,18.57,18.57
ORD00654,PROD0075,Extra Virgin Olive Oil,Food & Grocery,3,26.39,79.17
ORD00654,PROD0049,Travel Photography,Books,2,39.07,78.14
ORD00655,PROD0030,Throw Pillow,Home & Kitchen,2,42.17,84.34
ORD00655,PROD0055,Argan Shampoo,Beauty,3,29.44,88.32
ORD00656,PROD0034,Water Bottle,Sports,1,49.06,49.06
ORD00656,PROD0010,Tablet Stand,Electronics,1,16.34,16.34
ORD00657,PROD0035,Running Shoes,Sports,1,99.21,99.21
ORD00657,PROD0018,Ankle Socks,Clothing,3,13.84,41.52
ORD00657,PROD0023,Blender,Home & Kitchen,2,60.62,121.24
ORD00657,PROD0034,Water Bottle,Sports,3,49.06,147.18
ORD00658,PROD0024,Toaster,Home & Kitchen,1,29.33,29.33
ORD00658,PROD0050,Graphic Novel,Books,1,18.57,18.57
ORD00659,PROD0056,Hair Conditioner,Beauty,1,28.27,28.27
ORD00659,PROD0013,Sneakers,Clothing,1,42.92,42.92
ORD00659,PROD0022,Air Fryer,Home & Kitchen,3,143.78,431.34
ORD00659,PROD0057,Perfume,Beauty,3,50.54,151.62
ORD00660,PROD0063,1000-Piece Puzzle,Toys,3,26.71,80.13
ORD00661,PROD0004,USB-C Hub,Electronics,1,33.39,33.39
ORD00661,PROD0067,Card Game Pack,Toys,3,11.89,35.67
ORD00661,PROD0077,Mixed Nuts Pack,Food & Grocery,1,37.44,37.44
ORD00662,PROD0010,Tablet Stand,Electronics,2,16.34,32.68
ORD00662,PROD0031,Yoga Mat,Sports,3,68.43,205.29
ORD00663,PROD0001,Wireless Headphones,Electronics,1,220.67,220.67
ORD00663,PROD0073,Matcha Green Tea,Food & Grocery,1,31.91,31.91
ORD00663,PROD0023,Blender,Home & Kitchen,1,60.62,60.62
ORD00663,PROD0018,Ankle Socks,Clothing,2,13.84,27.68
ORD00664,PROD0008,Portable Monitor,Electronics,3,144.34,433.02
ORD00665,PROD0026,Cutting Board,Home & Kitchen,3,23.46,70.38
ORD00665,PROD0072,Premium Coffee Beans,Food & Grocery,3,43.12,129.36
ORD00665,PROD0030,Throw Pillow,Home & Kitchen,1,42.17,42.17
ORD00666,PROD0027,Mug Set,Home & Kitchen,3,18.25,54.75
ORD00667,PROD0022,Air Fryer,Home & Kitchen,2,143.78,287.56
ORD00667,PROD0063,1000-Piece Puzzle,Toys,2,26.71,53.42
ORD00667,PROD0049,Travel Photography,Books,3,39.07,117.21
ORD00667,PROD0031,Yoga Mat,Sports,1,68.43,68.43
ORD00668,PROD0061,LEGO Creator Set,Toys,1,99.16,99.16
ORD00668,PROD0002,Smart Watch,Electronics,2,110.0,220.0
ORD00669,PROD0025,Knife Set,Home & Kitchen,3,144.87,434.61
ORD00669,PROD0045,Self-Help Bestseller,Books,3,13.44,40.32
ORD00669,PROD0062,Strategy Board Game,Toys,3,43.8,131.4
ORD00670,PROD0028,Storage Organizer,Home & Kitchen,3,24.84,74.52
ORD00670,PROD0025,Knife Set,Home & Kitchen,2,144.87,289.74
ORD00671,PROD0004,USB-C Hub,Electronics,2,33.39,66.78
ORD00671,PROD0001,Wireless Headphones,Electronics,1,220.67,220.67
ORD00671,PROD0046,Science Fiction Novel,Books,3,13.49,40.47
ORD00672,PROD0019,Cap,Clothing,1,34.28,34.28
ORD00672,PROD0009,Phone Case,Electronics,1,22.66,22.66
ORD00673,PROD0067,Card Game Pack,Toys,3,11.89,35.67
ORD00673,PROD0016,Hoodie,Clothing,1,57.25,57.25
ORD00673,PROD0079,Multivitamins,Food & Grocery,2,20.74,41.48
ORD00674,PROD0019,Cap,Clothing,2,34.28,68.56
ORD00674,PROD0029,LED Desk Lamp,Home & Kitchen,2,80.09,160.18
ORD00674,PROD0044,Business Strategy,Books,3,25.81,77.43
ORD00674,PROD0056,Hair Conditioner,Beauty,1,28.27,28.27
ORD00675,PROD0042,Data Science Handbook,Books,1,26.6,26.6
ORD00675,PROD0049,Travel Photography,Books,2,39.07,78.14
ORD00676,PROD0080,Healthy Snack Box,Food & Grocery,2,23.63,47.26
ORD00677,PROD0001,Wireless Headphones,Electronics,1,220.67,220.67
ORD00677,PROD0011,T-Shirt,Clothing,3,18.75,56.25
ORD00677,PROD0033,Resistance Bands,Sports,3,26.09,78.27
ORD00677,PROD0042,Data Science Handbook,Books,1,26.6,26.6
ORD00678,PROD0067,Card Game Pack,Toys,3,11.89,35.67
ORD00678,PROD0061,LEGO Creator Set,Toys,2,99.16,198.32
ORD00679,PROD0007,Gaming Mouse,Electronics,1,109.76,109.76
ORD00679,PROD0013,Sneakers,Clothing,3,42.92,128.76
ORD00679,PROD0010,Tablet Stand,Electronics,3,16.34,49.02
ORD00680,PROD0022,Air Fryer,Home & Kitchen,3,143.78,431.34
ORD00680,PROD0051,Face Moisturizer,Beauty,3,39.06,117.18
ORD00680,PROD0056,Hair Conditioner,Beauty,1,28.27,28.27
ORD00680,PROD0020,Scarf,Clothing,2,12.21,24.42
ORD00681,PROD0010,Tablet Stand,Electronics,3,16.34,49.02
ORD00681,PROD0014,Winter Jacket,Clothing,3,87.84,263.52
ORD00681,PROD0032,Adjustable Dumbbells,Sports,2,159.46,318.92
ORD00681,PROD0031,Yoga Mat,Sports,3,68.43,205.29
ORD00682,PROD0049,Travel Photography,Books,2,39.07,78.14
ORD00683,PROD0075,Extra Virgin Olive Oil,Food & Grocery,3,26.39,79.17
ORD00684,PROD0059,Vitamin C Serum,Beauty,1,28.13,28.13
ORD00684,PROD0030,Throw Pillow,Home & Kitchen,3,42.17,126.51
ORD00684,PROD0068,Art & Craft Kit,Toys,1,13.06,13.06
ORD00685,PROD0037,Foam Roller,Sports,1,53.18,53.18
ORD00685,PROD0001,Wireless Headphones,Electronics,3,220.67,662.01
ORD00685,PROD0026,Cutting Board,Home & Kitchen,2,23.46,46.92
ORD00686,PROD0049,Travel Photography,Books,2,39.07,78.14
ORD00687,PROD0045,Self-Help Bestseller,Books,1,13.44,13.44
ORD00687,PROD0032,Adjustable Dumbbells,Sports,2,159.46,318.92
ORD00687,PROD0071,Whey Protein Bar,Food & Grocery,3,22.38,67.14
ORD00687,PROD0052,SPF Sunscreen,Beauty,3,19.96,59.88
ORD00688,PROD0004,USB-C Hub,Electronics,1,33.39,33.39
ORD00688,PROD0074,Granola Mix,Food & Grocery,2,13.35,26.7
ORD00689,PROD0052,SPF Sunscreen,Beauty,3,19.96,59.88
ORD00689,PROD0032,Adjustable Dumbbells,Sports,3,159.46,478.38
ORD00689,PROD0036,Jump Rope,Sports,3,20.14,60.42
ORD00690,PROD0017,Running Shorts,Clothing,2,23.82,47.64
ORD00690,PROD0022,Air Fryer,Home & Kitchen,3,143.78,431.34
ORD00691,PROD0014,Winter Jacket,Clothing,2,87.84,175.68
ORD00691,PROD0059,Vitamin C Serum,Beauty,1,28.13,28.13
ORD00691,PROD0040,Fitness Tracker,Sports,2,99.28,198.56
ORD00691,PROD0067,Card Game Pack,Toys,3,11.89,35.67
ORD00692,PROD0035,Running Shoes,Sports,1,99.21,99.21
ORD00692,PROD0053,Lipstick Set,Beauty,2,19.34,38.68
ORD00692,PROD0034,Water Bottle,Sports,3,49.06,147.18
ORD00692,PROD0012,Jeans,Clothing,1,65.37,65.37
ORD00693,PROD0080,Healthy Snack Box,Food & Grocery,3,23.63,70.89
ORD00693,PROD0059,Vitamin C Serum,Beauty,3,28.13,84.39
ORD00693,PROD0054,Foundation,Beauty,2,57.15,114.3
ORD00693,PROD0049,Travel Photography,Books,3,39.07,117.21
ORD00694,PROD0001,Wireless Headphones,Electronics,2,220.67,441.34
ORD00694,PROD0016,Hoodie,Clothing,3,57.25,171.75
ORD00694,PROD0063,1000-Piece Puzzle,Toys,1,26.71,26.71
ORD00694,PROD0033,Resistance Bands,Sports,3,26.09,78.27
ORD00695,PROD0044,Business Strategy,Books,3,25.81,77.43
ORD00695,PROD0013,Sneakers,Clothing,2,42.92,85.84
ORD00695,PROD0034,Water Bottle,Sports,1,49.06,49.06
ORD00696,PROD0005,Webcam,Electronics,2,143.11,286.22
ORD00696,PROD0001,Wireless Headphones,Electronics,3,220.67,662.01
ORD00696,PROD0069,Science Experiment Kit,Toys,2,27.62,55.24
ORD00697,PROD0028,Storage Organizer,Home & Kitchen,1,24.84,24.84
ORD00697,PROD0032,Adjustable Dumbbells,Sports,2,159.46,318.92
ORD00698,PROD0039,Protein Shaker,Sports,1,31.54,31.54
ORD00699,PROD0048,World History,Books,1,25.51,25.51
ORD00699,PROD0004,USB-C Hub,Electronics,2,33.39,66.78
ORD00699,PROD0020,Scarf,Clothing,1,12.21,12.21
ORD00700,PROD0077,Mixed Nuts Pack,Food & Grocery,2,37.44,74.88
ORD00700,PROD0046,Science Fiction Novel,Books,3,13.49,40.47
ORD00701,PROD0051,Face Moisturizer,Beauty,3,39.06,117.18
ORD00701,PROD0035,Running Shoes,Sports,2,99.21,198.42
ORD00702,PROD0070,Plush Stuffed Animal,Toys,3,16.69,50.07
ORD00702,PROD0029,LED Desk Lamp,Home & Kitchen,3,80.09,240.27
ORD00702,PROD0023,Blender,Home & Kitchen,1,60.62,60.62
ORD00703,PROD0023,Blender,Home & Kitchen,3,60.62,181.86
ORD00704,PROD0009,Phone Case,Electronics,2,22.66,45.32
ORD00704,PROD0064,Action Figure,Toys,3,30.54,91.62
ORD00705,PROD0069,Science Experiment Kit,Toys,3,27.62,82.86
ORD00705,PROD0070,Plush Stuffed Animal,Toys,3,16.69,50.07
ORD00705,PROD0061,LEGO Creator Set,Toys,3,99.16,297.48
ORD00705,PROD0011,T-Shirt,Clothing,1,18.75,18.75
ORD00706,PROD0071,Whey Protein Bar,Food & Grocery,2,22.38,44.76
ORD00707,PROD0046,Science Fiction Novel,Books,2,13.49,26.98
ORD00707,PROD0003,Bluetooth Speaker,Electronics,2,63.0,126.0
ORD00708,PROD0075,Extra Virgin Olive Oil,Food & Grocery,1,26.39,26.39
ORD00708,PROD0074,Granola Mix,Food & Grocery,3,13.35,40.05
ORD00708,PROD0014,Winter Jacket,Clothing,2,87.84,175.68
ORD00708,PROD0031,Yoga Mat,Sports,3,68.43,205.29
ORD00709,PROD0078,Raw Honey,Food & Grocery,2,18.09,36.18
ORD00710,PROD0064,Action Figure,Toys,3,30.54,91.62
ORD00711,PROD0042,Data Science Handbook,Books,1,26.6,26.6
ORD00712,PROD0068,Art & Craft Kit,Toys,1,13.06,13.06
ORD00712,PROD0024,Toaster,Home & Kitchen,1,29.33,29.33
ORD00712,PROD0076,Artisan Pasta,Food & Grocery,1,10.93,10.93
ORD00713,PROD0079,Multivitamins,Food & Grocery,2,20.74,41.48
ORD00713,PROD0060,Nail Polish Set,Beauty,3,16.35,49.05
ORD00714,PROD0063,1000-Piece Puzzle,Toys,1,26.71,26.71
ORD00714,PROD0003,Bluetooth Speaker,Electronics,3,63.0,189.0
ORD00715,PROD0019,Cap,Clothing,1,34.28,34.28
ORD00715,PROD0037,Foam Roller,Sports,1,53.18,53.18
ORD00715,PROD0040,Fitness Tracker,Sports,1,99.28,99.28
ORD00715,PROD0005,Webcam,Electronics,2,143.11,286.22
ORD00716,PROD0036,Jump Rope,Sports,1,20.14,20.14
ORD00716,PROD0039,Protein Shaker,Sports,2,31.54,63.08
ORD00716,PROD0001,Wireless Headphones,Electronics,1,220.67,220.67
ORD00716,PROD0027,Mug Set,Home & Kitchen,1,18.25,18.25
ORD00717,PROD0079,Multivitamins,Food & Grocery,2,20.74,41.48
ORD00718,PROD0044,Business Strategy,Books,3,25.81,77.43
ORD00718,PROD0002,Smart Watch,Electronics,3,110.0,330.0
ORD00718,PROD0022,Air Fryer,Home & Kitchen,1,143.78,143.78
ORD00719,PROD0063,1000-Piece Puzzle,Toys,2,26.71,53.42
ORD00719,PROD0009,Phone Case,Electronics,3,22.66,67.98
ORD00719,PROD0008,Portable Monitor,Electronics,1,144.34,144.34
ORD00719,PROD0038,Gym Bag,Sports,1,65.2,65.2
ORD00720,PROD0017,Running Shorts,Clothing,2,23.82,47.64
ORD00720,PROD0072,Premium Coffee Beans,Food & Grocery,2,43.12,86.24
ORD00720,PROD0053,Lipstick Set,Beauty,2,19.34,38.68
ORD00721,PROD0053,Lipstick Set,Beauty,2,19.34,38.68
ORD00721,PROD0009,Phone Case,Electronics,1,22.66,22.66
ORD00722,PROD0080,Healthy Snack Box,Food & Grocery,2,23.63,47.26
ORD00723,PROD0067,Card Game Pack,Toys,3,11.89,35.67
ORD00723,PROD0005,Webcam,Electronics,1,143.11,143.11
ORD00723,PROD0020,Scarf,Clothing,1,12.21,12.21
ORD00724,PROD0043,ML Engineering Guide,Books,2,29.52,59.04
ORD00724,PROD0054,Foundation,Beauty,1,57.15,57.15
ORD00724,PROD0076,Artisan Pasta,Food & Grocery,3,10.93,32.79
ORD00725,PROD0022,Air Fryer,Home & Kitchen,2,143.78,287.56
ORD00725,PROD0064,Action Figure,Toys,1,30.54,30.54
ORD00725,PROD0042,Data Science Handbook,Books,2,26.6,53.2
ORD00725,PROD0007,Gaming Mouse,Electronics,3,109.76,329.28
ORD00726,PROD0032,Adjustable Dumbbells,Sports,3,159.46,478.38
ORD00726,PROD0038,Gym Bag,Sports,1,65.2,65.2
ORD00726,PROD0037,Foam Roller,Sports,3,53.18,159.54
ORD00726,PROD0016,Hoodie,Clothing,1,57.25,57.25
ORD00727,PROD0065,Collectible Doll,Toys,3,52.93,158.79
ORD00727,PROD0031,Yoga Mat,Sports,3,68.43,205.29
ORD00727,PROD0033,Resistance Bands,Sports,3,26.09,78.27
ORD00728,PROD0022,Air Fryer,Home & Kitchen,3,143.78,431.34
ORD00729,PROD0042,Data Science Handbook,Books,2,26.6,53.2
ORD00730,PROD0019,Cap,Clothing,3,34.28,102.84
ORD00730,PROD0053,Lipstick Set,Beauty,1,19.34,19.34
ORD00730,PROD0046,Science Fiction Novel,Books,1,13.49,13.49
ORD00730,PROD0061,LEGO Creator Set,Toys,2,99.16,198.32
ORD00731,PROD0007,Gaming Mouse,Electronics,2,109.76,219.52
ORD00732,PROD0044,Business Strategy,Books,2,25.81,51.62
ORD00732,PROD0016,Hoodie,Clothing,3,57.25,171.75
ORD00732,PROD0046,Science Fiction Novel,Books,1,13.49,13.49
ORD00733,PROD0053,Lipstick Set,Beauty,2,19.34,38.68
ORD00733,PROD0049,Travel Photography,Books,3,39.07,117.21
ORD00734,PROD0050,Graphic Novel,Books,2,18.57,37.14
ORD00734,PROD0022,Air Fryer,Home & Kitchen,3,143.78,431.34
ORD00735,PROD0058,Eye Cream,Beauty,2,71.04,142.08
ORD00735,PROD0031,Yoga Mat,Sports,3,68.43,205.29
ORD00735,PROD0029,LED Desk Lamp,Home & Kitchen,2,80.09,160.18
ORD00735,PROD0063,1000-Piece Puzzle,Toys,3,26.71,80.13
ORD00736,PROD0019,Cap,Clothing,3,34.28,102.84
ORD00736,PROD0001,Wireless Headphones,Electronics,3,220.67,662.01
ORD00737,PROD0036,Jump Rope,Sports,3,20.14,60.42
ORD00737,PROD0035,Running Shoes,Sports,3,99.21,297.63
ORD00737,PROD0018,Ankle Socks,Clothing,3,13.84,41.52
ORD00737,PROD0040,Fitness Tracker,Sports,2,99.28,198.56
ORD00738,PROD0031,Yoga Mat,Sports,3,68.43,205.29
ORD00738,PROD0054,Foundation,Beauty,2,57.15,114.3
ORD00738,PROD0080,Healthy Snack Box,Food & Grocery,3,23.63,70.89
ORD00739,PROD0066,RC Racing Car,Toys,3,74.32,222.96
ORD00739,PROD0072,Premium Coffee Beans,Food & Grocery,1,43.12,43.12
ORD00739,PROD0010,Tablet Stand,Electronics,2,16.34,32.68
ORD00740,PROD0057,Perfume,Beauty,3,50.54,151.62
ORD00740,PROD0035,Running Shoes,Sports,2,99.21,198.42
ORD00740,PROD0006,Mechanical Keyboard,Electronics,2,151.5,303.0
ORD00741,PROD0041,Python Programming,Books,1,41.14,41.14
ORD00742,PROD0064,Action Figure,Toys,3,30.54,91.62
ORD00743,PROD0078,Raw Honey,Food & Grocery,3,18.09,54.27
ORD00743,PROD0016,Hoodie,Clothing,3,57.25,171.75
ORD00744,PROD0041,Python Programming,Books,1,41.14,41.14
ORD00744,PROD0018,Ankle Socks,Clothing,3,13.84,41.52
ORD00745,PROD0037,Foam Roller,Sports,2,53.18,106.36
ORD00745,PROD0016,Hoodie,Clothing,1,57.25,57.25
ORD00745,PROD0023,Blender,Home & Kitchen,3,60.62,181.86
ORD00745,PROD0056,Hair Conditioner,Beauty,2,28.27,56.54
ORD00746,PROD0078,Raw Honey,Food & Grocery,2,18.09,36.18
ORD00747,PROD0065,Collectible Doll,Toys,1,52.93,52.93
ORD00748,PROD0067,Card Game Pack,Toys,1,11.89,11.89
ORD00748,PROD0015,Summer Dress,Clothing,2,67.24,134.48
ORD00748,PROD0033,Resistance Bands,Sports,3,26.09,78.27
ORD00748,PROD0078,Raw Honey,Food & Grocery,3,18.09,54.27
ORD00749,PROD0043,ML Engineering Guide,Books,1,29.52,29.52
ORD00750,PROD0079,Multivitamins,Food & Grocery,1,20.74,20.74
ORD00750,PROD0023,Blender,Home & Kitchen,2,60.62,121.24
ORD00750,PROD0048,World History,Books,2,25.51,51.02
ORD00750,PROD0052,SPF Sunscreen,Beauty,1,19.96,19.96
ORD00751,PROD0054,Foundation,Beauty,3,57.15,171.45
ORD00751,PROD0033,Resistance Bands,Sports,3,26.09,78.27
ORD00751,PROD0065,Collectible Doll,Toys,1,52.93,52.93
ORD00751,PROD0022,Air Fryer,Home & Kitchen,1,143.78,143.78
ORD00752,PROD0022,Air Fryer,Home & Kitchen,2,143.78,287.56
ORD00752,PROD0012,Jeans,Clothing,2,65.37,130.74
ORD00752,PROD0036,Jump Rope,Sports,3,20.14,60.42
ORD00753,PROD0067,Card Game Pack,Toys,2,11.89,23.78
ORD00754,PROD0075,Extra Virgin Olive Oil,Food & Grocery,1,26.39,26.39
ORD00754,PROD0052,SPF Sunscreen,Beauty,1,19.96,19.96
ORD00754,PROD0080,Healthy Snack Box,Food & Grocery,1,23.63,23.63
ORD00754,PROD0014,Winter Jacket,Clothing,3,87.84,263.52
ORD00755,PROD0006,Mechanical Keyboard,Electronics,1,151.5,151.5
ORD00755,PROD0074,Granola Mix,Food & Grocery,2,13.35,26.7
ORD00755,PROD0068,Art & Craft Kit,Toys,3,13.06,39.18
ORD00756,PROD0020,Scarf,Clothing,1,12.21,12.21
ORD00756,PROD0010,Tablet Stand,Electronics,1,16.34,16.34
ORD00756,PROD0013,Sneakers,Clothing,2,42.92,85.84
ORD00757,PROD0038,Gym Bag,Sports,2,65.2,130.4
ORD00757,PROD0050,Graphic Novel,Books,3,18.57,55.71
ORD00757,PROD0023,Blender,Home & Kitchen,2,60.62,121.24
ORD00757,PROD0011,T-Shirt,Clothing,3,18.75,56.25
ORD00758,PROD0010,Tablet Stand,Electronics,2,16.34,32.68
ORD00758,PROD0011,T-Shirt,Clothing,2,18.75,37.5
ORD00758,PROD0042,Data Science Handbook,Books,2,26.6,53.2
ORD00758,PROD0002,Smart Watch,Electronics,1,110.0,110.0
ORD00759,PROD0022,Air Fryer,Home & Kitchen,2,143.78,287.56
ORD00759,PROD0046,Science Fiction Novel,Books,2,13.49,26.98
ORD00759,PROD0071,Whey Protein Bar,Food & Grocery,1,22.38,22.38
ORD00760,PROD0053,Lipstick Set,Beauty,2,19.34,38.68
ORD00761,PROD0078,Raw Honey,Food & Grocery,2,18.09,36.18
ORD00761,PROD0054,Foundation,Beauty,2,57.15,114.3
ORD00761,PROD0011,T-Shirt,Clothing,2,18.75,37.5
ORD00762,PROD0059,Vitamin C Serum,Beauty,2,28.13,56.26
ORD00762,PROD0033,Resistance Bands,Sports,3,26.09,78.27
ORD00762,PROD0029,LED Desk Lamp,Home & Kitchen,1,80.09,80.09
ORD00762,PROD0067,Card Game Pack,Toys,3,11.89,35.67
ORD00763,PROD0015,Summer Dress,Clothing,2,67.24,134.48
ORD00763,PROD0067,Card Game Pack,Toys,2,11.89,23.78
ORD00763,PROD0023,Blender,Home & Kitchen,1,60.62,60.62
ORD00763,PROD0059,Vitamin C Serum,Beauty,1,28.13,28.13
ORD00764,PROD0068,Art & Craft Kit,Toys,2,13.06,26.12
ORD00765,PROD0059,Vitamin C Serum,Beauty,1,28.13,28.13
ORD00765,PROD0028,Storage Organizer,Home & Kitchen,2,24.84,49.68
ORD00766,PROD0013,Sneakers,Clothing,2,42.92,85.84
ORD00766,PROD0034,Water Bottle,Sports,2,49.06,98.12
ORD00766,PROD0077,Mixed Nuts Pack,Food & Grocery,1,37.44,37.44
ORD00767,PROD0068,Art & Craft Kit,Toys,2,13.06,26.12
ORD00767,PROD0059,Vitamin C Serum,Beauty,2,28.13,56.26
ORD00768,PROD0005,Webcam,Electronics,1,143.11,143.11
ORD00768,PROD0043,ML Engineering Guide,Books,1,29.52,29.52
ORD00768,PROD0030,Throw Pillow,Home & Kitchen,2,42.17,84.34
ORD00769,PROD0009,Phone Case,Electronics,3,22.66,67.98
ORD00769,PROD0067,Card Game Pack,Toys,3,11.89,35.67
ORD00769,PROD0047,Cook Book,Books,2,17.53,35.06
ORD00770,PROD0040,Fitness Tracker,Sports,1,99.28,99.28
ORD00770,PROD0017,Running Shorts,Clothing,1,23.82,23.82
ORD00771,PROD0068,Art & Craft Kit,Toys,1,13.06,13.06
ORD00771,PROD0018,Ankle Socks,Clothing,1,13.84,13.84
ORD00771,PROD0013,Sneakers,Clothing,1,42.92,42.92
ORD00771,PROD0025,Knife Set,Home & Kitchen,1,144.87,144.87
ORD00772,PROD0021,Coffee Maker,Home & Kitchen,2,168.93,337.86
ORD00772,PROD0061,LEGO Creator Set,Toys,1,99.16,99.16
ORD00773,PROD0028,Storage Organizer,Home & Kitchen,2,24.84,49.68
ORD00773,PROD0009,Phone Case,Electronics,2,22.66,45.32
ORD00773,PROD0063,1000-Piece Puzzle,Toys,3,26.71,80.13
ORD00773,PROD0058,Eye Cream,Beauty,3,71.04,213.12
ORD00774,PROD0028,Storage Organizer,Home & Kitchen,2,24.84,49.68
ORD00774,PROD0007,Gaming Mouse,Electronics,2,109.76,219.52
ORD00774,PROD0023,Blender,Home & Kitchen,1,60.62,60.62
ORD00774,PROD0053,Lipstick Set,Beauty,2,19.34,38.68
ORD00775,PROD0058,Eye Cream,Beauty,2,71.04,142.08
ORD00776,PROD0031,Yoga Mat,Sports,1,68.43,68.43
ORD00777,PROD0048,World History,Books,1,25.51,25.51
ORD00778,PROD0014,Winter Jacket,Clothing,3,87.84,263.52
ORD00778,PROD0077,Mixed Nuts Pack,Food & Grocery,1,37.44,37.44
ORD00778,PROD0065,Collectible Doll,Toys,1,52.93,52.93
ORD00779,PROD0025,Knife Set,Home & Kitchen,3,144.87,434.61
ORD00779,PROD0057,Perfume,Beauty,2,50.54,101.08
ORD00779,PROD0021,Coffee Maker,Home & Kitchen,3,168.93,506.79
ORD00780,PROD0065,Collectible Doll,Toys,1,52.93,52.93
ORD00780,PROD0075,Extra Virgin Olive Oil,Food & Grocery,1,26.39,26.39
ORD00780,PROD0010,Tablet Stand,Electronics,3,16.34,49.02
ORD00780,PROD0041,Python Programming,Books,1,41.14,41.14
ORD00781,PROD0032,Adjustable Dumbbells,Sports,2,159.46,318.92
ORD00782,PROD0063,1000-Piece Puzzle,Toys,2,26.71,53.42
ORD00782,PROD0074,Granola Mix,Food & Grocery,3,13.35,40.05
ORD00782,PROD0017,Running Shorts,Clothing,2,23.82,47.64
ORD00782,PROD0033,Resistance Bands,Sports,3,26.09,78.27
ORD00783,PROD0030,Throw Pillow,Home & Kitchen,1,42.17,42.17
ORD00783,PROD0049,Travel Photography,Books,1,39.07,39.07
ORD00784,PROD0005,Webcam,Electronics,3,143.11,429.33
ORD00784,PROD0015,Summer Dress,Clothing,3,67.24,201.72
ORD00785,PROD0070,Plush Stuffed Animal,Toys,2,16.69,33.38
ORD00785,PROD0067,Card Game Pack,Toys,1,11.89,11.89
ORD00785,PROD0052,SPF Sunscreen,Beauty,2,19.96,39.92
ORD00786,PROD0043,ML Engineering Guide,Books,1,29.52,29.52
ORD00786,PROD0018,Ankle Socks,Clothing,3,13.84,41.52
ORD00786,PROD0027,Mug Set,Home & Kitchen,2,18.25,36.5
ORD00786,PROD0036,Jump Rope,Sports,2,20.14,40.28
ORD00787,PROD0033,Resistance Bands,Sports,3,26.09,78.27
ORD00787,PROD0019,Cap,Clothing,2,34.28,68.56
ORD00788,PROD0059,Vitamin C Serum,Beauty,1,28.13,28.13
ORD00789,PROD0059,Vitamin C Serum,Beauty,1,28.13,28.13
ORD00790,PROD0056,Hair Conditioner,Beauty,1,28.27,28.27
ORD00791,PROD0068,Art & Craft Kit,Toys,1,13.06,13.06
ORD00791,PROD0038,Gym Bag,Sports,3,65.2,195.6
ORD00791,PROD0075,Extra Virgin Olive Oil,Food & Grocery,2,26.39,52.78
ORD00792,PROD0015,Summer Dress,Clothing,1,67.24,67.24
ORD00792,PROD0013,Sneakers,Clothing,2,42.92,85.84
ORD00792,PROD0054,Foundation,Beauty,2,57.15,114.3
ORD00793,PROD0064,Action Figure,Toys,3,30.54,91.62
ORD00793,PROD0050,Graphic Novel,Books,1,18.57,18.57
ORD00793,PROD0023,Blender,Home & Kitchen,2,60.62,121.24
ORD00793,PROD0001,Wireless Headphones,Electronics,3,220.67,662.01
ORD00794,PROD0023,Blender,Home & Kitchen,3,60.62,181.86
ORD00794,PROD0079,Multivitamins,Food & Grocery,1,20.74,20.74
ORD00794,PROD0064,Action Figure,Toys,2,30.54,61.08
ORD00795,PROD0042,Data Science Handbook,Books,3,26.6,79.8
ORD00795,PROD0072,Premium Coffee Beans,Food & Grocery,1,43.12,43.12
ORD00795,PROD0043,ML Engineering Guide,Books,2,29.52,59.04
ORD00796,PROD0036,Jump Rope,Sports,1,20.14,20.14
ORD00796,PROD0008,Portable Monitor,Electronics,3,144.34,433.02
ORD00797,PROD0059,Vitamin C Serum,Beauty,3,28.13,84.39
ORD00797,PROD0001,Wireless Headphones,Electronics,2,220.67,441.34
ORD00798,PROD0055,Argan Shampoo,Beauty,2,29.44,58.88
ORD00798,PROD0034,Water Bottle,Sports,2,49.06,98.12
ORD00798,PROD0024,Toaster,Home & Kitchen,1,29.33,29.33
ORD00799,PROD0010,Tablet Stand,Electronics,3,16.34,49.02
ORD00800,PROD0056,Hair Conditioner,Beauty,2,28.27,56.54
ORD00800,PROD0019,Cap,Clothing,2,34.28,68.56
ORD00800,PROD0042,Data Science Handbook,Books,3,26.6,79.8
ORD00800,PROD0072,Premium Coffee Beans,Food & Grocery,2,43.12,86.24
ORD00801,PROD0064,Action Figure,Toys,3,30.54,91.62
ORD00801,PROD0070,Plush Stuffed Animal,Toys,2,16.69,33.38
ORD00801,PROD0005,Webcam,Electronics,2,143.11,286.22
ORD00802,PROD0037,Foam Roller,Sports,1,53.18,53.18
ORD00802,PROD0040,Fitness Tracker,Sports,1,99.28,99.28
ORD00803,PROD0032,Adjustable Dumbbells,Sports,1,159.46,159.46
ORD00804,PROD0030,Throw Pillow,Home & Kitchen,1,42.17,42.17
ORD00804,PROD0021,Coffee Maker,Home & Kitchen,3,168.93,506.79
ORD00805,PROD0040,Fitness Tracker,Sports,2,99.28,198.56
ORD00805,PROD0072,Premium Coffee Beans,Food & Grocery,3,43.12,129.36
ORD00805,PROD0037,Foam Roller,Sports,3,53.18,159.54
ORD00805,PROD0054,Foundation,Beauty,3,57.15,171.45
ORD00806,PROD0029,LED Desk Lamp,Home & Kitchen,3,80.09,240.27
ORD00806,PROD0037,Foam Roller,Sports,3,53.18,159.54
ORD00806,PROD0016,Hoodie,Clothing,3,57.25,171.75
ORD00806,PROD0048,World History,Books,1,25.51,25.51
ORD00807,PROD0031,Yoga Mat,Sports,2,68.43,136.86
ORD00807,PROD0077,Mixed Nuts Pack,Food & Grocery,2,37.44,74.88
ORD00807,PROD0038,Gym Bag,Sports,1,65.2,65.2
ORD00807,PROD0010,Tablet Stand,Electronics,1,16.34,16.34
ORD00808,PROD0022,Air Fryer,Home & Kitchen,3,143.78,431.34
ORD00808,PROD0053,Lipstick Set,Beauty,3,19.34,58.02
ORD00808,PROD0058,Eye Cream,Beauty,3,71.04,213.12
ORD00809,PROD0078,Raw Honey,Food & Grocery,2,18.09,36.18
ORD00809,PROD0073,Matcha Green Tea,Food & Grocery,1,31.91,31.91
ORD00810,PROD0037,Foam Roller,Sports,1,53.18,53.18
ORD00811,PROD0070,Plush Stuffed Animal,Toys,3,16.69,50.07
ORD00811,PROD0063,1000-Piece Puzzle,Toys,1,26.71,26.71
ORD00811,PROD0057,Perfume,Beauty,1,50.54,50.54
ORD00811,PROD0044,Business Strategy,Books,2,25.81,51.62
ORD00812,PROD0014,Winter Jacket,Clothing,3,87.84,263.52
ORD00812,PROD0026,Cutting Board,Home & Kitchen,1,23.46,23.46
ORD00812,PROD0031,Yoga Mat,Sports,3,68.43,205.29
ORD00813,PROD0062,Strategy Board Game,Toys,1,43.8,43.8
ORD00814,PROD0079,Multivitamins,Food & Grocery,1,20.74,20.74
ORD00814,PROD0002,Smart Watch,Electronics,1,110.0,110.0
ORD00814,PROD0050,Graphic Novel,Books,2,18.57,37.14
ORD00814,PROD0052,SPF Sunscreen,Beauty,2,19.96,39.92
ORD00815,PROD0066,RC Racing Car,Toys,1,74.32,74.32
ORD00815,PROD0063,1000-Piece Puzzle,Toys,2,26.71,53.42
ORD00816,PROD0061,LEGO Creator Set,Toys,2,99.16,198.32
ORD00816,PROD0052,SPF Sunscreen,Beauty,3,19.96,59.88
ORD00817,PROD0017,Running Shorts,Clothing,2,23.82,47.64
ORD00817,PROD0019,Cap,Clothing,3,34.28,102.84
ORD00818,PROD0064,Action Figure,Toys,2,30.54,61.08
ORD00818,PROD0046,Science Fiction Novel,Books,1,13.49,13.49
ORD00819,PROD0060,Nail Polish Set,Beauty,1,16.35,16.35
ORD00819,PROD0037,Foam Roller,Sports,1,53.18,53.18
ORD00819,PROD0028,Storage Organizer,Home & Kitchen,3,24.84,74.52
ORD00820,PROD0051,Face Moisturizer,Beauty,3,39.06,117.18
ORD00821,PROD0034,Water Bottle,Sports,3,49.06,147.18
ORD00822,PROD0033,Resistance Bands,Sports,2,26.09,52.18
ORD00822,PROD0017,Running Shorts,Clothing,2,23.82,47.64
ORD00822,PROD0066,RC Racing Car,Toys,3,74.32,222.96
ORD00822,PROD0002,Smart Watch,Electronics,2,110.0,220.0
ORD00823,PROD0060,Nail Polish Set,Beauty,2,16.35,32.7
ORD00824,PROD0057,Perfume,Beauty,1,50.54,50.54
ORD00824,PROD0075,Extra Virgin Olive Oil,Food & Grocery,2,26.39,52.78
ORD00824,PROD0045,Self-Help Bestseller,Books,2,13.44,26.88
ORD00825,PROD0058,Eye Cream,Beauty,3,71.04,213.12
ORD00825,PROD0055,Argan Shampoo,Beauty,2,29.44,58.88
ORD00825,PROD0029,LED Desk Lamp,Home & Kitchen,2,80.09,160.18
ORD00826,PROD0072,Premium Coffee Beans,Food & Grocery,2,43.12,86.24
ORD00826,PROD0059,Vitamin C Serum,Beauty,1,28.13,28.13
ORD00826,PROD0023,Blender,Home & Kitchen,3,60.62,181.86
ORD00827,PROD0055,Argan Shampoo,Beauty,3,29.44,88.32
ORD00827,PROD0005,Webcam,Electronics,2,143.11,286.22
ORD00828,PROD0073,Matcha Green Tea,Food & Grocery,2,31.91,63.82
ORD00829,PROD0050,Graphic Novel,Books,2,18.57,37.14
ORD00829,PROD0011,T-Shirt,Clothing,3,18.75,56.25
ORD00830,PROD0063,1000-Piece Puzzle,Toys,1,26.71,26.71
ORD00831,PROD0050,Graphic Novel,Books,1,18.57,18.57
ORD00831,PROD0046,Science Fiction Novel,Books,3,13.49,40.47
ORD00831,PROD0076,Artisan Pasta,Food & Grocery,3,10.93,32.79
ORD00832,PROD0073,Matcha Green Tea,Food & Grocery,1,31.91,31.91
ORD00833,PROD0050,Graphic Novel,Books,3,18.57,55.71
ORD00833,PROD0018,Ankle Socks,Clothing,3,13.84,41.52
ORD00833,PROD0024,Toaster,Home & Kitchen,3,29.33,87.99
ORD00833,PROD0047,Cook Book,Books,2,17.53,35.06
ORD00834,PROD0076,Artisan Pasta,Food & Grocery,3,10.93,32.79
ORD00834,PROD0063,1000-Piece Puzzle,Toys,3,26.71,80.13
ORD00834,PROD0028,Storage Organizer,Home & Kitchen,3,24.84,74.52
ORD00834,PROD0019,Cap,Clothing,2,34.28,68.56
ORD00835,PROD0017,Running Shorts,Clothing,3,23.82,71.46
ORD00835,PROD0037,Foam Roller,Sports,3,53.18,159.54
ORD00836,PROD0030,Throw Pillow,Home & Kitchen,2,42.17,84.34
ORD00837,PROD0024,Toaster,Home & Kitchen,2,29.33,58.66
ORD00837,PROD0060,Nail Polish Set,Beauty,3,16.35,49.05
ORD00837,PROD0011,T-Shirt,Clothing,3,18.75,56.25
ORD00838,PROD0079,Multivitamins,Food & Grocery,2,20.74,41.48
ORD00838,PROD0018,Ankle Socks,Clothing,1,13.84,13.84
ORD00839,PROD0027,Mug Set,Home & Kitchen,2,18.25,36.5
ORD00839,PROD0020,Scarf,Clothing,3,12.21,36.63
ORD00839,PROD0036,Jump Rope,Sports,1,20.14,20.14
ORD00840,PROD0017,Running Shorts,Clothing,2,23.82,47.64
ORD00840,PROD0070,Plush Stuffed Animal,Toys,1,16.69,16.69
ORD00840,PROD0076,Artisan Pasta,Food & Grocery,1,10.93,10.93
ORD00841,PROD0032,Adjustable Dumbbells,Sports,3,159.46,478.38
ORD00842,PROD0019,Cap,Clothing,3,34.28,102.84
ORD00842,PROD0015,Summer Dress,Clothing,2,67.24,134.48
ORD00842,PROD0072,Premium Coffee Beans,Food & Grocery,1,43.12,43.12
ORD00842,PROD0006,Mechanical Keyboard,Electronics,2,151.5,303.0
ORD00843,PROD0055,Argan Shampoo,Beauty,1,29.44,29.44
ORD00843,PROD0034,Water Bottle,Sports,3,49.06,147.18
ORD00844,PROD0013,Sneakers,Clothing,3,42.92,128.76
ORD00844,PROD0011,T-Shirt,Clothing,2,18.75,37.5
ORD00845,PROD0039,Protein Shaker,Sports,3,31.54,94.62
ORD00845,PROD0077,Mixed Nuts Pack,Food & Grocery,1,37.44,37.44
ORD00846,PROD0077,Mixed Nuts Pack,Food & Grocery,3,37.44,112.32
ORD00846,PROD0030,Throw Pillow,Home & Kitchen,1,42.17,42.17
ORD00847,PROD0009,Phone Case,Electronics,1,22.66,22.66
ORD00847,PROD0037,Foam Roller,Sports,3,53.18,159.54
ORD00848,PROD0033,Resistance Bands,Sports,1,26.09,26.09
ORD00848,PROD0005,Webcam,Electronics,2,143.11,286.22
ORD00848,PROD0025,Knife Set,Home & Kitchen,1,144.87,144.87
ORD00848,PROD0058,Eye Cream,Beauty,3,71.04,213.12
ORD00849,PROD0039,Protein Shaker,Sports,1,31.54,31.54
ORD00849,PROD0001,Wireless Headphones,Electronics,3,220.67,662.01
ORD00850,PROD0068,Art & Craft Kit,Toys,3,13.06,39.18
ORD00851,PROD0022,Air Fryer,Home & Kitchen,1,143.78,143.78
ORD00851,PROD0006,Mechanical Keyboard,Electronics,1,151.5,151.5
ORD00852,PROD0080,Healthy Snack Box,Food & Grocery,1,23.63,23.63
ORD00853,PROD0060,Nail Polish Set,Beauty,1,16.35,16.35
ORD00854,PROD0040,Fitness Tracker,Sports,1,99.28,99.28
ORD00854,PROD0071,Whey Protein Bar,Food & Grocery,1,22.38,22.38
ORD00855,PROD0013,Sneakers,Clothing,1,42.92,42.92
ORD00856,PROD0024,Toaster,Home & Kitchen,3,29.33,87.99
ORD00857,PROD0016,Hoodie,Clothing,2,57.25,114.5
ORD00857,PROD0026,Cutting Board,Home & Kitchen,2,23.46,46.92
ORD00857,PROD0049,Travel Photography,Books,2,39.07,78.14
ORD00857,PROD0048,World History,Books,1,25.51,25.51
ORD00858,PROD0005,Webcam,Electronics,1,143.11,143.11
ORD00859,PROD0065,Collectible Doll,Toys,3,52.93,158.79
ORD00859,PROD0054,Foundation,Beauty,2,57.15,114.3
ORD00859,PROD0024,Toaster,Home & Kitchen,1,29.33,29.33
ORD00859,PROD0040,Fitness Tracker,Sports,1,99.28,99.28
ORD00860,PROD0072,Premium Coffee Beans,Food & Grocery,2,43.12,86.24
ORD00861,PROD0021,Coffee Maker,Home & Kitchen,2,168.93,337.86
ORD00861,PROD0007,Gaming Mouse,Electronics,2,109.76,219.52
ORD00862,PROD0003,Bluetooth Speaker,Electronics,2,63.0,126.0
ORD00863,PROD0035,Running Shoes,Sports,3,99.21,297.63
ORD00864,PROD0026,Cutting Board,Home & Kitchen,3,23.46,70.38
ORD00864,PROD0039,Protein Shaker,Sports,2,31.54,63.08
ORD00865,PROD0074,Granola Mix,Food & Grocery,3,13.35,40.05
ORD00865,PROD0053,Lipstick Set,Beauty,1,19.34,19.34
ORD00865,PROD0008,Portable Monitor,Electronics,3,144.34,433.02
ORD00866,PROD0073,Matcha Green Tea,Food & Grocery,3,31.91,95.73
ORD00867,PROD0048,World History,Books,2,25.51,51.02
ORD00868,PROD0039,Protein Shaker,Sports,2,31.54,63.08
ORD00868,PROD0012,Jeans,Clothing,3,65.37,196.11
ORD00868,PROD0026,Cutting Board,Home & Kitchen,3,23.46,70.38
ORD00869,PROD0063,1000-Piece Puzzle,Toys,1,26.71,26.71
ORD00869,PROD0015,Summer Dress,Clothing,2,67.24,134.48
ORD00870,PROD0038,Gym Bag,Sports,2,65.2,130.4
ORD00870,PROD0040,Fitness Tracker,Sports,3,99.28,297.84
ORD00870,PROD0048,World History,Books,2,25.51,51.02
ORD00871,PROD0079,Multivitamins,Food & Grocery,1,20.74,20.74
ORD00872,PROD0055,Argan Shampoo,Beauty,1,29.44,29.44
ORD00873,PROD0061,LEGO Creator Set,Toys,2,99.16,198.32
ORD00874,PROD0077,Mixed Nuts Pack,Food & Grocery,1,37.44,37.44
ORD00874,PROD0028,Storage Organizer,Home & Kitchen,1,24.84,24.84
ORD00874,PROD0069,Science Experiment Kit,Toys,2,27.62,55.24
ORD00874,PROD0071,Whey Protein Bar,Food & Grocery,2,22.38,44.76
ORD00875,PROD0023,Blender,Home & Kitchen,3,60.62,181.86
ORD00875,PROD0069,Science Experiment Kit,Toys,3,27.62,82.86
ORD00875,PROD0033,Resistance Bands,Sports,2,26.09,52.18
ORD00876,PROD0005,Webcam,Electronics,1,143.11,143.11
ORD00876,PROD0057,Perfume,Beauty,2,50.54,101.08
ORD00876,PROD0049,Travel Photography,Books,1,39.07,39.07
ORD00876,PROD0035,Running Shoes,Sports,3,99.21,297.63
ORD00877,PROD0016,Hoodie,Clothing,2,57.25,114.5
ORD00878,PROD0050,Graphic Novel,Books,3,18.57,55.71
ORD00878,PROD0040,Fitness Tracker,Sports,2,99.28,198.56
ORD00878,PROD0060,Nail Polish Set,Beauty,2,16.35,32.7
ORD00878,PROD0008,Portable Monitor,Electronics,2,144.34,288.68
ORD00879,PROD0071,Whey Protein Bar,Food & Grocery,1,22.38,22.38
ORD00880,PROD0001,Wireless Headphones,Electronics,3,220.67,662.01
ORD00881,PROD0072,Premium Coffee Beans,Food & Grocery,2,43.12,86.24
ORD00881,PROD0004,USB-C Hub,Electronics,2,33.39,66.78
ORD00881,PROD0079,Multivitamins,Food & Grocery,1,20.74,20.74
ORD00881,PROD0059,Vitamin C Serum,Beauty,3,28.13,84.39
ORD00882,PROD0042,Data Science Handbook,Books,3,26.6,79.8
ORD00883,PROD0077,Mixed Nuts Pack,Food & Grocery,2,37.44,74.88
ORD00883,PROD0006,Mechanical Keyboard,Electronics,1,151.5,151.5
ORD00884,PROD0063,1000-Piece Puzzle,Toys,3,26.71,80.13
ORD00884,PROD0051,Face Moisturizer,Beauty,2,39.06,78.12
ORD00884,PROD0006,Mechanical Keyboard,Electronics,1,151.5,151.5
ORD00884,PROD0011,T-Shirt,Clothing,2,18.75,37.5
ORD00885,PROD0031,Yoga Mat,Sports,3,68.43,205.29
ORD00885,PROD0057,Perfume,Beauty,2,50.54,101.08
ORD00885,PROD0035,Running Shoes,Sports,1,99.21,99.21
ORD00886,PROD0059,Vitamin C Serum,Beauty,2,28.13,56.26
ORD00887,PROD0037,Foam Roller,Sports,2,53.18,106.36
ORD00887,PROD0080,Healthy Snack Box,Food & Grocery,2,23.63,47.26
ORD00888,PROD0049,Travel Photography,Books,2,39.07,78.14
ORD00888,PROD0054,Foundation,Beauty,3,57.15,171.45
ORD00889,PROD0001,Wireless Headphones,Electronics,2,220.67,441.34
ORD00889,PROD0012,Jeans,Clothing,3,65.37,196.11
ORD00890,PROD0046,Science Fiction Novel,Books,1,13.49,13.49
ORD00890,PROD0047,Cook Book,Books,2,17.53,35.06
ORD00890,PROD0063,1000-Piece Puzzle,Toys,3,26.71,80.13
ORD00890,PROD0011,T-Shirt,Clothing,2,18.75,37.5
ORD00891,PROD0079,Multivitamins,Food & Grocery,3,20.74,62.22
ORD00892,PROD0079,Multivitamins,Food & Grocery,3,20.74,62.22
ORD00892,PROD0011,T-Shirt,Clothing,2,18.75,37.5
ORD00893,PROD0026,Cutting Board,Home & Kitchen,2,23.46,46.92
ORD00894,PROD0039,Protein Shaker,Sports,3,31.54,94.62
ORD00894,PROD0003,Bluetooth Speaker,Electronics,1,63.0,63.0
ORD00894,PROD0006,Mechanical Keyboard,Electronics,2,151.5,303.0
ORD00894,PROD0004,USB-C Hub,Electronics,1,33.39,33.39
ORD00895,PROD0065,Collectible Doll,Toys,3,52.93,158.79
ORD00895,PROD0012,Jeans,Clothing,2,65.37,130.74
ORD00895,PROD0055,Argan Shampoo,Beauty,1,29.44,29.44
ORD00896,PROD0068,Art & Craft Kit,Toys,2,13.06,26.12
ORD00896,PROD0028,Storage Organizer,Home & Kitchen,1,24.84,24.84
ORD00896,PROD0013,Sneakers,Clothing,3,42.92,128.76
ORD00897,PROD0013,Sneakers,Clothing,2,42.92,85.84
ORD00897,PROD0071,Whey Protein Bar,Food & Grocery,1,22.38,22.38
ORD00897,PROD0063,1000-Piece Puzzle,Toys,3,26.71,80.13
ORD00897,PROD0029,LED Desk Lamp,Home & Kitchen,3,80.09,240.27
ORD00898,PROD0041,Python Programming,Books,1,41.14,41.14
ORD00898,PROD0054,Foundation,Beauty,1,57.15,57.15
ORD00899,PROD0021,Coffee Maker,Home & Kitchen,1,168.93,168.93
ORD00900,PROD0021,Coffee Maker,Home & Kitchen,3,168.93,506.79
ORD00900,PROD0060,Nail Polish Set,Beauty,2,16.35,32.7
ORD00900,PROD0022,Air Fryer,Home & Kitchen,2,143.78,287.56
ORD00900,PROD0073,Matcha Green Tea,Food & Grocery,3,31.91,95.73
ORD00901,PROD0041,Python Programming,Books,2,41.14,82.28
ORD00901,PROD0076,Artisan Pasta,Food & Grocery,1,10.93,10.93
ORD00902,PROD0040,Fitness Tracker,Sports,1,99.28,99.28
ORD00902,PROD0034,Water Bottle,Sports,3,49.06,147.18
ORD00902,PROD0061,LEGO Creator Set,Toys,1,99.16,99.16
ORD00903,PROD0068,Art & Craft Kit,Toys,1,13.06,13.06
ORD00903,PROD0022,Air Fryer,Home & Kitchen,1,143.78,143.78
ORD00903,PROD0044,Business Strategy,Books,2,25.81,51.62
ORD00904,PROD0046,Science Fiction Novel,Books,2,13.49,26.98
ORD00904,PROD0036,Jump Rope,Sports,3,20.14,60.42
ORD00904,PROD0035,Running Shoes,Sports,2,99.21,198.42
ORD00905,PROD0079,Multivitamins,Food & Grocery,2,20.74,41.48
ORD00906,PROD0035,Running Shoes,Sports,2,99.21,198.42
ORD00906,PROD0079,Multivitamins,Food & Grocery,2,20.74,41.48
ORD00906,PROD0014,Winter Jacket,Clothing,3,87.84,263.52
ORD00906,PROD0003,Bluetooth Speaker,Electronics,1,63.0,63.0
ORD00907,PROD0019,Cap,Clothing,2,34.28,68.56
ORD00907,PROD0016,Hoodie,Clothing,2,57.25,114.5
ORD00908,PROD0022,Air Fryer,Home & Kitchen,3,143.78,431.34
ORD00908,PROD0035,Running Shoes,Sports,1,99.21,99.21
ORD00908,PROD0056,Hair Conditioner,Beauty,1,28.27,28.27
ORD00908,PROD0029,LED Desk Lamp,Home & Kitchen,1,80.09,80.09
ORD00909,PROD0061,LEGO Creator Set,Toys,2,99.16,198.32
ORD00909,PROD0019,Cap,Clothing,1,34.28,34.28
ORD00910,PROD0003,Bluetooth Speaker,Electronics,1,63.0,63.0
ORD00910,PROD0026,Cutting Board,Home & Kitchen,2,23.46,46.92
ORD00910,PROD0028,Storage Organizer,Home & Kitchen,2,24.84,49.68
ORD00910,PROD0059,Vitamin C Serum,Beauty,1,28.13,28.13
ORD00911,PROD0015,Summer Dress,Clothing,1,67.24,67.24
ORD00911,PROD0076,Artisan Pasta,Food & Grocery,3,10.93,32.79
ORD00912,PROD0053,Lipstick Set,Beauty,2,19.34,38.68
ORD00912,PROD0040,Fitness Tracker,Sports,3,99.28,297.84
ORD00912,PROD0060,Nail Polish Set,Beauty,3,16.35,49.05
ORD00912,PROD0014,Winter Jacket,Clothing,1,87.84,87.84
ORD00913,PROD0051,Face Moisturizer,Beauty,1,39.06,39.06
ORD00913,PROD0075,Extra Virgin Olive Oil,Food & Grocery,3,26.39,79.17
ORD00913,PROD0016,Hoodie,Clothing,2,57.25,114.5
ORD00913,PROD0054,Foundation,Beauty,3,57.15,171.45
ORD00914,PROD0021,Coffee Maker,Home & Kitchen,2,168.93,337.86
ORD00914,PROD0045,Self-Help Bestseller,Books,1,13.44,13.44
ORD00914,PROD0034,Water Bottle,Sports,1,49.06,49.06
ORD00915,PROD0058,Eye Cream,Beauty,3,71.04,213.12
ORD00915,PROD0012,Jeans,Clothing,2,65.37,130.74
ORD00915,PROD0056,Hair Conditioner,Beauty,2,28.27,56.54
ORD00916,PROD0070,Plush Stuffed Animal,Toys,1,16.69,16.69
ORD00916,PROD0062,Strategy Board Game,Toys,2,43.8,87.6
ORD00916,PROD0023,Blender,Home & Kitchen,2,60.62,121.24
ORD00916,PROD0046,Science Fiction Novel,Books,3,13.49,40.47
ORD00917,PROD0043,ML Engineering Guide,Books,1,29.52,29.52
ORD00917,PROD0017,Running Shorts,Clothing,3,23.82,71.46
ORD00918,PROD0009,Phone Case,Electronics,1,22.66,22.66
ORD00918,PROD0024,Toaster,Home & Kitchen,2,29.33,58.66
ORD00919,PROD0071,Whey Protein Bar,Food & Grocery,1,22.38,22.38
ORD00919,PROD0036,Jump Rope,Sports,3,20.14,60.42
ORD00919,PROD0033,Resistance Bands,Sports,3,26.09,78.27
ORD00919,PROD0066,RC Racing Car,Toys,1,74.32,74.32
ORD00920,PROD0062,Strategy Board Game,Toys,1,43.8,43.8
ORD00921,PROD0034,Water Bottle,Sports,1,49.06,49.06
ORD00921,PROD0047,Cook Book,Books,3,17.53,52.59
ORD00921,PROD0023,Blender,Home & Kitchen,2,60.62,121.24
ORD00921,PROD0016,Hoodie,Clothing,2,57.25,114.5
ORD00922,PROD0021,Coffee Maker,Home & Kitchen,1,168.93,168.93
ORD00922,PROD0073,Matcha Green Tea,Food & Grocery,2,31.91,63.82
ORD00922,PROD0039,Protein Shaker,Sports,1,31.54,31.54
ORD00923,PROD0003,Bluetooth Speaker,Electronics,1,63.0,63.0
ORD00923,PROD0002,Smart Watch,Electronics,2,110.0,220.0
ORD00924,PROD0008,Portable Monitor,Electronics,1,144.34,144.34
ORD00924,PROD0001,Wireless Headphones,Electronics,3,220.67,662.01
ORD00924,PROD0072,Premium Coffee Beans,Food & Grocery,1,43.12,43.12
ORD00924,PROD0004,USB-C Hub,Electronics,3,33.39,100.17
ORD00925,PROD0024,Toaster,Home & Kitchen,3,29.33,87.99
ORD00925,PROD0053,Lipstick Set,Beauty,2,19.34,38.68
ORD00925,PROD0078,Raw Honey,Food & Grocery,1,18.09,18.09
ORD00926,PROD0055,Argan Shampoo,Beauty,1,29.44,29.44
ORD00927,PROD0015,Summer Dress,Clothing,3,67.24,201.72
ORD00927,PROD0042,Data Science Handbook,Books,3,26.6,79.8
ORD00927,PROD0053,Lipstick Set,Beauty,3,19.34,58.02
ORD00927,PROD0064,Action Figure,Toys,1,30.54,30.54
ORD00928,PROD0014,Winter Jacket,Clothing,3,87.84,263.52
ORD00928,PROD0021,Coffee Maker,Home & Kitchen,2,168.93,337.86
ORD00929,PROD0049,Travel Photography,Books,1,39.07,39.07
ORD00929,PROD0051,Face Moisturizer,Beauty,1,39.06,39.06
ORD00929,PROD0003,Bluetooth Speaker,Electronics,1,63.0,63.0
ORD00929,PROD0020,Scarf,Clothing,2,12.21,24.42
ORD00930,PROD0010,Tablet Stand,Electronics,2,16.34,32.68
ORD00931,PROD0079,Multivitamins,Food & Grocery,1,20.74,20.74
ORD00931,PROD0026,Cutting Board,Home & Kitchen,2,23.46,46.92
ORD00931,PROD0069,Science Experiment Kit,Toys,1,27.62,27.62
ORD00932,PROD0038,Gym Bag,Sports,2,65.2,130.4
ORD00933,PROD0038,Gym Bag,Sports,1,65.2,65.2
ORD00934,PROD0067,Card Game Pack,Toys,3,11.89,35.67
ORD00935,PROD0012,Jeans,Clothing,1,65.37,65.37
ORD00935,PROD0008,Portable Monitor,Electronics,3,144.34,433.02
ORD00935,PROD0034,Water Bottle,Sports,1,49.06,49.06
ORD00936,PROD0027,Mug Set,Home & Kitchen,1,18.25,18.25
ORD00936,PROD0055,Argan Shampoo,Beauty,3,29.44,88.32
ORD00936,PROD0072,Premium Coffee Beans,Food & Grocery,1,43.12,43.12
ORD00936,PROD0030,Throw Pillow,Home & Kitchen,2,42.17,84.34
ORD00937,PROD0061,LEGO Creator Set,Toys,2,99.16,198.32
ORD00937,PROD0004,USB-C Hub,Electronics,1,33.39,33.39
ORD00938,PROD0046,Science Fiction Novel,Books,3,13.49,40.47
ORD00939,PROD0038,Gym Bag,Sports,1,65.2,65.2
ORD00939,PROD0050,Graphic Novel,Books,2,18.57,37.14
ORD00939,PROD0078,Raw Honey,Food & Grocery,1,18.09,18.09
ORD00940,PROD0080,Healthy Snack Box,Food & Grocery,1,23.63,23.63
ORD00940,PROD0049,Travel Photography,Books,1,39.07,39.07
ORD00941,PROD0073,Matcha Green Tea,Food & Grocery,2,31.91,63.82
ORD00942,PROD0046,Science Fiction Novel,Books,2,13.49,26.98
ORD00943,PROD0026,Cutting Board,Home & Kitchen,3,23.46,70.38
ORD00943,PROD0058,Eye Cream,Beauty,1,71.04,71.04
ORD00943,PROD0023,Blender,Home & Kitchen,1,60.62,60.62
ORD00944,PROD0027,Mug Set,Home & Kitchen,2,18.25,36.5
ORD00944,PROD0023,Blender,Home & Kitchen,3,60.62,181.86
ORD00944,PROD0029,LED Desk Lamp,Home & Kitchen,3,80.09,240.27
ORD00944,PROD0039,Protein Shaker,Sports,1,31.54,31.54
ORD00945,PROD0029,LED Desk Lamp,Home & Kitchen,3,80.09,240.27
ORD00945,PROD0057,Perfume,Beauty,3,50.54,151.62
ORD00945,PROD0067,Card Game Pack,Toys,2,11.89,23.78
ORD00946,PROD0068,Art & Craft Kit,Toys,1,13.06,13.06
ORD00946,PROD0078,Raw Honey,Food & Grocery,3,18.09,54.27
ORD00946,PROD0060,Nail Polish Set,Beauty,1,16.35,16.35
ORD00947,PROD0006,Mechanical Keyboard,Electronics,2,151.5,303.0
ORD00947,PROD0023,Blender,Home & Kitchen,3,60.62,181.86
ORD00947,PROD0024,Toaster,Home & Kitchen,3,29.33,87.99
ORD00947,PROD0071,Whey Protein Bar,Food & Grocery,3,22.38,67.14
ORD00948,PROD0027,Mug Set,Home & Kitchen,2,18.25,36.5
ORD00948,PROD0017,Running Shorts,Clothing,2,23.82,47.64
ORD00949,PROD0003,Bluetooth Speaker,Electronics,3,63.0,189.0
ORD00949,PROD0077,Mixed Nuts Pack,Food & Grocery,2,37.44,74.88
ORD00950,PROD0030,Throw Pillow,Home & Kitchen,2,42.17,84.34
ORD00950,PROD0009,Phone Case,Electronics,1,22.66,22.66
ORD00950,PROD0003,Bluetooth Speaker,Electronics,2,63.0,126.0
ORD00951,PROD0062,Strategy Board Game,Toys,3,43.8,131.4
ORD00952,PROD0019,Cap,Clothing,2,34.28,68.56
ORD00952,PROD0028,Storage Organizer,Home & Kitchen,1,24.84,24.84
ORD00953,PROD0052,SPF Sunscreen,Beauty,3,19.96,59.88
ORD00953,PROD0023,Blender,Home & Kitchen,1,60.62,60.62
ORD00953,PROD0036,Jump Rope,Sports,1,20.14,20.14
ORD00954,PROD0049,Travel Photography,Books,1,39.07,39.07
ORD00955,PROD0052,SPF Sunscreen,Beauty,2,19.96,39.92
ORD00955,PROD0017,Running Shorts,Clothing,1,23.82,23.82
ORD00955,PROD0076,Artisan Pasta,Food & Grocery,1,10.93,10.93
ORD00956,PROD0080,Healthy Snack Box,Food & Grocery,3,23.63,70.89
ORD00956,PROD0049,Travel Photography,Books,3,39.07,117.21
ORD00956,PROD0030,Throw Pillow,Home & Kitchen,3,42.17,126.51
ORD00957,PROD0025,Knife Set,Home & Kitchen,1,144.87,144.87
ORD00957,PROD0007,Gaming Mouse,Electronics,3,109.76,329.28
ORD00957,PROD0044,Business Strategy,Books,1,25.81,25.81
ORD00957,PROD0031,Yoga Mat,Sports,1,68.43,68.43
ORD00958,PROD0072,Premium Coffee Beans,Food & Grocery,2,43.12,86.24
ORD00958,PROD0056,Hair Conditioner,Beauty,1,28.27,28.27
ORD00958,PROD0030,Throw Pillow,Home & Kitchen,3,42.17,126.51
ORD00958,PROD0055,Argan Shampoo,Beauty,2,29.44,58.88
ORD00959,PROD0043,ML Engineering Guide,Books,2,29.52,59.04
ORD00959,PROD0027,Mug Set,Home & Kitchen,3,18.25,54.75
ORD00959,PROD0075,Extra Virgin Olive Oil,Food & Grocery,1,26.39,26.39
ORD00959,PROD0034,Water Bottle,Sports,2,49.06,98.12
ORD00960,PROD0013,Sneakers,Clothing,2,42.92,85.84
ORD00960,PROD0050,Graphic Novel,Books,3,18.57,55.71
ORD00961,PROD0052,SPF Sunscreen,Beauty,2,19.96,39.92
ORD00962,PROD0035,Running Shoes,Sports,3,99.21,297.63
ORD00962,PROD0050,Graphic Novel,Books,2,18.57,37.14
ORD00962,PROD0078,Raw Honey,Food & Grocery,1,18.09,18.09
ORD00963,PROD0004,USB-C Hub,Electronics,2,33.39,66.78
ORD00963,PROD0050,Graphic Novel,Books,1,18.57,18.57
ORD00963,PROD0049,Travel Photography,Books,3,39.07,117.21
ORD00963,PROD0016,Hoodie,Clothing,3,57.25,171.75
ORD00964,PROD0074,Granola Mix,Food & Grocery,3,13.35,40.05
ORD00964,PROD0076,Artisan Pasta,Food & Grocery,2,10.93,21.86
ORD00965,PROD0068,Art & Craft Kit,Toys,3,13.06,39.18
ORD00965,PROD0024,Toaster,Home & Kitchen,3,29.33,87.99
ORD00965,PROD0018,Ankle Socks,Clothing,1,13.84,13.84
ORD00966,PROD0077,Mixed Nuts Pack,Food & Grocery,1,37.44,37.44
ORD00966,PROD0075,Extra Virgin Olive Oil,Food & Grocery,2,26.39,52.78
ORD00966,PROD0021,Coffee Maker,Home & Kitchen,1,168.93,168.93
ORD00967,PROD0079,Multivitamins,Food & Grocery,3,20.74,62.22
ORD00967,PROD0045,Self-Help Bestseller,Books,2,13.44,26.88
ORD00967,PROD0028,Storage Organizer,Home & Kitchen,2,24.84,49.68
ORD00967,PROD0017,Running Shorts,Clothing,1,23.82,23.82
ORD00968,PROD0075,Extra Virgin Olive Oil,Food & Grocery,2,26.39,52.78
ORD00969,PROD0063,1000-Piece Puzzle,Toys,1,26.71,26.71
ORD00969,PROD0077,Mixed Nuts Pack,Food & Grocery,2,37.44,74.88
ORD00969,PROD0031,Yoga Mat,Sports,2,68.43,136.86
ORD00970,PROD0047,Cook Book,Books,3,17.53,52.59
ORD00970,PROD0014,Winter Jacket,Clothing,1,87.84,87.84
ORD00970,PROD0067,Card Game Pack,Toys,2,11.89,23.78
ORD00971,PROD0071,Whey Protein Bar,Food & Grocery,2,22.38,44.76
ORD00971,PROD0067,Card Game Pack,Toys,3,11.89,35.67
ORD00971,PROD0077,Mixed Nuts Pack,Food & Grocery,2,37.44,74.88
ORD00972,PROD0051,Face Moisturizer,Beauty,1,39.06,39.06
ORD00972,PROD0025,Knife Set,Home & Kitchen,2,144.87,289.74
ORD00972,PROD0080,Healthy Snack Box,Food & Grocery,2,23.63,47.26
ORD00973,PROD0012,Jeans,Clothing,1,65.37,65.37
ORD00973,PROD0059,Vitamin C Serum,Beauty,3,28.13,84.39
ORD00974,PROD0041,Python Programming,Books,3,41.14,123.42
ORD00974,PROD0001,Wireless Headphones,Electronics,1,220.67,220.67
ORD00975,PROD0011,T-Shirt,Clothing,3,18.75,56.25
ORD00976,PROD0059,Vitamin C Serum,Beauty,2,28.13,56.26
ORD00976,PROD0045,Self-Help Bestseller,Books,1,13.44,13.44
ORD00976,PROD0020,Scarf,Clothing,1,12.21,12.21
ORD00977,PROD0079,Multivitamins,Food & Grocery,3,20.74,62.22
ORD00977,PROD0040,Fitness Tracker,Sports,3,99.28,297.84
ORD00977,PROD0018,Ankle Socks,Clothing,2,13.84,27.68
ORD00977,PROD0035,Running Shoes,Sports,3,99.21,297.63
ORD00978,PROD0074,Granola Mix,Food & Grocery,3,13.35,40.05
ORD00979,PROD0049,Travel Photography,Books,1,39.07,39.07
ORD00980,PROD0077,Mixed Nuts Pack,Food & Grocery,1,37.44,37.44
ORD00981,PROD0007,Gaming Mouse,Electronics,2,109.76,219.52
ORD00982,PROD0065,Collectible Doll,Toys,1,52.93,52.93
ORD00982,PROD0002,Smart Watch,Electronics,3,110.0,330.0
ORD00982,PROD0006,Mechanical Keyboard,Electronics,3,151.5,454.5
ORD00982,PROD0012,Jeans,Clothing,1,65.37,65.37
ORD00983,PROD0009,Phone Case,Electronics,2,22.66,45.32
ORD00983,PROD0047,Cook Book,Books,2,17.53,35.06
ORD00984,PROD0018,Ankle Socks,Clothing,3,13.84,41.52
ORD00984,PROD0058,Eye Cream,Beauty,2,71.04,142.08
ORD00984,PROD0042,Data Science Handbook,Books,1,26.6,26.6
ORD00984,PROD0078,Raw Honey,Food & Grocery,3,18.09,54.27
ORD00985,PROD0066,RC Racing Car,Toys,1,74.32,74.32
ORD00985,PROD0025,Knife Set,Home & Kitchen,3,144.87,434.61
ORD00986,PROD0035,Running Shoes,Sports,2,99.21,198.42
ORD00987,PROD0075,Extra Virgin Olive Oil,Food & Grocery,1,26.39,26.39
ORD00987,PROD0021,Coffee Maker,Home & Kitchen,2,168.93,337.86
ORD00987,PROD0048,World History,Books,2,25.51,51.02
ORD00988,PROD0043,ML Engineering Guide,Books,3,29.52,88.56
ORD00989,PROD0059,Vitamin C Serum,Beauty,1,28.13,28.13
ORD00989,PROD0033,Resistance Bands,Sports,1,26.09,26.09
ORD00990,PROD0044,Business Strategy,Books,1,25.81,25.81
ORD00990,PROD0051,Face Moisturizer,Beauty,2,39.06,78.12
ORD00991,PROD0038,Gym Bag,Sports,3,65.2,195.6
ORD00991,PROD0050,Graphic Novel,Books,2,18.57,37.14
ORD00991,PROD0023,Blender,Home & Kitchen,1,60.62,60.62
ORD00992,PROD0011,T-Shirt,Clothing,1,18.75,18.75
ORD00993,PROD0039,Protein Shaker,Sports,3,31.54,94.62
ORD00993,PROD0076,Artisan Pasta,Food & Grocery,1,10.93,10.93
ORD00993,PROD0014,Winter Jacket,Clothing,1,87.84,87.84
ORD00993,PROD0075,Extra Virgin Olive Oil,Food & Grocery,2,26.39,52.78
ORD00994,PROD0055,Argan Shampoo,Beauty,2,29.44,58.88
ORD00995,PROD0037,Foam Roller,Sports,3,53.18,159.54
ORD00995,PROD0032,Adjustable Dumbbells,Sports,1,159.46,159.46
ORD00996,PROD0030,Throw Pillow,Home & Kitchen,3,42.17,126.51
ORD00996,PROD0068,Art & Craft Kit,Toys,3,13.06,39.18
ORD00996,PROD0023,Blender,Home & Kitchen,3,60.62,181.86
ORD00997,PROD0041,Python Programming,Books,2,41.14,82.28
ORD00997,PROD0019,Cap,Clothing,3,34.28,102.84
ORD00997,PROD0014,Winter Jacket,Clothing,3,87.84,263.52
ORD00998,PROD0070,Plush Stuffed Animal,Toys,1,16.69,16.69
ORD00998,PROD0016,Hoodie,Clothing,2,57.25,114.5
ORD00998,PROD0059,Vitamin C Serum,Beauty,2,28.13,56.26
ORD00999,PROD0056,Hair Conditioner,Beauty,2,28.27,56.54
ORD01000,PROD0078,Raw Honey,Food & Grocery,2,18.09,36.18
ORD01001,PROD0043,ML Engineering Guide,Books,1,29.52,29.52
ORD01001,PROD0068,Art & Craft Kit,Toys,2,13.06,26.12
ORD01002,PROD0039,Protein Shaker,Sports,2,31.54,63.08
ORD01003,PROD0061,LEGO Creator Set,Toys,3,99.16,297.48
ORD01003,PROD0020,Scarf,Clothing,1,12.21,12.21
ORD01003,PROD0022,Air Fryer,Home & Kitchen,1,143.78,143.78
ORD01004,PROD0006,Mechanical Keyboard,Electronics,1,151.5,151.5
ORD01005,PROD0042,Data Science Handbook,Books,2,26.6,53.2
ORD01006,PROD0054,Foundation,Beauty,3,57.15,171.45
ORD01006,PROD0047,Cook Book,Books,3,17.53,52.59
ORD01006,PROD0065,Collectible Doll,Toys,1,52.93,52.93
ORD01007,PROD0025,Knife Set,Home & Kitchen,3,144.87,434.61
ORD01007,PROD0031,Yoga Mat,Sports,1,68.43,68.43
ORD01007,PROD0043,ML Engineering Guide,Books,1,29.52,29.52
ORD01008,PROD0033,Resistance Bands,Sports,1,26.09,26.09
ORD01009,PROD0073,Matcha Green Tea,Food & Grocery,2,31.91,63.82
ORD01009,PROD0025,Knife Set,Home & Kitchen,1,144.87,144.87
ORD01009,PROD0036,Jump Rope,Sports,1,20.14,20.14
ORD01010,PROD0065,Collectible Doll,Toys,2,52.93,105.86
ORD01010,PROD0007,Gaming Mouse,Electronics,1,109.76,109.76
ORD01011,PROD0040,Fitness Tracker,Sports,1,99.28,99.28
ORD01011,PROD0059,Vitamin C Serum,Beauty,1,28.13,28.13
ORD01011,PROD0003,Bluetooth Speaker,Electronics,3,63.0,189.0
ORD01012,PROD0024,Toaster,Home & Kitchen,3,29.33,87.99
ORD01012,PROD0034,Water Bottle,Sports,3,49.06,147.18
ORD01012,PROD0009,Phone Case,Electronics,1,22.66,22.66
ORD01013,PROD0069,Science Experiment Kit,Toys,3,27.62,82.86
ORD01013,PROD0075,Extra Virgin Olive Oil,Food & Grocery,2,26.39,52.78
ORD01014,PROD0071,Whey Protein Bar,Food & Grocery,3,22.38,67.14
ORD01014,PROD0018,Ankle Socks,Clothing,2,13.84,27.68
ORD01015,PROD0062,Strategy Board Game,Toys,1,43.8,43.8
ORD01015,PROD0070,Plush Stuffed Animal,Toys,2,16.69,33.38
ORD01015,PROD0035,Running Shoes,Sports,3,99.21,297.63
ORD01016,PROD0040,Fitness Tracker,Sports,1,99.28,99.28
ORD01016,PROD0075,Extra Virgin Olive Oil,Food & Grocery,1,26.39,26.39
ORD01016,PROD0063,1000-Piece Puzzle,Toys,2,26.71,53.42
ORD01017,PROD0080,Healthy Snack Box,Food & Grocery,1,23.63,23.63
ORD01017,PROD0066,RC Racing Car,Toys,1,74.32,74.32
ORD01017,PROD0035,Running Shoes,Sports,1,99.21,99.21
ORD01017,PROD0034,Water Bottle,Sports,2,49.06,98.12
ORD01018,PROD0056,Hair Conditioner,Beauty,3,28.27,84.81
ORD01018,PROD0044,Business Strategy,Books,3,25.81,77.43
ORD01018,PROD0065,Collectible Doll,Toys,1,52.93,52.93
ORD01018,PROD0060,Nail Polish Set,Beauty,3,16.35,49.05
ORD01019,PROD0054,Foundation,Beauty,2,57.15,114.3
ORD01020,PROD0045,Self-Help Bestseller,Books,3,13.44,40.32
ORD01020,PROD0029,LED Desk Lamp,Home & Kitchen,1,80.09,80.09
ORD01020,PROD0080,Healthy Snack Box,Food & Grocery,1,23.63,23.63
ORD01020,PROD0004,USB-C Hub,Electronics,3,33.39,100.17
ORD01021,PROD0060,Nail Polish Set,Beauty,3,16.35,49.05
ORD01021,PROD0024,Toaster,Home & Kitchen,2,29.33,58.66
ORD01021,PROD0011,T-Shirt,Clothing,2,18.75,37.5
ORD01021,PROD0012,Jeans,Clothing,2,65.37,130.74
ORD01022,PROD0056,Hair Conditioner,Beauty,3,28.27,84.81
ORD01023,PROD0012,Jeans,Clothing,2,65.37,130.74
ORD01023,PROD0061,LEGO Creator Set,Toys,3,99.16,297.48
ORD01024,PROD0002,Smart Watch,Electronics,3,110.0,330.0
ORD01024,PROD0072,Premium Coffee Beans,Food & Grocery,3,43.12,129.36
ORD01024,PROD0066,RC Racing Car,Toys,1,74.32,74.32
ORD01025,PROD0046,Science Fiction Novel,Books,3,13.49,40.47
ORD01025,PROD0009,Phone Case,Electronics,1,22.66,22.66
ORD01026,PROD0013,Sneakers,Clothing,2,42.92,85.84
ORD01026,PROD0073,Matcha Green Tea,Food & Grocery,3,31.91,95.73
ORD01026,PROD0007,Gaming Mouse,Electronics,3,109.76,329.28
ORD01027,PROD0043,ML Engineering Guide,Books,1,29.52,29.52
ORD01027,PROD0075,Extra Virgin Olive Oil,Food & Grocery,1,26.39,26.39
ORD01027,PROD0071,Whey Protein Bar,Food & Grocery,1,22.38,22.38
ORD01028,PROD0033,Resistance Bands,Sports,2,26.09,52.18
ORD01028,PROD0058,Eye Cream,Beauty,2,71.04,142.08
ORD01028,PROD0071,Whey Protein Bar,Food & Grocery,2,22.38,44.76
ORD01028,PROD0062,Strategy Board Game,Toys,1,43.8,43.8
ORD01029,PROD0024,Toaster,Home & Kitchen,2,29.33,58.66
ORD01029,PROD0013,Sneakers,Clothing,1,42.92,42.92
ORD01029,PROD0054,Foundation,Beauty,1,57.15,57.15
ORD01030,PROD0021,Coffee Maker,Home & Kitchen,3,168.93,506.79
ORD01030,PROD0004,USB-C Hub,Electronics,2,33.39,66.78
ORD01031,PROD0031,Yoga Mat,Sports,1,68.43,68.43
ORD01032,PROD0008,Portable Monitor,Electronics,1,144.34,144.34
ORD01032,PROD0032,Adjustable Dumbbells,Sports,2,159.46,318.92
ORD01032,PROD0018,Ankle Socks,Clothing,2,13.84,27.68
ORD01032,PROD0044,Business Strategy,Books,2,25.81,51.62
ORD01033,PROD0002,Smart Watch,Electronics,2,110.0,220.0
ORD01033,PROD0009,Phone Case,Electronics,1,22.66,22.66
ORD01034,PROD0071,Whey Protein Bar,Food & Grocery,1,22.38,22.38
ORD01034,PROD0073,Matcha Green Tea,Food & Grocery,2,31.91,63.82
ORD01034,PROD0048,World History,Books,3,25.51,76.53
ORD01035,PROD0068,Art & Craft Kit,Toys,1,13.06,13.06
ORD01035,PROD0014,Winter Jacket,Clothing,3,87.84,263.52
ORD01035,PROD0047,Cook Book,Books,1,17.53,17.53
ORD01036,PROD0074,Granola Mix,Food & Grocery,3,13.35,40.05
ORD01036,PROD0070,Plush Stuffed Animal,Toys,3,16.69,50.07
ORD01037,PROD0042,Data Science Handbook,Books,1,26.6,26.6
ORD01037,PROD0003,Bluetooth Speaker,Electronics,1,63.0,63.0
ORD01038,PROD0051,Face Moisturizer,Beauty,2,39.06,78.12
ORD01038,PROD0045,Self-Help Bestseller,Books,1,13.44,13.44
ORD01038,PROD0012,Jeans,Clothing,1,65.37,65.37
ORD01039,PROD0004,USB-C Hub,Electronics,3,33.39,100.17
ORD01040,PROD0039,Protein Shaker,Sports,3,31.54,94.62
ORD01041,PROD0003,Bluetooth Speaker,Electronics,3,63.0,189.0
ORD01042,PROD0013,Sneakers,Clothing,3,42.92,128.76
ORD01042,PROD0020,Scarf,Clothing,1,12.21,12.21
ORD01042,PROD0038,Gym Bag,Sports,2,65.2,130.4
ORD01042,PROD0016,Hoodie,Clothing,1,57.25,57.25
ORD01043,PROD0076,Artisan Pasta,Food & Grocery,3,10.93,32.79
ORD01044,PROD0050,Graphic Novel,Books,3,18.57,55.71
ORD01044,PROD0003,Bluetooth Speaker,Electronics,2,63.0,126.0
ORD01044,PROD0057,Perfume,Beauty,1,50.54,50.54
ORD01044,PROD0020,Scarf,Clothing,1,12.21,12.21
ORD01045,PROD0050,Graphic Novel,Books,1,18.57,18.57
ORD01045,PROD0011,T-Shirt,Clothing,1,18.75,18.75
ORD01046,PROD0032,Adjustable Dumbbells,Sports,2,159.46,318.92
ORD01046,PROD0067,Card Game Pack,Toys,2,11.89,23.78
ORD01046,PROD0055,Argan Shampoo,Beauty,1,29.44,29.44
ORD01046,PROD0012,Jeans,Clothing,1,65.37,65.37
ORD01047,PROD0060,Nail Polish Set,Beauty,2,16.35,32.7
ORD01048,PROD0074,Granola Mix,Food & Grocery,2,13.35,26.7
ORD01048,PROD0062,Strategy Board Game,Toys,2,43.8,87.6
ORD01048,PROD0071,Whey Protein Bar,Food & Grocery,3,22.38,67.14
ORD01049,PROD0019,Cap,Clothing,2,34.28,68.56
ORD01049,PROD0005,Webcam,Electronics,3,143.11,429.33
ORD01049,PROD0018,Ankle Socks,Clothing,1,13.84,13.84
ORD01049,PROD0076,Artisan Pasta,Food & Grocery,1,10.93,10.93
ORD01050,PROD0006,Mechanical Keyboard,Electronics,3,151.5,454.5
ORD01050,PROD0040,Fitness Tracker,Sports,3,99.28,297.84
ORD01051,PROD0004,USB-C Hub,Electronics,2,33.39,66.78
ORD01051,PROD0039,Protein Shaker,Sports,1,31.54,31.54
ORD01051,PROD0050,Graphic Novel,Books,2,18.57,37.14
ORD01051,PROD0002,Smart Watch,Electronics,1,110.0,110.0
ORD01052,PROD0057,Perfume,Beauty,1,50.54,50.54
ORD01052,PROD0027,Mug Set,Home & Kitchen,2,18.25,36.5
ORD01053,PROD0062,Strategy Board Game,Toys,1,43.8,43.8
ORD01053,PROD0008,Portable Monitor,Electronics,3,144.34,433.02
ORD01054,PROD0061,LEGO Creator Set,Toys,2,99.16,198.32
ORD01054,PROD0016,Hoodie,Clothing,2,57.25,114.5
ORD01055,PROD0045,Self-Help Bestseller,Books,3,13.44,40.32
ORD01055,PROD0029,LED Desk Lamp,Home & Kitchen,1,80.09,80.09
ORD01055,PROD0074,Granola Mix,Food & Grocery,1,13.35,13.35
ORD01056,PROD0008,Portable Monitor,Electronics,2,144.34,288.68
ORD01056,PROD0012,Jeans,Clothing,2,65.37,130.74
ORD01056,PROD0004,USB-C Hub,Electronics,1,33.39,33.39
ORD01057,PROD0061,LEGO Creator Set,Toys,1,99.16,99.16
ORD01057,PROD0080,Healthy Snack Box,Food & Grocery,2,23.63,47.26
ORD01058,PROD0018,Ankle Socks,Clothing,1,13.84,13.84
ORD01059,PROD0077,Mixed Nuts Pack,Food & Grocery,1,37.44,37.44
ORD01059,PROD0027,Mug Set,Home & Kitchen,1,18.25,18.25
ORD01059,PROD0030,Throw Pillow,Home & Kitchen,3,42.17,126.51
ORD01060,PROD0019,Cap,Clothing,1,34.28,34.28
ORD01061,PROD0059,Vitamin C Serum,Beauty,2,28.13,56.26
ORD01061,PROD0075,Extra Virgin Olive Oil,Food & Grocery,3,26.39,79.17
ORD01062,PROD0079,Multivitamins,Food & Grocery,1,20.74,20.74
ORD01062,PROD0003,Bluetooth Speaker,Electronics,3,63.0,189.0
ORD01063,PROD0032,Adjustable Dumbbells,Sports,1,159.46,159.46
ORD01063,PROD0029,LED Desk Lamp,Home & Kitchen,2,80.09,160.18
ORD01064,PROD0051,Face Moisturizer,Beauty,3,39.06,117.18
ORD01065,PROD0031,Yoga Mat,Sports,3,68.43,205.29
ORD01065,PROD0026,Cutting Board,Home & Kitchen,1,23.46,23.46
ORD01065,PROD0052,SPF Sunscreen,Beauty,3,19.96,59.88
ORD01065,PROD0062,Strategy Board Game,Toys,2,43.8,87.6
ORD01066,PROD0052,SPF Sunscreen,Beauty,2,19.96,39.92
ORD01067,PROD0061,LEGO Creator Set,Toys,1,99.16,99.16
ORD01068,PROD0042,Data Science Handbook,Books,1,26.6,26.6
ORD01068,PROD0075,Extra Virgin Olive Oil,Food & Grocery,3,26.39,79.17
ORD01068,PROD0033,Resistance Bands,Sports,2,26.09,52.18
ORD01068,PROD0065,Collectible Doll,Toys,2,52.93,105.86
ORD01069,PROD0034,Water Bottle,Sports,3,49.06,147.18
ORD01070,PROD0048,World History,Books,3,25.51,76.53
ORD01070,PROD0035,Running Shoes,Sports,3,99.21,297.63
ORD01070,PROD0026,Cutting Board,Home & Kitchen,2,23.46,46.92
ORD01071,PROD0075,Extra Virgin Olive Oil,Food & Grocery,1,26.39,26.39
ORD01071,PROD0006,Mechanical Keyboard,Electronics,3,151.5,454.5
ORD01071,PROD0018,Ankle Socks,Clothing,3,13.84,41.52
ORD01071,PROD0039,Protein Shaker,Sports,1,31.54,31.54
ORD01072,PROD0068,Art & Craft Kit,Toys,3,13.06,39.18
ORD01072,PROD0042,Data Science Handbook,Books,3,26.6,79.8
ORD01072,PROD0005,Webcam,Electronics,1,143.11,143.11
ORD01072,PROD0047,Cook Book,Books,3,17.53,52.59
ORD01073,PROD0010,Tablet Stand,Electronics,2,16.34,32.68
ORD01074,PROD0019,Cap,Clothing,2,34.28,68.56
ORD01074,PROD0056,Hair Conditioner,Beauty,3,28.27,84.81
ORD01075,PROD0016,Hoodie,Clothing,1,57.25,57.25
ORD01075,PROD0038,Gym Bag,Sports,3,65.2,195.6
ORD01076,PROD0027,Mug Set,Home & Kitchen,3,18.25,54.75
ORD01076,PROD0024,Toaster,Home & Kitchen,1,29.33,29.33
ORD01076,PROD0038,Gym Bag,Sports,3,65.2,195.6
ORD01076,PROD0048,World History,Books,3,25.51,76.53
ORD01077,PROD0080,Healthy Snack Box,Food & Grocery,1,23.63,23.63
ORD01077,PROD0003,Bluetooth Speaker,Electronics,3,63.0,189.0
ORD01077,PROD0035,Running Shoes,Sports,2,99.21,198.42
ORD01077,PROD0074,Granola Mix,Food & Grocery,2,13.35,26.7
ORD01078,PROD0007,Gaming Mouse,Electronics,1,109.76,109.76
ORD01078,PROD0066,RC Racing Car,Toys,3,74.32,222.96
ORD01078,PROD0021,Coffee Maker,Home & Kitchen,1,168.93,168.93
ORD01079,PROD0064,Action Figure,Toys,1,30.54,30.54
ORD01079,PROD0063,1000-Piece Puzzle,Toys,3,26.71,80.13
ORD01080,PROD0031,Yoga Mat,Sports,1,68.43,68.43
ORD01080,PROD0027,Mug Set,Home & Kitchen,1,18.25,18.25
ORD01080,PROD0019,Cap,Clothing,1,34.28,34.28
ORD01080,PROD0011,T-Shirt,Clothing,1,18.75,18.75
ORD01081,PROD0071,Whey Protein Bar,Food & Grocery,3,22.38,67.14
ORD01081,PROD0069,Science Experiment Kit,Toys,2,27.62,55.24
ORD01082,PROD0009,Phone Case,Electronics,3,22.66,67.98
ORD01082,PROD0033,Resistance Bands,Sports,1,26.09,26.09
ORD01083,PROD0003,Bluetooth Speaker,Electronics,3,63.0,189.0
ORD01083,PROD0048,World History,Books,1,25.51,25.51
ORD01084,PROD0026,Cutting Board,Home & Kitchen,2,23.46,46.92
ORD01085,PROD0056,Hair Conditioner,Beauty,2,28.27,56.54
ORD01086,PROD0074,Granola Mix,Food & Grocery,2,13.35,26.7
ORD01086,PROD0054,Foundation,Beauty,2,57.15,114.3
ORD01086,PROD0017,Running Shorts,Clothing,3,23.82,71.46
ORD01087,PROD0005,Webcam,Electronics,3,143.11,429.33
ORD01087,PROD0067,Card Game Pack,Toys,1,11.89,11.89
ORD01088,PROD0026,Cutting Board,Home & Kitchen,1,23.46,23.46
ORD01089,PROD0041,Python Programming,Books,2,41.14,82.28
ORD01089,PROD0071,Whey Protein Bar,Food & Grocery,3,22.38,67.14
ORD01089,PROD0014,Winter Jacket,Clothing,3,87.84,263.52
ORD01089,PROD0040,Fitness Tracker,Sports,3,99.28,297.84
ORD01090,PROD0030,Throw Pillow,Home & Kitchen,3,42.17,126.51
ORD01090,PROD0068,Art & Craft Kit,Toys,1,13.06,13.06
ORD01091,PROD0021,Coffee Maker,Home & Kitchen,3,168.93,506.79
ORD01091,PROD0061,LEGO Creator Set,Toys,3,99.16,297.48
ORD01092,PROD0019,Cap,Clothing,1,34.28,34.28
ORD01093,PROD0071,Whey Protein Bar,Food & Grocery,3,22.38,67.14
ORD01094,PROD0078,Raw Honey,Food & Grocery,1,18.09,18.09
ORD01094,PROD0045,Self-Help Bestseller,Books,2,13.44,26.88
ORD01095,PROD0041,Python Programming,Books,1,41.14,41.14
ORD01095,PROD0028,Storage Organizer,Home & Kitchen,1,24.84,24.84
ORD01096,PROD0011,T-Shirt,Clothing,3,18.75,56.25
ORD01096,PROD0025,Knife Set,Home & Kitchen,2,144.87,289.74
ORD01097,PROD0073,Matcha Green Tea,Food & Grocery,2,31.91,63.82
ORD01097,PROD0018,Ankle Socks,Clothing,1,13.84,13.84
ORD01097,PROD0040,Fitness Tracker,Sports,3,99.28,297.84
ORD01097,PROD0033,Resistance Bands,Sports,1,26.09,26.09
ORD01098,PROD0049,Travel Photography,Books,2,39.07,78.14
ORD01098,PROD0029,LED Desk Lamp,Home & Kitchen,3,80.09,240.27
ORD01099,PROD0064,Action Figure,Toys,1,30.54,30.54
ORD01099,PROD0013,Sneakers,Clothing,1,42.92,42.92
ORD01100,PROD0058,Eye Cream,Beauty,2,71.04,142.08
ORD01101,PROD0022,Air Fryer,Home & Kitchen,1,143.78,143.78
ORD01101,PROD0010,Tablet Stand,Electronics,2,16.34,32.68
ORD01101,PROD0056,Hair Conditioner,Beauty,2,28.27,56.54
ORD01102,PROD0054,Foundation,Beauty,1,57.15,57.15
ORD01102,PROD0079,Multivitamins,Food & Grocery,1,20.74,20.74
ORD01102,PROD0038,Gym Bag,Sports,3,65.2,195.6
ORD01102,PROD0069,Science Experiment Kit,Toys,1,27.62,27.62
ORD01103,PROD0030,Throw Pillow,Home & Kitchen,3,42.17,126.51
ORD01103,PROD0013,Sneakers,Clothing,3,42.92,128.76
ORD01103,PROD0077,Mixed Nuts Pack,Food & Grocery,1,37.44,37.44
ORD01104,PROD0027,Mug Set,Home & Kitchen,2,18.25,36.5
ORD01104,PROD0061,LEGO Creator Set,Toys,2,99.16,198.32
ORD01104,PROD0023,Blender,Home & Kitchen,2,60.62,121.24
ORD01104,PROD0043,ML Engineering Guide,Books,2,29.52,59.04
ORD01105,PROD0048,World History,Books,3,25.51,76.53
ORD01106,PROD0036,Jump Rope,Sports,1,20.14,20.14
ORD01106,PROD0067,Card Game Pack,Toys,1,11.89,11.89
ORD01107,PROD0027,Mug Set,Home & Kitchen,3,18.25,54.75
ORD01108,PROD0056,Hair Conditioner,Beauty,3,28.27,84.81
ORD01108,PROD0078,Raw Honey,Food & Grocery,1,18.09,18.09
ORD01109,PROD0027,Mug Set,Home & Kitchen,3,18.25,54.75
ORD01109,PROD0063,1000-Piece Puzzle,Toys,3,26.71,80.13
ORD01109,PROD0065,Collectible Doll,Toys,3,52.93,158.79
ORD01109,PROD0050,Graphic Novel,Books,1,18.57,18.57
ORD01110,PROD0020,Scarf,Clothing,2,12.21,24.42
ORD01110,PROD0021,Coffee Maker,Home & Kitchen,2,168.93,337.86
ORD01110,PROD0044,Business Strategy,Books,3,25.81,77.43
ORD01110,PROD0056,Hair Conditioner,Beauty,1,28.27,28.27
ORD01111,PROD0066,RC Racing Car,Toys,3,74.32,222.96
ORD01111,PROD0040,Fitness Tracker,Sports,3,99.28,297.84
ORD01112,PROD0043,ML Engineering Guide,Books,1,29.52,29.52
ORD01112,PROD0065,Collectible Doll,Toys,1,52.93,52.93
ORD01113,PROD0072,Premium Coffee Beans,Food & Grocery,1,43.12,43.12
ORD01113,PROD0040,Fitness Tracker,Sports,3,99.28,297.84
ORD01113,PROD0070,Plush Stuffed Animal,Toys,3,16.69,50.07
ORD01114,PROD0018,Ankle Socks,Clothing,1,13.84,13.84
ORD01114,PROD0024,Toaster,Home & Kitchen,3,29.33,87.99
ORD01114,PROD0004,USB-C Hub,Electronics,2,33.39,66.78
ORD01115,PROD0019,Cap,Clothing,1,34.28,34.28
ORD01115,PROD0006,Mechanical Keyboard,Electronics,1,151.5,151.5
ORD01115,PROD0050,Graphic Novel,Books,3,18.57,55.71
ORD01115,PROD0074,Granola Mix,Food & Grocery,1,13.35,13.35
ORD01116,PROD0049,Travel Photography,Books,1,39.07,39.07
ORD01116,PROD0006,Mechanical Keyboard,Electronics,2,151.5,303.0
ORD01117,PROD0017,Running Shorts,Clothing,1,23.82,23.82
ORD01117,PROD0063,1000-Piece Puzzle,Toys,3,26.71,80.13
ORD01117,PROD0069,Science Experiment Kit,Toys,1,27.62,27.62
ORD01117,PROD0070,Plush Stuffed Animal,Toys,2,16.69,33.38
ORD01118,PROD0008,Portable Monitor,Electronics,3,144.34,433.02
ORD01118,PROD0065,Collectible Doll,Toys,2,52.93,105.86
ORD01118,PROD0016,Hoodie,Clothing,2,57.25,114.5
ORD01118,PROD0033,Resistance Bands,Sports,2,26.09,52.18
ORD01119,PROD0043,ML Engineering Guide,Books,1,29.52,29.52
ORD01119,PROD0047,Cook Book,Books,2,17.53,35.06
ORD01119,PROD0073,Matcha Green Tea,Food & Grocery,1,31.91,31.91
ORD01119,PROD0021,Coffee Maker,Home & Kitchen,3,168.93,506.79
ORD01120,PROD0054,Foundation,Beauty,1,57.15,57.15
ORD01120,PROD0019,Cap,Clothing,1,34.28,34.28
ORD01120,PROD0026,Cutting Board,Home & Kitchen,3,23.46,70.38
ORD01120,PROD0010,Tablet Stand,Electronics,3,16.34,49.02
ORD01121,PROD0010,Tablet Stand,Electronics,2,16.34,32.68
ORD01121,PROD0012,Jeans,Clothing,2,65.37,130.74
ORD01121,PROD0057,Perfume,Beauty,1,50.54,50.54
ORD01121,PROD0018,Ankle Socks,Clothing,2,13.84,27.68
ORD01122,PROD0041,Python Programming,Books,2,41.14,82.28
ORD01122,PROD0053,Lipstick Set,Beauty,2,19.34,38.68
ORD01122,PROD0049,Travel Photography,Books,3,39.07,117.21
ORD01123,PROD0059,Vitamin C Serum,Beauty,2,28.13,56.26
ORD01124,PROD0077,Mixed Nuts Pack,Food & Grocery,2,37.44,74.88
ORD01124,PROD0021,Coffee Maker,Home & Kitchen,1,168.93,168.93
ORD01124,PROD0071,Whey Protein Bar,Food & Grocery,3,22.38,67.14
ORD01124,PROD0001,Wireless Headphones,Electronics,2,220.67,441.34
ORD01125,PROD0003,Bluetooth Speaker,Electronics,3,63.0,189.0
ORD01125,PROD0049,Travel Photography,Books,1,39.07,39.07
ORD01126,PROD0025,Knife Set,Home & Kitchen,2,144.87,289.74
ORD01126,PROD0071,Whey Protein Bar,Food & Grocery,1,22.38,22.38
ORD01126,PROD0018,Ankle Socks,Clothing,2,13.84,27.68
ORD01126,PROD0079,Multivitamins,Food & Grocery,3,20.74,62.22
ORD01127,PROD0048,World History,Books,1,25.51,25.51
ORD01127,PROD0025,Knife Set,Home & Kitchen,2,144.87,289.74
ORD01127,PROD0019,Cap,Clothing,1,34.28,34.28
ORD01127,PROD0012,Jeans,Clothing,1,65.37,65.37
ORD01128,PROD0028,Storage Organizer,Home & Kitchen,2,24.84,49.68
ORD01128,PROD0069,Science Experiment Kit,Toys,1,27.62,27.62
ORD01129,PROD0023,Blender,Home & Kitchen,1,60.62,60.62
ORD01129,PROD0034,Water Bottle,Sports,1,49.06,49.06
ORD01129,PROD0073,Matcha Green Tea,Food & Grocery,2,31.91,63.82
ORD01129,PROD0016,Hoodie,Clothing,1,57.25,57.25
ORD01130,PROD0031,Yoga Mat,Sports,1,68.43,68.43
ORD01130,PROD0013,Sneakers,Clothing,2,42.92,85.84
ORD01130,PROD0048,World History,Books,3,25.51,76.53
ORD01131,PROD0040,Fitness Tracker,Sports,3,99.28,297.84
ORD01131,PROD0069,Science Experiment Kit,Toys,2,27.62,55.24
ORD01132,PROD0041,Python Programming,Books,2,41.14,82.28
ORD01132,PROD0003,Bluetooth Speaker,Electronics,3,63.0,189.0
ORD01132,PROD0016,Hoodie,Clothing,1,57.25,57.25
ORD01133,PROD0004,USB-C Hub,Electronics,3,33.39,100.17
ORD01134,PROD0065,Collectible Doll,Toys,3,52.93,158.79
ORD01135,PROD0074,Granola Mix,Food & Grocery,3,13.35,40.05
ORD01135,PROD0018,Ankle Socks,Clothing,3,13.84,41.52
ORD01135,PROD0002,Smart Watch,Electronics,3,110.0,330.0
ORD01135,PROD0040,Fitness Tracker,Sports,1,99.28,99.28
ORD01136,PROD0011,T-Shirt,Clothing,1,18.75,18.75
ORD01136,PROD0062,Strategy Board Game,Toys,3,43.8,131.4
ORD01136,PROD0071,Whey Protein Bar,Food & Grocery,1,22.38,22.38
ORD01136,PROD0055,Argan Shampoo,Beauty,3,29.44,88.32
ORD01137,PROD0030,Throw Pillow,Home & Kitchen,3,42.17,126.51
ORD01137,PROD0020,Scarf,Clothing,1,12.21,12.21
ORD01137,PROD0072,Premium Coffee Beans,Food & Grocery,3,43.12,129.36
ORD01138,PROD0046,Science Fiction Novel,Books,2,13.49,26.98
ORD01138,PROD0037,Foam Roller,Sports,1,53.18,53.18
ORD01138,PROD0066,RC Racing Car,Toys,1,74.32,74.32
ORD01138,PROD0077,Mixed Nuts Pack,Food & Grocery,3,37.44,112.32
ORD01139,PROD0001,Wireless Headphones,Electronics,1,220.67,220.67
ORD01139,PROD0023,Blender,Home & Kitchen,1,60.62,60.62
ORD01139,PROD0060,Nail Polish Set,Beauty,3,16.35,49.05
ORD01140,PROD0063,1000-Piece Puzzle,Toys,2,26.71,53.42
ORD01140,PROD0022,Air Fryer,Home & Kitchen,1,143.78,143.78
ORD01140,PROD0003,Bluetooth Speaker,Electronics,2,63.0,126.0
ORD01141,PROD0002,Smart Watch,Electronics,2,110.0,220.0
ORD01142,PROD0078,Raw Honey,Food & Grocery,1,18.09,18.09
ORD01142,PROD0066,RC Racing Car,Toys,1,74.32,74.32
ORD01143,PROD0064,Action Figure,Toys,1,30.54,30.54
ORD01143,PROD0041,Python Programming,Books,1,41.14,41.14
ORD01143,PROD0075,Extra Virgin Olive Oil,Food & Grocery,3,26.39,79.17
ORD01144,PROD0005,Webcam,Electronics,1,143.11,143.11
ORD01144,PROD0050,Graphic Novel,Books,1,18.57,18.57
ORD01145,PROD0072,Premium Coffee Beans,Food & Grocery,3,43.12,129.36
ORD01145,PROD0060,Nail Polish Set,Beauty,3,16.35,49.05
ORD01145,PROD0007,Gaming Mouse,Electronics,2,109.76,219.52
ORD01146,PROD0008,Portable Monitor,Electronics,1,144.34,144.34
ORD01146,PROD0040,Fitness Tracker,Sports,2,99.28,198.56
ORD01146,PROD0051,Face Moisturizer,Beauty,3,39.06,117.18
ORD01146,PROD0053,Lipstick Set,Beauty,2,19.34,38.68
ORD01147,PROD0079,Multivitamins,Food & Grocery,2,20.74,41.48
ORD01147,PROD0069,Science Experiment Kit,Toys,3,27.62,82.86
ORD01147,PROD0037,Foam Roller,Sports,2,53.18,106.36
ORD01148,PROD0054,Foundation,Beauty,2,57.15,114.3
ORD01148,PROD0040,Fitness Tracker,Sports,2,99.28,198.56
ORD01148,PROD0057,Perfume,Beauty,2,50.54,101.08
ORD01149,PROD0012,Jeans,Clothing,3,65.37,196.11
ORD01149,PROD0025,Knife Set,Home & Kitchen,3,144.87,434.61
ORD01149,PROD0044,Business Strategy,Books,3,25.81,77.43
ORD01149,PROD0042,Data Science Handbook,Books,2,26.6,53.2
ORD01150,PROD0044,Business Strategy,Books,1,25.81,25.81
ORD01150,PROD0068,Art & Craft Kit,Toys,2,13.06,26.12
ORD01150,PROD0010,Tablet Stand,Electronics,1,16.34,16.34
ORD01151,PROD0063,1000-Piece Puzzle,Toys,2,26.71,53.42
ORD01151,PROD0035,Running Shoes,Sports,3,99.21,297.63
ORD01151,PROD0029,LED Desk Lamp,Home & Kitchen,2,80.09,160.18
ORD01151,PROD0028,Storage Organizer,Home & Kitchen,2,24.84,49.68
ORD01152,PROD0067,Card Game Pack,Toys,2,11.89,23.78
ORD01152,PROD0021,Coffee Maker,Home & Kitchen,3,168.93,506.79
ORD01152,PROD0006,Mechanical Keyboard,Electronics,3,151.5,454.5
ORD01152,PROD0036,Jump Rope,Sports,3,20.14,60.42
ORD01153,PROD0049,Travel Photography,Books,1,39.07,39.07
ORD01153,PROD0067,Card Game Pack,Toys,2,11.89,23.78
ORD01153,PROD0066,RC Racing Car,Toys,1,74.32,74.32
ORD01153,PROD0021,Coffee Maker,Home & Kitchen,2,168.93,337.86
ORD01154,PROD0041,Python Programming,Books,1,41.14,41.14
ORD01154,PROD0025,Knife Set,Home & Kitchen,1,144.87,144.87
ORD01155,PROD0052,SPF Sunscreen,Beauty,2,19.96,39.92
ORD01155,PROD0024,Toaster,Home & Kitchen,2,29.33,58.66
ORD01155,PROD0074,Granola Mix,Food & Grocery,1,13.35,13.35
ORD01156,PROD0025,Knife Set,Home & Kitchen,3,144.87,434.61
ORD01157,PROD0046,Science Fiction Novel,Books,3,13.49,40.47
ORD01157,PROD0055,Argan Shampoo,Beauty,2,29.44,58.88
ORD01157,PROD0002,Smart Watch,Electronics,3,110.0,330.0
ORD01158,PROD0074,Granola Mix,Food & Grocery,2,13.35,26.7
ORD01159,PROD0062,Strategy Board Game,Toys,2,43.8,87.6
ORD01159,PROD0026,Cutting Board,Home & Kitchen,3,23.46,70.38
ORD01160,PROD0058,Eye Cream,Beauty,2,71.04,142.08
ORD01160,PROD0043,ML Engineering Guide,Books,2,29.52,59.04
ORD01161,PROD0003,Bluetooth Speaker,Electronics,2,63.0,126.0
ORD01161,PROD0063,1000-Piece Puzzle,Toys,2,26.71,53.42
ORD01161,PROD0013,Sneakers,Clothing,2,42.92,85.84
ORD01161,PROD0027,Mug Set,Home & Kitchen,1,18.25,18.25
ORD01162,PROD0015,Summer Dress,Clothing,1,67.24,67.24
ORD01163,PROD0040,Fitness Tracker,Sports,2,99.28,198.56
ORD01164,PROD0076,Artisan Pasta,Food & Grocery,1,10.93,10.93
ORD01164,PROD0080,Healthy Snack Box,Food & Grocery,1,23.63,23.63
ORD01164,PROD0008,Portable Monitor,Electronics,2,144.34,288.68
ORD01165,PROD0036,Jump Rope,Sports,2,20.14,40.28
ORD01166,PROD0045,Self-Help Bestseller,Books,2,13.44,26.88
ORD01166,PROD0026,Cutting Board,Home & Kitchen,1,23.46,23.46
ORD01167,PROD0023,Blender,Home & Kitchen,1,60.62,60.62
ORD01167,PROD0043,ML Engineering Guide,Books,3,29.52,88.56
ORD01167,PROD0068,Art & Craft Kit,Toys,2,13.06,26.12
ORD01168,PROD0005,Webcam,Electronics,1,143.11,143.11
ORD01168,PROD0036,Jump Rope,Sports,1,20.14,20.14
ORD01169,PROD0001,Wireless Headphones,Electronics,1,220.67,220.67
ORD01169,PROD0017,Running Shorts,Clothing,2,23.82,47.64
ORD01169,PROD0068,Art & Craft Kit,Toys,2,13.06,26.12
ORD01169,PROD0040,Fitness Tracker,Sports,2,99.28,198.56
ORD01170,PROD0075,Extra Virgin Olive Oil,Food & Grocery,3,26.39,79.17
ORD01170,PROD0032,Adjustable Dumbbells,Sports,1,159.46,159.46
ORD01171,PROD0020,Scarf,Clothing,3,12.21,36.63
ORD01171,PROD0034,Water Bottle,Sports,2,49.06,98.12
ORD01171,PROD0052,SPF Sunscreen,Beauty,1,19.96,19.96
ORD01171,PROD0036,Jump Rope,Sports,3,20.14,60.42
ORD01172,PROD0016,Hoodie,Clothing,1,57.25,57.25
ORD01172,PROD0024,Toaster,Home & Kitchen,1,29.33,29.33
ORD01172,PROD0056,Hair Conditioner,Beauty,3,28.27,84.81
ORD01172,PROD0060,Nail Polish Set,Beauty,1,16.35,16.35
ORD01173,PROD0039,Protein Shaker,Sports,3,31.54,94.62
ORD01174,PROD0042,Data Science Handbook,Books,2,26.6,53.2
ORD01175,PROD0026,Cutting Board,Home & Kitchen,1,23.46,23.46
ORD01175,PROD0012,Jeans,Clothing,1,65.37,65.37
ORD01175,PROD0043,ML Engineering Guide,Books,1,29.52,29.52
ORD01176,PROD0057,Perfume,Beauty,2,50.54,101.08
ORD01177,PROD0041,Python Programming,Books,1,41.14,41.14
ORD01177,PROD0024,Toaster,Home & Kitchen,3,29.33,87.99
ORD01177,PROD0074,Granola Mix,Food & Grocery,2,13.35,26.7
ORD01177,PROD0004,USB-C Hub,Electronics,2,33.39,66.78
ORD01178,PROD0068,Art & Craft Kit,Toys,1,13.06,13.06
ORD01178,PROD0052,SPF Sunscreen,Beauty,2,19.96,39.92
ORD01179,PROD0068,Art & Craft Kit,Toys,3,13.06,39.18
ORD01179,PROD0039,Protein Shaker,Sports,1,31.54,31.54
ORD01179,PROD0005,Webcam,Electronics,2,143.11,286.22
ORD01180,PROD0059,Vitamin C Serum,Beauty,2,28.13,56.26
ORD01180,PROD0069,Science Experiment Kit,Toys,2,27.62,55.24
ORD01180,PROD0008,Portable Monitor,Electronics,3,144.34,433.02
ORD01180,PROD0054,Foundation,Beauty,3,57.15,171.45
ORD01181,PROD0007,Gaming Mouse,Electronics,1,109.76,109.76
ORD01181,PROD0006,Mechanical Keyboard,Electronics,1,151.5,151.5
ORD01181,PROD0027,Mug Set,Home & Kitchen,2,18.25,36.5
ORD01181,PROD0018,Ankle Socks,Clothing,1,13.84,13.84
ORD01182,PROD0067,Card Game Pack,Toys,3,11.89,35.67
ORD01182,PROD0046,Science Fiction Novel,Books,3,13.49,40.47
ORD01183,PROD0034,Water Bottle,Sports,3,49.06,147.18
ORD01184,PROD0057,Perfume,Beauty,2,50.54,101.08
ORD01184,PROD0062,Strategy Board Game,Toys,3,43.8,131.4
ORD01184,PROD0076,Artisan Pasta,Food & Grocery,1,10.93,10.93
ORD01184,PROD0056,Hair Conditioner,Beauty,1,28.27,28.27
ORD01185,PROD0048,World History,Books,2,25.51,51.02
ORD01185,PROD0030,Throw Pillow,Home & Kitchen,2,42.17,84.34
ORD01185,PROD0075,Extra Virgin Olive Oil,Food & Grocery,1,26.39,26.39
ORD01185,PROD0077,Mixed Nuts Pack,Food & Grocery,3,37.44,112.32
ORD01186,PROD0076,Artisan Pasta,Food & Grocery,2,10.93,21.86
ORD01186,PROD0061,LEGO Creator Set,Toys,3,99.16,297.48
ORD01186,PROD0009,Phone Case,Electronics,2,22.66,45.32
ORD01186,PROD0067,Card Game Pack,Toys,2,11.89,23.78
ORD01187,PROD0063,1000-Piece Puzzle,Toys,1,26.71,26.71
ORD01187,PROD0066,RC Racing Car,Toys,2,74.32,148.64
ORD01188,PROD0037,Foam Roller,Sports,1,53.18,53.18
ORD01189,PROD0065,Collectible Doll,Toys,1,52.93,52.93
ORD01189,PROD0035,Running Shoes,Sports,3,99.21,297.63
ORD01189,PROD0051,Face Moisturizer,Beauty,1,39.06,39.06
ORD01190,PROD0013,Sneakers,Clothing,1,42.92,42.92
ORD01190,PROD0076,Artisan Pasta,Food & Grocery,2,10.93,21.86
ORD01190,PROD0027,Mug Set,Home & Kitchen,3,18.25,54.75
ORD01191,PROD0005,Webcam,Electronics,1,143.11,143.11
ORD01192,PROD0030,Throw Pillow,Home & Kitchen,2,42.17,84.34
ORD01192,PROD0034,Water Bottle,Sports,3,49.06,147.18
ORD01192,PROD0027,Mug Set,Home & Kitchen,3,18.25,54.75
ORD01193,PROD0023,Blender,Home & Kitchen,1,60.62,60.62
ORD01194,PROD0056,Hair Conditioner,Beauty,1,28.27,28.27
ORD01195,PROD0043,ML Engineering Guide,Books,3,29.52,88.56
ORD01195,PROD0007,Gaming Mouse,Electronics,1,109.76,109.76
ORD01195,PROD0060,Nail Polish Set,Beauty,3,16.35,49.05
ORD01195,PROD0040,Fitness Tracker,Sports,1,99.28,99.28
ORD01196,PROD0019,Cap,Clothing,2,34.28,68.56
ORD01197,PROD0056,Hair Conditioner,Beauty,2,28.27,56.54
ORD01197,PROD0048,World History,Books,2,25.51,51.02
ORD01198,PROD0029,LED Desk Lamp,Home & Kitchen,1,80.09,80.09
ORD01198,PROD0011,T-Shirt,Clothing,2,18.75,37.5
ORD01199,PROD0022,Air Fryer,Home & Kitchen,3,143.78,431.34
ORD01200,PROD0013,Sneakers,Clothing,1,42.92,42.92
ORD01200,PROD0032,Adjustable Dumbbells,Sports,3,159.46,478.38
ORD01200,PROD0017,Running Shorts,Clothing,3,23.82,71.46
ORD01201,PROD0055,Argan Shampoo,Beauty,1,29.44,29.44
ORD01202,PROD0073,Matcha Green Tea,Food & Grocery,3,31.91,95.73
ORD01202,PROD0080,Healthy Snack Box,Food & Grocery,3,23.63,70.89
ORD01202,PROD0006,Mechanical Keyboard,Electronics,3,151.5,454.5
ORD01202,PROD0021,Coffee Maker,Home & Kitchen,1,168.93,168.93
ORD01203,PROD0059,Vitamin C Serum,Beauty,1,28.13,28.13
ORD01203,PROD0012,Jeans,Clothing,1,65.37,65.37
ORD01203,PROD0047,Cook Book,Books,1,17.53,17.53
ORD01203,PROD0052,SPF Sunscreen,Beauty,1,19.96,19.96
ORD01204,PROD0067,Card Game Pack,Toys,2,11.89,23.78
ORD01204,PROD0031,Yoga Mat,Sports,3,68.43,205.29
ORD01205,PROD0074,Granola Mix,Food & Grocery,2,13.35,26.7
ORD01205,PROD0039,Protein Shaker,Sports,3,31.54,94.62
ORD01205,PROD0009,Phone Case,Electronics,1,22.66,22.66
ORD01206,PROD0074,Granola Mix,Food & Grocery,1,13.35,13.35
ORD01206,PROD0002,Smart Watch,Electronics,3,110.0,330.0
ORD01206,PROD0004,USB-C Hub,Electronics,1,33.39,33.39
ORD01206,PROD0070,Plush Stuffed Animal,Toys,3,16.69,50.07
ORD01207,PROD0038,Gym Bag,Sports,3,65.2,195.6
ORD01207,PROD0012,Jeans,Clothing,3,65.37,196.11
ORD01208,PROD0067,Card Game Pack,Toys,1,11.89,11.89
ORD01208,PROD0004,USB-C Hub,Electronics,2,33.39,66.78
ORD01208,PROD0011,T-Shirt,Clothing,1,18.75,18.75
ORD01208,PROD0078,Raw Honey,Food & Grocery,3,18.09,54.27
ORD01209,PROD0047,Cook Book,Books,3,17.53,52.59
ORD01209,PROD0012,Jeans,Clothing,2,65.37,130.74
ORD01209,PROD0041,Python Programming,Books,3,41.14,123.42
ORD01210,PROD0047,Cook Book,Books,1,17.53,17.53
ORD01210,PROD0039,Protein Shaker,Sports,1,31.54,31.54
ORD01211,PROD0054,Foundation,Beauty,1,57.15,57.15
ORD01211,PROD0013,Sneakers,Clothing,3,42.92,128.76
ORD01212,PROD0026,Cutting Board,Home & Kitchen,1,23.46,23.46
ORD01212,PROD0040,Fitness Tracker,Sports,3,99.28,297.84
ORD01212,PROD0050,Graphic Novel,Books,3,18.57,55.71
ORD01212,PROD0048,World History,Books,1,25.51,25.51
ORD01213,PROD0064,Action Figure,Toys,1,30.54,30.54
ORD01213,PROD0058,Eye Cream,Beauty,2,71.04,142.08
ORD01214,PROD0029,LED Desk Lamp,Home & Kitchen,2,80.09,160.18
ORD01214,PROD0052,SPF Sunscreen,Beauty,3,19.96,59.88
ORD01214,PROD0064,Action Figure,Toys,3,30.54,91.62
ORD01215,PROD0073,Matcha Green Tea,Food & Grocery,2,31.91,63.82
ORD01215,PROD0009,Phone Case,Electronics,1,22.66,22.66
ORD01216,PROD0070,Plush Stuffed Animal,Toys,1,16.69,16.69
ORD01216,PROD0010,Tablet Stand,Electronics,2,16.34,32.68
ORD01217,PROD0029,LED Desk Lamp,Home & Kitchen,1,80.09,80.09
ORD01217,PROD0050,Graphic Novel,Books,3,18.57,55.71
ORD01217,PROD0071,Whey Protein Bar,Food & Grocery,2,22.38,44.76
ORD01217,PROD0080,Healthy Snack Box,Food & Grocery,1,23.63,23.63
ORD01218,PROD0053,Lipstick Set,Beauty,2,19.34,38.68
ORD01218,PROD0079,Multivitamins,Food & Grocery,1,20.74,20.74
ORD01218,PROD0004,USB-C Hub,Electronics,1,33.39,33.39
ORD01218,PROD0032,Adjustable Dumbbells,Sports,3,159.46,478.38
ORD01219,PROD0028,Storage Organizer,Home & Kitchen,1,24.84,24.84
ORD01219,PROD0077,Mixed Nuts Pack,Food & Grocery,3,37.44,112.32
ORD01219,PROD0045,Self-Help Bestseller,Books,1,13.44,13.44
ORD01219,PROD0006,Mechanical Keyboard,Electronics,2,151.5,303.0
ORD01220,PROD0009,Phone Case,Electronics,1,22.66,22.66
ORD01220,PROD0077,Mixed Nuts Pack,Food & Grocery,3,37.44,112.32
ORD01220,PROD0025,Knife Set,Home & Kitchen,1,144.87,144.87
ORD01220,PROD0074,Granola Mix,Food & Grocery,1,13.35,13.35
ORD01221,PROD0052,SPF Sunscreen,Beauty,1,19.96,19.96
ORD01221,PROD0001,Wireless Headphones,Electronics,1,220.67,220.67
ORD01221,PROD0029,LED Desk Lamp,Home & Kitchen,1,80.09,80.09
ORD01221,PROD0034,Water Bottle,Sports,2,49.06,98.12
ORD01222,PROD0019,Cap,Clothing,1,34.28,34.28
ORD01223,PROD0052,SPF Sunscreen,Beauty,1,19.96,19.96
ORD01223,PROD0067,Card Game Pack,Toys,2,11.89,23.78
ORD01223,PROD0048,World History,Books,3,25.51,76.53
ORD01223,PROD0033,Resistance Bands,Sports,3,26.09,78.27
ORD01224,PROD0033,Resistance Bands,Sports,3,26.09,78.27
ORD01224,PROD0028,Storage Organizer,Home & Kitchen,3,24.84,74.52
ORD01225,PROD0071,Whey Protein Bar,Food & Grocery,3,22.38,67.14
ORD01225,PROD0008,Portable Monitor,Electronics,1,144.34,144.34
ORD01226,PROD0075,Extra Virgin Olive Oil,Food & Grocery,3,26.39,79.17
ORD01226,PROD0064,Action Figure,Toys,3,30.54,91.62
ORD01226,PROD0061,LEGO Creator Set,Toys,2,99.16,198.32
ORD01226,PROD0022,Air Fryer,Home & Kitchen,3,143.78,431.34
ORD01227,PROD0060,Nail Polish Set,Beauty,3,16.35,49.05
ORD01227,PROD0065,Collectible Doll,Toys,2,52.93,105.86
ORD01227,PROD0030,Throw Pillow,Home & Kitchen,2,42.17,84.34
ORD01228,PROD0011,T-Shirt,Clothing,1,18.75,18.75
ORD01228,PROD0059,Vitamin C Serum,Beauty,2,28.13,56.26
ORD01228,PROD0009,Phone Case,Electronics,2,22.66,45.32
ORD01228,PROD0061,LEGO Creator Set,Toys,2,99.16,198.32
ORD01229,PROD0027,Mug Set,Home & Kitchen,1,18.25,18.25
ORD01229,PROD0070,Plush Stuffed Animal,Toys,1,16.69,16.69
ORD01230,PROD0039,Protein Shaker,Sports,3,31.54,94.62
ORD01230,PROD0029,LED Desk Lamp,Home & Kitchen,1,80.09,80.09
ORD01231,PROD0047,Cook Book,Books,1,17.53,17.53
ORD01231,PROD0044,Business Strategy,Books,3,25.81,77.43
ORD01232,PROD0037,Foam Roller,Sports,3,53.18,159.54
ORD01233,PROD0063,1000-Piece Puzzle,Toys,3,26.71,80.13
ORD01234,PROD0077,Mixed Nuts Pack,Food & Grocery,2,37.44,74.88
ORD01234,PROD0080,Healthy Snack Box,Food & Grocery,1,23.63,23.63
ORD01234,PROD0078,Raw Honey,Food & Grocery,2,18.09,36.18
ORD01235,PROD0046,Science Fiction Novel,Books,3,13.49,40.47
ORD01235,PROD0067,Card Game Pack,Toys,3,11.89,35.67
ORD01236,PROD0019,Cap,Clothing,1,34.28,34.28
ORD01236,PROD0071,Whey Protein Bar,Food & Grocery,3,22.38,67.14
ORD01237,PROD0049,Travel Photography,Books,2,39.07,78.14
ORD01237,PROD0011,T-Shirt,Clothing,1,18.75,18.75
ORD01237,PROD0078,Raw Honey,Food & Grocery,2,18.09,36.18
ORD01238,PROD0038,Gym Bag,Sports,3,65.2,195.6
ORD01238,PROD0047,Cook Book,Books,2,17.53,35.06
ORD01239,PROD0076,Artisan Pasta,Food & Grocery,2,10.93,21.86
ORD01239,PROD0052,SPF Sunscreen,Beauty,3,19.96,59.88
ORD01240,PROD0013,Sneakers,Clothing,2,42.92,85.84
ORD01241,PROD0007,Gaming Mouse,Electronics,3,109.76,329.28
ORD01241,PROD0006,Mechanical Keyboard,Electronics,3,151.5,454.5
ORD01242,PROD0009,Phone Case,Electronics,1,22.66,22.66
ORD01242,PROD0023,Blender,Home & Kitchen,1,60.62,60.62
ORD01242,PROD0016,Hoodie,Clothing,3,57.25,171.75
ORD01242,PROD0070,Plush Stuffed Animal,Toys,1,16.69,16.69
ORD01243,PROD0014,Winter Jacket,Clothing,2,87.84,175.68
ORD01244,PROD0040,Fitness Tracker,Sports,3,99.28,297.84
ORD01244,PROD0037,Foam Roller,Sports,2,53.18,106.36
ORD01244,PROD0044,Business Strategy,Books,2,25.81,51.62
ORD01244,PROD0047,Cook Book,Books,1,17.53,17.53
ORD01245,PROD0076,Artisan Pasta,Food & Grocery,1,10.93,10.93
ORD01245,PROD0037,Foam Roller,Sports,2,53.18,106.36
ORD01246,PROD0053,Lipstick Set,Beauty,1,19.34,19.34
ORD01246,PROD0032,Adjustable Dumbbells,Sports,3,159.46,478.38
ORD01246,PROD0063,1000-Piece Puzzle,Toys,2,26.71,53.42
ORD01247,PROD0066,RC Racing Car,Toys,3,74.32,222.96
ORD01248,PROD0050,Graphic Novel,Books,1,18.57,18.57
ORD01248,PROD0011,T-Shirt,Clothing,1,18.75,18.75
ORD01248,PROD0017,Running Shorts,Clothing,3,23.82,71.46
ORD01249,PROD0015,Summer Dress,Clothing,1,67.24,67.24
ORD01250,PROD0010,Tablet Stand,Electronics,1,16.34,16.34
ORD01250,PROD0073,Matcha Green Tea,Food & Grocery,2,31.91,63.82
ORD01250,PROD0067,Card Game Pack,Toys,3,11.89,35.67
ORD01250,PROD0003,Bluetooth Speaker,Electronics,1,63.0,63.0
ORD01251,PROD0075,Extra Virgin Olive Oil,Food & Grocery,3,26.39,79.17
ORD01251,PROD0053,Lipstick Set,Beauty,2,19.34,38.68
ORD01251,PROD0004,USB-C Hub,Electronics,1,33.39,33.39
ORD01252,PROD0064,Action Figure,Toys,3,30.54,91.62
ORD01252,PROD0058,Eye Cream,Beauty,2,71.04,142.08
ORD01252,PROD0068,Art & Craft Kit,Toys,2,13.06,26.12
ORD01252,PROD0051,Face Moisturizer,Beauty,1,39.06,39.06
ORD01253,PROD0044,Business Strategy,Books,3,25.81,77.43
ORD01253,PROD0007,Gaming Mouse,Electronics,2,109.76,219.52
ORD01253,PROD0078,Raw Honey,Food & Grocery,2,18.09,36.18
ORD01254,PROD0072,Premium Coffee Beans,Food & Grocery,2,43.12,86.24
ORD01255,PROD0067,Card Game Pack,Toys,2,11.89,23.78
ORD01255,PROD0011,T-Shirt,Clothing,3,18.75,56.25
ORD01255,PROD0026,Cutting Board,Home & Kitchen,1,23.46,23.46
ORD01256,PROD0065,Collectible Doll,Toys,3,52.93,158.79
ORD01256,PROD0063,1000-Piece Puzzle,Toys,3,26.71,80.13
ORD01257,PROD0005,Webcam,Electronics,2,143.11,286.22
ORD01258,PROD0046,Science Fiction Novel,Books,2,13.49,26.98
ORD01259,PROD0042,Data Science Handbook,Books,1,26.6,26.6
ORD01259,PROD0019,Cap,Clothing,1,34.28,34.28
ORD01259,PROD0044,Business Strategy,Books,3,25.81,77.43
ORD01260,PROD0004,USB-C Hub,Electronics,2,33.39,66.78
ORD01260,PROD0010,Tablet Stand,Electronics,2,16.34,32.68
ORD01260,PROD0036,Jump Rope,Sports,2,20.14,40.28
ORD01261,PROD0079,Multivitamins,Food & Grocery,3,20.74,62.22
ORD01262,PROD0069,Science Experiment Kit,Toys,3,27.62,82.86
ORD01263,PROD0005,Webcam,Electronics,3,143.11,429.33
ORD01263,PROD0035,Running Shoes,Sports,1,99.21,99.21
ORD01263,PROD0076,Artisan Pasta,Food & Grocery,3,10.93,32.79
ORD01263,PROD0051,Face Moisturizer,Beauty,2,39.06,78.12
ORD01264,PROD0035,Running Shoes,Sports,3,99.21,297.63
ORD01264,PROD0041,Python Programming,Books,2,41.14,82.28
ORD01264,PROD0020,Scarf,Clothing,2,12.21,24.42
ORD01264,PROD0003,Bluetooth Speaker,Electronics,1,63.0,63.0
ORD01265,PROD0043,ML Engineering Guide,Books,2,29.52,59.04
ORD01266,PROD0050,Graphic Novel,Books,1,18.57,18.57
ORD01267,PROD0061,LEGO Creator Set,Toys,2,99.16,198.32
ORD01268,PROD0026,Cutting Board,Home & Kitchen,2,23.46,46.92
ORD01268,PROD0014,Winter Jacket,Clothing,1,87.84,87.84
ORD01269,PROD0059,Vitamin C Serum,Beauty,1,28.13,28.13
ORD01270,PROD0005,Webcam,Electronics,1,143.11,143.11
ORD01270,PROD0029,LED Desk Lamp,Home & Kitchen,1,80.09,80.09
ORD01270,PROD0056,Hair Conditioner,Beauty,3,28.27,84.81
ORD01270,PROD0070,Plush Stuffed Animal,Toys,3,16.69,50.07
ORD01271,PROD0022,Air Fryer,Home & Kitchen,1,143.78,143.78
ORD01272,PROD0043,ML Engineering Guide,Books,1,29.52,29.52
ORD01272,PROD0054,Foundation,Beauty,1,57.15,57.15
ORD01272,PROD0007,Gaming Mouse,Electronics,3,109.76,329.28
ORD01273,PROD0025,Knife Set,Home & Kitchen,3,144.87,434.61
ORD01273,PROD0028,Storage Organizer,Home & Kitchen,2,24.84,49.68
ORD01274,PROD0051,Face Moisturizer,Beauty,2,39.06,78.12
ORD01274,PROD0067,Card Game Pack,Toys,3,11.89,35.67
ORD01274,PROD0014,Winter Jacket,Clothing,3,87.84,263.52
ORD01274,PROD0073,Matcha Green Tea,Food & Grocery,3,31.91,95.73
ORD01275,PROD0035,Running Shoes,Sports,2,99.21,198.42
ORD01275,PROD0008,Portable Monitor,Electronics,1,144.34,144.34
ORD01275,PROD0025,Knife Set,Home & Kitchen,3,144.87,434.61
ORD01275,PROD0067,Card Game Pack,Toys,3,11.89,35.67
ORD01276,PROD0060,Nail Polish Set,Beauty,1,16.35,16.35
ORD01276,PROD0015,Summer Dress,Clothing,1,67.24,67.24
ORD01276,PROD0050,Graphic Novel,Books,1,18.57,18.57
ORD01276,PROD0033,Resistance Bands,Sports,2,26.09,52.18
ORD01277,PROD0049,Travel Photography,Books,2,39.07,78.14
ORD01277,PROD0070,Plush Stuffed Animal,Toys,1,16.69,16.69
ORD01277,PROD0040,Fitness Tracker,Sports,1,99.28,99.28
ORD01277,PROD0062,Strategy Board Game,Toys,3,43.8,131.4
ORD01278,PROD0053,Lipstick Set,Beauty,1,19.34,19.34
ORD01278,PROD0007,Gaming Mouse,Electronics,2,109.76,219.52
ORD01279,PROD0065,Collectible Doll,Toys,3,52.93,158.79
ORD01279,PROD0034,Water Bottle,Sports,1,49.06,49.06
ORD01279,PROD0035,Running Shoes,Sports,2,99.21,198.42
ORD01279,PROD0015,Summer Dress,Clothing,2,67.24,134.48
ORD01280,PROD0059,Vitamin C Serum,Beauty,3,28.13,84.39
ORD01280,PROD0062,Strategy Board Game,Toys,3,43.8,131.4
ORD01280,PROD0066,RC Racing Car,Toys,2,74.32,148.64
ORD01280,PROD0075,Extra Virgin Olive Oil,Food & Grocery,2,26.39,52.78
ORD01281,PROD0080,Healthy Snack Box,Food & Grocery,3,23.63,70.89
ORD01281,PROD0055,Argan Shampoo,Beauty,1,29.44,29.44
ORD01282,PROD0030,Throw Pillow,Home & Kitchen,1,42.17,42.17
ORD01282,PROD0010,Tablet Stand,Electronics,1,16.34,16.34
ORD01282,PROD0076,Artisan Pasta,Food & Grocery,3,10.93,32.79
ORD01283,PROD0035,Running Shoes,Sports,3,99.21,297.63
ORD01284,PROD0073,Matcha Green Tea,Food & Grocery,2,31.91,63.82
ORD01284,PROD0038,Gym Bag,Sports,2,65.2,130.4
ORD01284,PROD0039,Protein Shaker,Sports,1,31.54,31.54
ORD01284,PROD0044,Business Strategy,Books,1,25.81,25.81
ORD01285,PROD0068,Art & Craft Kit,Toys,1,13.06,13.06
ORD01285,PROD0064,Action Figure,Toys,1,30.54,30.54
ORD01285,PROD0069,Science Experiment Kit,Toys,1,27.62,27.62
ORD01286,PROD0055,Argan Shampoo,Beauty,1,29.44,29.44
ORD01286,PROD0001,Wireless Headphones,Electronics,1,220.67,220.67
ORD01287,PROD0033,Resistance Bands,Sports,3,26.09,78.27
ORD01288,PROD0014,Winter Jacket,Clothing,2,87.84,175.68
ORD01289,PROD0037,Foam Roller,Sports,2,53.18,106.36
ORD01290,PROD0018,Ankle Socks,Clothing,2,13.84,27.68
ORD01290,PROD0058,Eye Cream,Beauty,2,71.04,142.08
ORD01290,PROD0004,USB-C Hub,Electronics,2,33.39,66.78
ORD01290,PROD0072,Premium Coffee Beans,Food & Grocery,3,43.12,129.36
ORD01291,PROD0025,Knife Set,Home & Kitchen,2,144.87,289.74
ORD01291,PROD0067,Card Game Pack,Toys,2,11.89,23.78
ORD01291,PROD0004,USB-C Hub,Electronics,1,33.39,33.39
ORD01291,PROD0039,Protein Shaker,Sports,3,31.54,94.62
ORD01292,PROD0025,Knife Set,Home & Kitchen,1,144.87,144.87
ORD01293,PROD0071,Whey Protein Bar,Food & Grocery,2,22.38,44.76
ORD01293,PROD0017,Running Shorts,Clothing,3,23.82,71.46
ORD01294,PROD0041,Python Programming,Books,2,41.14,82.28
ORD01294,PROD0022,Air Fryer,Home & Kitchen,2,143.78,287.56
ORD01294,PROD0063,1000-Piece Puzzle,Toys,2,26.71,53.42
ORD01294,PROD0014,Winter Jacket,Clothing,3,87.84,263.52
ORD01295,PROD0066,RC Racing Car,Toys,2,74.32,148.64
ORD01295,PROD0052,SPF Sunscreen,Beauty,2,19.96,39.92
ORD01295,PROD0075,Extra Virgin Olive Oil,Food & Grocery,2,26.39,52.78
ORD01295,PROD0014,Winter Jacket,Clothing,3,87.84,263.52
ORD01296,PROD0065,Collectible Doll,Toys,3,52.93,158.79
ORD01296,PROD0001,Wireless Headphones,Electronics,2,220.67,441.34
ORD01296,PROD0050,Graphic Novel,Books,2,18.57,37.14
ORD01296,PROD0024,Toaster,Home & Kitchen,1,29.33,29.33
ORD01297,PROD0012,Jeans,Clothing,1,65.37,65.37
ORD01297,PROD0021,Coffee Maker,Home & Kitchen,2,168.93,337.86
ORD01297,PROD0075,Extra Virgin Olive Oil,Food & Grocery,2,26.39,52.78
ORD01297,PROD0046,Science Fiction Novel,Books,2,13.49,26.98
ORD01298,PROD0012,Jeans,Clothing,2,65.37,130.74
ORD01299,PROD0001,Wireless Headphones,Electronics,1,220.67,220.67
ORD01299,PROD0066,RC Racing Car,Toys,1,74.32,74.32
ORD01299,PROD0027,Mug Set,Home & Kitchen,2,18.25,36.5
ORD01300,PROD0036,Jump Rope,Sports,2,20.14,40.28
ORD01300,PROD0038,Gym Bag,Sports,2,65.2,130.4
ORD01301,PROD0005,Webcam,Electronics,2,143.11,286.22
ORD01301,PROD0037,Foam Roller,Sports,1,53.18,53.18
ORD01302,PROD0032,Adjustable Dumbbells,Sports,3,159.46,478.38
ORD01303,PROD0055,Argan Shampoo,Beauty,2,29.44,58.88
ORD01303,PROD0022,Air Fryer,Home & Kitchen,3,143.78,431.34
ORD01303,PROD0019,Cap,Clothing,2,34.28,68.56
ORD01303,PROD0040,Fitness Tracker,Sports,3,99.28,297.84
ORD01304,PROD0027,Mug Set,Home & Kitchen,2,18.25,36.5
ORD01304,PROD0053,Lipstick Set,Beauty,2,19.34,38.68
ORD01305,PROD0016,Hoodie,Clothing,1,57.25,57.25
ORD01306,PROD0046,Science Fiction Novel,Books,1,13.49,13.49
ORD01306,PROD0079,Multivitamins,Food & Grocery,3,20.74,62.22
ORD01306,PROD0056,Hair Conditioner,Beauty,3,28.27,84.81
ORD01307,PROD0027,Mug Set,Home & Kitchen,1,18.25,18.25
ORD01307,PROD0073,Matcha Green Tea,Food & Grocery,2,31.91,63.82
ORD01307,PROD0021,Coffee Maker,Home & Kitchen,1,168.93,168.93
ORD01307,PROD0003,Bluetooth Speaker,Electronics,1,63.0,63.0
ORD01308,PROD0039,Protein Shaker,Sports,3,31.54,94.62
ORD01308,PROD0009,Phone Case,Electronics,2,22.66,45.32
ORD01308,PROD0032,Adjustable Dumbbells,Sports,3,159.46,478.38
ORD01309,PROD0053,Lipstick Set,Beauty,1,19.34,19.34
ORD01310,PROD0055,Argan Shampoo,Beauty,2,29.44,58.88
ORD01310,PROD0004,USB-C Hub,Electronics,1,33.39,33.39
ORD01310,PROD0072,Premium Coffee Beans,Food & Grocery,1,43.12,43.12
ORD01311,PROD0065,Collectible Doll,Toys,2,52.93,105.86
ORD01311,PROD0021,Coffee Maker,Home & Kitchen,2,168.93,337.86
ORD01312,PROD0037,Foam Roller,Sports,2,53.18,106.36
ORD01312,PROD0074,Granola Mix,Food & Grocery,2,13.35,26.7
ORD01313,PROD0015,Summer Dress,Clothing,1,67.24,67.24
ORD01313,PROD0050,Graphic Novel,Books,2,18.57,37.14
ORD01314,PROD0073,Matcha Green Tea,Food & Grocery,3,31.91,95.73
ORD01314,PROD0069,Science Experiment Kit,Toys,3,27.62,82.86
ORD01314,PROD0019,Cap,Clothing,3,34.28,102.84
ORD01315,PROD0078,Raw Honey,Food & Grocery,3,18.09,54.27
ORD01315,PROD0069,Science Experiment Kit,Toys,2,27.62,55.24
ORD01315,PROD0024,Toaster,Home & Kitchen,2,29.33,58.66
ORD01316,PROD0025,Knife Set,Home & Kitchen,2,144.87,289.74
ORD01316,PROD0046,Science Fiction Novel,Books,3,13.49,40.47
ORD01316,PROD0024,Toaster,Home & Kitchen,2,29.33,58.66
ORD01317,PROD0056,Hair Conditioner,Beauty,2,28.27,56.54
ORD01317,PROD0054,Foundation,Beauty,2,57.15,114.3
ORD01318,PROD0048,World History,Books,2,25.51,51.02
ORD01318,PROD0037,Foam Roller,Sports,3,53.18,159.54
ORD01318,PROD0059,Vitamin C Serum,Beauty,1,28.13,28.13
ORD01319,PROD0042,Data Science Handbook,Books,3,26.6,79.8
ORD01319,PROD0056,Hair Conditioner,Beauty,2,28.27,56.54
ORD01319,PROD0021,Coffee Maker,Home & Kitchen,1,168.93,168.93
ORD01320,PROD0080,Healthy Snack Box,Food & Grocery,3,23.63,70.89
ORD01320,PROD0039,Protein Shaker,Sports,1,31.54,31.54
ORD01320,PROD0065,Collectible Doll,Toys,2,52.93,105.86
ORD01321,PROD0011,T-Shirt,Clothing,3,18.75,56.25
ORD01321,PROD0016,Hoodie,Clothing,1,57.25,57.25
ORD01322,PROD0031,Yoga Mat,Sports,2,68.43,136.86
ORD01322,PROD0001,Wireless Headphones,Electronics,3,220.67,662.01
ORD01322,PROD0043,ML Engineering Guide,Books,2,29.52,59.04
ORD01323,PROD0059,Vitamin C Serum,Beauty,1,28.13,28.13
ORD01323,PROD0076,Artisan Pasta,Food & Grocery,3,10.93,32.79
ORD01323,PROD0020,Scarf,Clothing,2,12.21,24.42
ORD01324,PROD0036,Jump Rope,Sports,2,20.14,40.28
ORD01324,PROD0034,Water Bottle,Sports,1,49.06,49.06
ORD01324,PROD0020,Scarf,Clothing,3,12.21,36.63
ORD01324,PROD0027,Mug Set,Home & Kitchen,3,18.25,54.75
ORD01325,PROD0062,Strategy Board Game,Toys,1,43.8,43.8
ORD01325,PROD0024,Toaster,Home & Kitchen,1,29.33,29.33
ORD01326,PROD0073,Matcha Green Tea,Food & Grocery,3,31.91,95.73
ORD01327,PROD0024,Toaster,Home & Kitchen,3,29.33,87.99
ORD01327,PROD0068,Art & Craft Kit,Toys,2,13.06,26.12
ORD01327,PROD0061,LEGO Creator Set,Toys,1,99.16,99.16
ORD01328,PROD0064,Action Figure,Toys,3,30.54,91.62
ORD01328,PROD0015,Summer Dress,Clothing,1,67.24,67.24
ORD01328,PROD0059,Vitamin C Serum,Beauty,3,28.13,84.39
ORD01328,PROD0061,LEGO Creator Set,Toys,3,99.16,297.48
ORD01329,PROD0007,Gaming Mouse,Electronics,1,109.76,109.76
ORD01329,PROD0022,Air Fryer,Home & Kitchen,1,143.78,143.78
ORD01329,PROD0038,Gym Bag,Sports,1,65.2,65.2
ORD01330,PROD0038,Gym Bag,Sports,1,65.2,65.2
ORD01331,PROD0038,Gym Bag,Sports,1,65.2,65.2
ORD01331,PROD0006,Mechanical Keyboard,Electronics,1,151.5,151.5
ORD01331,PROD0058,Eye Cream,Beauty,3,71.04,213.12
ORD01331,PROD0032,Adjustable Dumbbells,Sports,1,159.46,159.46
ORD01332,PROD0058,Eye Cream,Beauty,2,71.04,142.08
ORD01333,PROD0059,Vitamin C Serum,Beauty,2,28.13,56.26
ORD01334,PROD0024,Toaster,Home & Kitchen,2,29.33,58.66
ORD01334,PROD0011,T-Shirt,Clothing,3,18.75,56.25
ORD01334,PROD0005,Webcam,Electronics,2,143.11,286.22
ORD01335,PROD0006,Mechanical Keyboard,Electronics,2,151.5,303.0
ORD01335,PROD0077,Mixed Nuts Pack,Food & Grocery,3,37.44,112.32
ORD01336,PROD0030,Throw Pillow,Home & Kitchen,2,42.17,84.34
ORD01336,PROD0055,Argan Shampoo,Beauty,2,29.44,58.88
ORD01336,PROD0020,Scarf,Clothing,2,12.21,24.42
ORD01336,PROD0038,Gym Bag,Sports,3,65.2,195.6
ORD01337,PROD0079,Multivitamins,Food & Grocery,1,20.74,20.74
ORD01337,PROD0019,Cap,Clothing,1,34.28,34.28
ORD01338,PROD0079,Multivitamins,Food & Grocery,1,20.74,20.74
ORD01338,PROD0044,Business Strategy,Books,1,25.81,25.81
ORD01339,PROD0038,Gym Bag,Sports,2,65.2,130.4
ORD01339,PROD0079,Multivitamins,Food & Grocery,3,20.74,62.22
ORD01339,PROD0024,Toaster,Home & Kitchen,2,29.33,58.66
ORD01340,PROD0043,ML Engineering Guide,Books,2,29.52,59.04
ORD01340,PROD0063,1000-Piece Puzzle,Toys,1,26.71,26.71
ORD01340,PROD0004,USB-C Hub,Electronics,1,33.39,33.39
ORD01341,PROD0063,1000-Piece Puzzle,Toys,3,26.71,80.13
ORD01341,PROD0021,Coffee Maker,Home & Kitchen,1,168.93,168.93
ORD01342,PROD0053,Lipstick Set,Beauty,1,19.34,19.34
ORD01343,PROD0068,Art & Craft Kit,Toys,1,13.06,13.06
ORD01343,PROD0078,Raw Honey,Food & Grocery,1,18.09,18.09
ORD01343,PROD0008,Portable Monitor,Electronics,1,144.34,144.34
ORD01344,PROD0074,Granola Mix,Food & Grocery,3,13.35,40.05
ORD01344,PROD0033,Resistance Bands,Sports,2,26.09,52.18
ORD01345,PROD0044,Business Strategy,Books,2,25.81,51.62
ORD01345,PROD0068,Art & Craft Kit,Toys,2,13.06,26.12
ORD01345,PROD0026,Cutting Board,Home & Kitchen,3,23.46,70.38
ORD01346,PROD0063,1000-Piece Puzzle,Toys,1,26.71,26.71
ORD01346,PROD0033,Resistance Bands,Sports,2,26.09,52.18
ORD01346,PROD0038,Gym Bag,Sports,3,65.2,195.6
ORD01346,PROD0002,Smart Watch,Electronics,2,110.0,220.0
ORD01347,PROD0003,Bluetooth Speaker,Electronics,1,63.0,63.0
ORD01347,PROD0040,Fitness Tracker,Sports,3,99.28,297.84
ORD01347,PROD0033,Resistance Bands,Sports,2,26.09,52.18
ORD01347,PROD0063,1000-Piece Puzzle,Toys,1,26.71,26.71
ORD01348,PROD0033,Resistance Bands,Sports,1,26.09,26.09
ORD01348,PROD0034,Water Bottle,Sports,2,49.06,98.12
ORD01349,PROD0013,Sneakers,Clothing,3,42.92,128.76
ORD01349,PROD0072,Premium Coffee Beans,Food & Grocery,2,43.12,86.24
ORD01349,PROD0054,Foundation,Beauty,1,57.15,57.15
ORD01350,PROD0066,RC Racing Car,Toys,3,74.32,222.96
ORD01350,PROD0006,Mechanical Keyboard,Electronics,2,151.5,303.0
ORD01350,PROD0024,Toaster,Home & Kitchen,2,29.33,58.66
ORD01351,PROD0050,Graphic Novel,Books,1,18.57,18.57
ORD01351,PROD0074,Granola Mix,Food & Grocery,1,13.35,13.35
ORD01351,PROD0009,Phone Case,Electronics,1,22.66,22.66
ORD01351,PROD0020,Scarf,Clothing,1,12.21,12.21
ORD01352,PROD0043,ML Engineering Guide,Books,1,29.52,29.52
ORD01352,PROD0053,Lipstick Set,Beauty,1,19.34,19.34
ORD01352,PROD0067,Card Game Pack,Toys,2,11.89,23.78
ORD01353,PROD0068,Art & Craft Kit,Toys,1,13.06,13.06
ORD01353,PROD0051,Face Moisturizer,Beauty,2,39.06,78.12
ORD01354,PROD0076,Artisan Pasta,Food & Grocery,3,10.93,32.79
ORD01354,PROD0004,USB-C Hub,Electronics,3,33.39,100.17
ORD01355,PROD0040,Fitness Tracker,Sports,1,99.28,99.28
ORD01355,PROD0038,Gym Bag,Sports,1,65.2,65.2
ORD01356,PROD0044,Business Strategy,Books,2,25.81,51.62
ORD01356,PROD0017,Running Shorts,Clothing,2,23.82,47.64
ORD01357,PROD0032,Adjustable Dumbbells,Sports,1,159.46,159.46
ORD01357,PROD0040,Fitness Tracker,Sports,2,99.28,198.56
ORD01357,PROD0047,Cook Book,Books,2,17.53,35.06
ORD01358,PROD0030,Throw Pillow,Home & Kitchen,3,42.17,126.51
ORD01358,PROD0064,Action Figure,Toys,1,30.54,30.54
ORD01359,PROD0076,Artisan Pasta,Food & Grocery,2,10.93,21.86
ORD01360,PROD0017,Running Shorts,Clothing,3,23.82,71.46
ORD01360,PROD0002,Smart Watch,Electronics,2,110.0,220.0
ORD01361,PROD0065,Collectible Doll,Toys,3,52.93,158.79
ORD01361,PROD0029,LED Desk Lamp,Home & Kitchen,3,80.09,240.27
ORD01361,PROD0064,Action Figure,Toys,3,30.54,91.62
ORD01361,PROD0017,Running Shorts,Clothing,3,23.82,71.46
ORD01362,PROD0063,1000-Piece Puzzle,Toys,3,26.71,80.13
ORD01362,PROD0062,Strategy Board Game,Toys,1,43.8,43.8
ORD01362,PROD0008,Portable Monitor,Electronics,1,144.34,144.34
ORD01362,PROD0023,Blender,Home & Kitchen,3,60.62,181.86
ORD01363,PROD0063,1000-Piece Puzzle,Toys,3,26.71,80.13
ORD01363,PROD0078,Raw Honey,Food & Grocery,3,18.09,54.27
ORD01363,PROD0031,Yoga Mat,Sports,1,68.43,68.43
ORD01364,PROD0059,Vitamin C Serum,Beauty,2,28.13,56.26
ORD01364,PROD0064,Action Figure,Toys,3,30.54,91.62
ORD01364,PROD0017,Running Shorts,Clothing,1,23.82,23.82
ORD01365,PROD0061,LEGO Creator Set,Toys,3,99.16,297.48
ORD01365,PROD0031,Yoga Mat,Sports,1,68.43,68.43
ORD01366,PROD0056,Hair Conditioner,Beauty,2,28.27,56.54
ORD01366,PROD0031,Yoga Mat,Sports,2,68.43,136.86
ORD01366,PROD0011,T-Shirt,Clothing,1,18.75,18.75
ORD01366,PROD0045,Self-Help Bestseller,Books,2,13.44,26.88
ORD01367,PROD0079,Multivitamins,Food & Grocery,1,20.74,20.74
ORD01367,PROD0007,Gaming Mouse,Electronics,1,109.76,109.76
ORD01367,PROD0080,Healthy Snack Box,Food & Grocery,2,23.63,47.26
ORD01368,PROD0011,T-Shirt,Clothing,2,18.75,37.5
ORD01368,PROD0045,Self-Help Bestseller,Books,1,13.44,13.44
ORD01369,PROD0059,Vitamin C Serum,Beauty,1,28.13,28.13
ORD01369,PROD0011,T-Shirt,Clothing,3,18.75,56.25
ORD01370,PROD0014,Winter Jacket,Clothing,1,87.84,87.84
ORD01370,PROD0009,Phone Case,Electronics,1,22.66,22.66
ORD01370,PROD0046,Science Fiction Novel,Books,1,13.49,13.49
ORD01371,PROD0067,Card Game Pack,Toys,2,11.89,23.78
ORD01371,PROD0046,Science Fiction Novel,Books,2,13.49,26.98
ORD01371,PROD0017,Running Shorts,Clothing,2,23.82,47.64
ORD01372,PROD0024,Toaster,Home & Kitchen,2,29.33,58.66
ORD01372,PROD0071,Whey Protein Bar,Food & Grocery,2,22.38,44.76
ORD01373,PROD0013,Sneakers,Clothing,1,42.92,42.92
ORD01373,PROD0049,Travel Photography,Books,1,39.07,39.07
ORD01374,PROD0060,Nail Polish Set,Beauty,3,16.35,49.05
ORD01374,PROD0063,1000-Piece Puzzle,Toys,1,26.71,26.71
ORD01375,PROD0062,Strategy Board Game,Toys,1,43.8,43.8
ORD01375,PROD0049,Travel Photography,Books,1,39.07,39.07
ORD01376,PROD0009,Phone Case,Electronics,1,22.66,22.66
ORD01377,PROD0023,Blender,Home & Kitchen,2,60.62,121.24
ORD01377,PROD0075,Extra Virgin Olive Oil,Food & Grocery,3,26.39,79.17
ORD01377,PROD0043,ML Engineering Guide,Books,1,29.52,29.52
ORD01378,PROD0070,Plush Stuffed Animal,Toys,1,16.69,16.69
ORD01378,PROD0064,Action Figure,Toys,1,30.54,30.54
ORD01379,PROD0043,ML Engineering Guide,Books,1,29.52,29.52
ORD01379,PROD0064,Action Figure,Toys,1,30.54,30.54
ORD01380,PROD0056,Hair Conditioner,Beauty,2,28.27,56.54
ORD01380,PROD0024,Toaster,Home & Kitchen,2,29.33,58.66
ORD01381,PROD0019,Cap,Clothing,2,34.28,68.56
ORD01381,PROD0074,Granola Mix,Food & Grocery,1,13.35,13.35
ORD01381,PROD0072,Premium Coffee Beans,Food & Grocery,3,43.12,129.36
ORD01381,PROD0011,T-Shirt,Clothing,3,18.75,56.25
ORD01382,PROD0011,T-Shirt,Clothing,3,18.75,56.25
ORD01383,PROD0068,Art & Craft Kit,Toys,2,13.06,26.12
ORD01383,PROD0045,Self-Help Bestseller,Books,2,13.44,26.88
ORD01383,PROD0025,Knife Set,Home & Kitchen,1,144.87,144.87
ORD01383,PROD0047,Cook Book,Books,2,17.53,35.06
ORD01384,PROD0056,Hair Conditioner,Beauty,1,28.27,28.27
ORD01384,PROD0065,Collectible Doll,Toys,2,52.93,105.86
ORD01384,PROD0052,SPF Sunscreen,Beauty,3,19.96,59.88
ORD01384,PROD0026,Cutting Board,Home & Kitchen,3,23.46,70.38
ORD01385,PROD0068,Art & Craft Kit,Toys,2,13.06,26.12
ORD01385,PROD0042,Data Science Handbook,Books,1,26.6,26.6
ORD01385,PROD0062,Strategy Board Game,Toys,3,43.8,131.4
ORD01386,PROD0013,Sneakers,Clothing,1,42.92,42.92
ORD01387,PROD0037,Foam Roller,Sports,3,53.18,159.54
ORD01387,PROD0061,LEGO Creator Set,Toys,2,99.16,198.32
ORD01387,PROD0066,RC Racing Car,Toys,1,74.32,74.32
ORD01388,PROD0063,1000-Piece Puzzle,Toys,1,26.71,26.71
ORD01389,PROD0039,Protein Shaker,Sports,1,31.54,31.54
ORD01389,PROD0041,Python Programming,Books,3,41.14,123.42
ORD01390,PROD0058,Eye Cream,Beauty,2,71.04,142.08
ORD01390,PROD0077,Mixed Nuts Pack,Food & Grocery,1,37.44,37.44
ORD01390,PROD0067,Card Game Pack,Toys,1,11.89,11.89
ORD01391,PROD0040,Fitness Tracker,Sports,1,99.28,99.28
ORD01392,PROD0078,Raw Honey,Food & Grocery,3,18.09,54.27
ORD01392,PROD0080,Healthy Snack Box,Food & Grocery,1,23.63,23.63
ORD01392,PROD0052,SPF Sunscreen,Beauty,1,19.96,19.96
ORD01393,PROD0014,Winter Jacket,Clothing,3,87.84,263.52
ORD01393,PROD0066,RC Racing Car,Toys,2,74.32,148.64
ORD01394,PROD0023,Blender,Home & Kitchen,1,60.62,60.62
ORD01394,PROD0003,Bluetooth Speaker,Electronics,3,63.0,189.0
ORD01394,PROD0064,Action Figure,Toys,3,30.54,91.62
ORD01394,PROD0039,Protein Shaker,Sports,1,31.54,31.54
ORD01395,PROD0077,Mixed Nuts Pack,Food & Grocery,2,37.44,74.88
ORD01396,PROD0079,Multivitamins,Food & Grocery,1,20.74,20.74
ORD01396,PROD0032,Adjustable Dumbbells,Sports,3,159.46,478.38
ORD01397,PROD0068,Art & Craft Kit,Toys,2,13.06,26.12
ORD01397,PROD0029,LED Desk Lamp,Home & Kitchen,1,80.09,80.09
ORD01398,PROD0074,Granola Mix,Food & Grocery,1,13.35,13.35
ORD01398,PROD0044,Business Strategy,Books,2,25.81,51.62
ORD01398,PROD0050,Graphic Novel,Books,3,18.57,55.71
ORD01399,PROD0027,Mug Set,Home & Kitchen,2,18.25,36.5
ORD01399,PROD0019,Cap,Clothing,3,34.28,102.84
ORD01399,PROD0040,Fitness Tracker,Sports,3,99.28,297.84
ORD01399,PROD0009,Phone Case,Electronics,2,22.66,45.32
ORD01400,PROD0016,Hoodie,Clothing,2,57.25,114.5
ORD01401,PROD0004,USB-C Hub,Electronics,2,33.39,66.78
ORD01401,PROD0005,Webcam,Electronics,2,143.11,286.22
ORD01401,PROD0046,Science Fiction Novel,Books,2,13.49,26.98
ORD01401,PROD0011,T-Shirt,Clothing,1,18.75,18.75
ORD01402,PROD0001,Wireless Headphones,Electronics,2,220.67,441.34
ORD01402,PROD0056,Hair Conditioner,Beauty,1,28.27,28.27
ORD01403,PROD0010,Tablet Stand,Electronics,2,16.34,32.68
ORD01403,PROD0048,World History,Books,3,25.51,76.53
ORD01403,PROD0034,Water Bottle,Sports,3,49.06,147.18
ORD01403,PROD0067,Card Game Pack,Toys,1,11.89,11.89
ORD01404,PROD0022,Air Fryer,Home & Kitchen,1,143.78,143.78
ORD01404,PROD0050,Graphic Novel,Books,3,18.57,55.71
ORD01404,PROD0062,Strategy Board Game,Toys,2,43.8,87.6
ORD01404,PROD0019,Cap,Clothing,3,34.28,102.84
ORD01405,PROD0058,Eye Cream,Beauty,2,71.04,142.08
ORD01405,PROD0069,Science Experiment Kit,Toys,3,27.62,82.86
ORD01406,PROD0008,Portable Monitor,Electronics,1,144.34,144.34
ORD01407,PROD0037,Foam Roller,Sports,2,53.18,106.36
ORD01407,PROD0054,Foundation,Beauty,3,57.15,171.45
ORD01408,PROD0043,ML Engineering Guide,Books,3,29.52,88.56
ORD01409,PROD0062,Strategy Board Game,Toys,2,43.8,87.6
ORD01409,PROD0031,Yoga Mat,Sports,2,68.43,136.86
ORD01409,PROD0016,Hoodie,Clothing,3,57.25,171.75
ORD01410,PROD0077,Mixed Nuts Pack,Food & Grocery,3,37.44,112.32
ORD01410,PROD0012,Jeans,Clothing,2,65.37,130.74
ORD01410,PROD0022,Air Fryer,Home & Kitchen,3,143.78,431.34
ORD01411,PROD0074,Granola Mix,Food & Grocery,1,13.35,13.35
ORD01411,PROD0042,Data Science Handbook,Books,2,26.6,53.2
ORD01412,PROD0079,Multivitamins,Food & Grocery,3,20.74,62.22
ORD01412,PROD0053,Lipstick Set,Beauty,1,19.34,19.34
ORD01413,PROD0069,Science Experiment Kit,Toys,3,27.62,82.86
ORD01413,PROD0036,Jump Rope,Sports,1,20.14,20.14
ORD01413,PROD0034,Water Bottle,Sports,1,49.06,49.06
ORD01413,PROD0060,Nail Polish Set,Beauty,1,16.35,16.35
ORD01414,PROD0039,Protein Shaker,Sports,1,31.54,31.54
ORD01414,PROD0071,Whey Protein Bar,Food & Grocery,1,22.38,22.38
ORD01415,PROD0063,1000-Piece Puzzle,Toys,1,26.71,26.71
ORD01416,PROD0034,Water Bottle,Sports,3,49.06,147.18
ORD01416,PROD0022,Air Fryer,Home & Kitchen,1,143.78,143.78
ORD01416,PROD0062,Strategy Board Game,Toys,1,43.8,43.8
ORD01416,PROD0019,Cap,Clothing,3,34.28,102.84
ORD01417,PROD0035,Running Shoes,Sports,3,99.21,297.63
ORD01417,PROD0058,Eye Cream,Beauty,3,71.04,213.12
ORD01417,PROD0040,Fitness Tracker,Sports,2,99.28,198.56
ORD01418,PROD0064,Action Figure,Toys,3,30.54,91.62
ORD01419,PROD0032,Adjustable Dumbbells,Sports,2,159.46,318.92
ORD01420,PROD0016,Hoodie,Clothing,2,57.25,114.5
ORD01421,PROD0065,Collectible Doll,Toys,3,52.93,158.79
ORD01421,PROD0024,Toaster,Home & Kitchen,1,29.33,29.33
ORD01421,PROD0052,SPF Sunscreen,Beauty,3,19.96,59.88
ORD01422,PROD0071,Whey Protein Bar,Food & Grocery,3,22.38,67.14
ORD01422,PROD0010,Tablet Stand,Electronics,1,16.34,16.34
ORD01423,PROD0032,Adjustable Dumbbells,Sports,1,159.46,159.46
ORD01423,PROD0040,Fitness Tracker,Sports,3,99.28,297.84
ORD01423,PROD0006,Mechanical Keyboard,Electronics,3,151.5,454.5
ORD01424,PROD0049,Travel Photography,Books,3,39.07,117.21
ORD01424,PROD0057,Perfume,Beauty,2,50.54,101.08
ORD01424,PROD0066,RC Racing Car,Toys,1,74.32,74.32
ORD01425,PROD0001,Wireless Headphones,Electronics,3,220.67,662.01
ORD01425,PROD0011,T-Shirt,Clothing,1,18.75,18.75
ORD01425,PROD0024,Toaster,Home & Kitchen,2,29.33,58.66
ORD01426,PROD0022,Air Fryer,Home & Kitchen,1,143.78,143.78
ORD01427,PROD0053,Lipstick Set,Beauty,1,19.34,19.34
ORD01427,PROD0019,Cap,Clothing,2,34.28,68.56
ORD01428,PROD0032,Adjustable Dumbbells,Sports,3,159.46,478.38
ORD01428,PROD0060,Nail Polish Set,Beauty,2,16.35,32.7
ORD01428,PROD0038,Gym Bag,Sports,1,65.2,65.2
ORD01428,PROD0042,Data Science Handbook,Books,1,26.6,26.6
ORD01429,PROD0041,Python Programming,Books,1,41.14,41.14
ORD01429,PROD0076,Artisan Pasta,Food & Grocery,1,10.93,10.93
ORD01429,PROD0009,Phone Case,Electronics,1,22.66,22.66
ORD01429,PROD0024,Toaster,Home & Kitchen,2,29.33,58.66
ORD01430,PROD0057,Perfume,Beauty,1,50.54,50.54
ORD01430,PROD0048,World History,Books,1,25.51,25.51
ORD01430,PROD0013,Sneakers,Clothing,1,42.92,42.92
ORD01431,PROD0078,Raw Honey,Food & Grocery,1,18.09,18.09
ORD01431,PROD0049,Travel Photography,Books,2,39.07,78.14
ORD01431,PROD0006,Mechanical Keyboard,Electronics,3,151.5,454.5
ORD01431,PROD0038,Gym Bag,Sports,2,65.2,130.4
ORD01432,PROD0042,Data Science Handbook,Books,3,26.6,79.8
ORD01432,PROD0004,USB-C Hub,Electronics,3,33.39,100.17
ORD01432,PROD0048,World History,Books,2,25.51,51.02
ORD01433,PROD0025,Knife Set,Home & Kitchen,1,144.87,144.87
ORD01433,PROD0070,Plush Stuffed Animal,Toys,3,16.69,50.07
ORD01434,PROD0069,Science Experiment Kit,Toys,3,27.62,82.86
ORD01435,PROD0064,Action Figure,Toys,1,30.54,30.54
ORD01435,PROD0045,Self-Help Bestseller,Books,2,13.44,26.88
ORD01436,PROD0039,Protein Shaker,Sports,2,31.54,63.08
ORD01436,PROD0077,Mixed Nuts Pack,Food & Grocery,2,37.44,74.88
ORD01436,PROD0032,Adjustable Dumbbells,Sports,1,159.46,159.46
ORD01437,PROD0077,Mixed Nuts Pack,Food & Grocery,3,37.44,112.32
ORD01437,PROD0002,Smart Watch,Electronics,3,110.0,330.0
ORD01437,PROD0068,Art & Craft Kit,Toys,2,13.06,26.12
ORD01438,PROD0074,Granola Mix,Food & Grocery,1,13.35,13.35
ORD01438,PROD0003,Bluetooth Speaker,Electronics,2,63.0,126.0
ORD01438,PROD0044,Business Strategy,Books,2,25.81,51.62
ORD01439,PROD0048,World History,Books,1,25.51,25.51
ORD01440,PROD0069,Science Experiment Kit,Toys,2,27.62,55.24
ORD01441,PROD0044,Business Strategy,Books,3,25.81,77.43
ORD01441,PROD0066,RC Racing Car,Toys,3,74.32,222.96
ORD01441,PROD0006,Mechanical Keyboard,Electronics,2,151.5,303.0
ORD01441,PROD0042,Data Science Handbook,Books,1,26.6,26.6
ORD01442,PROD0020,Scarf,Clothing,1,12.21,12.21
ORD01442,PROD0064,Action Figure,Toys,3,30.54,91.62
ORD01442,PROD0059,Vitamin C Serum,Beauty,2,28.13,56.26
ORD01443,PROD0057,Perfume,Beauty,2,50.54,101.08
ORD01443,PROD0015,Summer Dress,Clothing,3,67.24,201.72
ORD01443,PROD0038,Gym Bag,Sports,3,65.2,195.6
ORD01443,PROD0071,Whey Protein Bar,Food & Grocery,1,22.38,22.38
ORD01444,PROD0036,Jump Rope,Sports,2,20.14,40.28
ORD01444,PROD0009,Phone Case,Electronics,3,22.66,67.98
ORD01444,PROD0002,Smart Watch,Electronics,3,110.0,330.0
ORD01444,PROD0060,Nail Polish Set,Beauty,1,16.35,16.35
ORD01445,PROD0015,Summer Dress,Clothing,3,67.24,201.72
ORD01445,PROD0004,USB-C Hub,Electronics,3,33.39,100.17
ORD01446,PROD0074,Granola Mix,Food & Grocery,2,13.35,26.7
ORD01446,PROD0004,USB-C Hub,Electronics,1,33.39,33.39
ORD01446,PROD0061,LEGO Creator Set,Toys,2,99.16,198.32
ORD01447,PROD0013,Sneakers,Clothing,2,42.92,85.84
ORD01447,PROD0030,Throw Pillow,Home & Kitchen,2,42.17,84.34
ORD01448,PROD0013,Sneakers,Clothing,2,42.92,85.84
ORD01448,PROD0064,Action Figure,Toys,1,30.54,30.54
ORD01448,PROD0079,Multivitamins,Food & Grocery,1,20.74,20.74
ORD01448,PROD0071,Whey Protein Bar,Food & Grocery,2,22.38,44.76
ORD01449,PROD0030,Throw Pillow,Home & Kitchen,1,42.17,42.17
ORD01449,PROD0071,Whey Protein Bar,Food & Grocery,2,22.38,44.76
ORD01450,PROD0032,Adjustable Dumbbells,Sports,2,159.46,318.92
ORD01451,PROD0043,ML Engineering Guide,Books,3,29.52,88.56
ORD01451,PROD0079,Multivitamins,Food & Grocery,1,20.74,20.74
ORD01451,PROD0066,RC Racing Car,Toys,1,74.32,74.32
ORD01452,PROD0012,Jeans,Clothing,1,65.37,65.37
ORD01452,PROD0073,Matcha Green Tea,Food & Grocery,3,31.91,95.73
ORD01453,PROD0072,Premium Coffee Beans,Food & Grocery,3,43.12,129.36
ORD01453,PROD0026,Cutting Board,Home & Kitchen,3,23.46,70.38
ORD01453,PROD0011,T-Shirt,Clothing,1,18.75,18.75
ORD01454,PROD0015,Summer Dress,Clothing,3,67.24,201.72
ORD01454,PROD0067,Card Game Pack,Toys,2,11.89,23.78
ORD01455,PROD0003,Bluetooth Speaker,Electronics,1,63.0,63.0
ORD01456,PROD0056,Hair Conditioner,Beauty,2,28.27,56.54
ORD01456,PROD0003,Bluetooth Speaker,Electronics,1,63.0,63.0
ORD01456,PROD0013,Sneakers,Clothing,1,42.92,42.92
ORD01457,PROD0057,Perfume,Beauty,3,50.54,151.62
ORD01457,PROD0043,ML Engineering Guide,Books,2,29.52,59.04
ORD01458,PROD0008,Portable Monitor,Electronics,3,144.34,433.02
ORD01458,PROD0021,Coffee Maker,Home & Kitchen,3,168.93,506.79
ORD01458,PROD0062,Strategy Board Game,Toys,3,43.8,131.4
ORD01459,PROD0058,Eye Cream,Beauty,1,71.04,71.04
ORD01459,PROD0033,Resistance Bands,Sports,2,26.09,52.18
ORD01459,PROD0045,Self-Help Bestseller,Books,1,13.44,13.44
ORD01459,PROD0042,Data Science Handbook,Books,2,26.6,53.2
ORD01460,PROD0031,Yoga Mat,Sports,3,68.43,205.29
ORD01460,PROD0066,RC Racing Car,Toys,2,74.32,148.64
ORD01461,PROD0058,Eye Cream,Beauty,3,71.04,213.12
ORD01461,PROD0053,Lipstick Set,Beauty,3,19.34,58.02
ORD01462,PROD0038,Gym Bag,Sports,3,65.2,195.6
ORD01462,PROD0017,Running Shorts,Clothing,1,23.82,23.82
ORD01462,PROD0015,Summer Dress,Clothing,1,67.24,67.24
ORD01463,PROD0077,Mixed Nuts Pack,Food & Grocery,2,37.44,74.88
ORD01463,PROD0021,Coffee Maker,Home & Kitchen,1,168.93,168.93
ORD01463,PROD0067,Card Game Pack,Toys,2,11.89,23.78
ORD01463,PROD0057,Perfume,Beauty,3,50.54,151.62
ORD01464,PROD0015,Summer Dress,Clothing,3,67.24,201.72
ORD01464,PROD0070,Plush Stuffed Animal,Toys,3,16.69,50.07
ORD01464,PROD0080,Healthy Snack Box,Food & Grocery,1,23.63,23.63
ORD01465,PROD0036,Jump Rope,Sports,1,20.14,20.14
ORD01465,PROD0002,Smart Watch,Electronics,1,110.0,110.0
ORD01465,PROD0065,Collectible Doll,Toys,1,52.93,52.93
ORD01466,PROD0078,Raw Honey,Food & Grocery,1,18.09,18.09
ORD01467,PROD0044,Business Strategy,Books,1,25.81,25.81
ORD01468,PROD0054,Foundation,Beauty,3,57.15,171.45
ORD01468,PROD0066,RC Racing Car,Toys,3,74.32,222.96
ORD01468,PROD0052,SPF Sunscreen,Beauty,1,19.96,19.96
ORD01469,PROD0053,Lipstick Set,Beauty,1,19.34,19.34
ORD01469,PROD0034,Water Bottle,Sports,3,49.06,147.18
ORD01470,PROD0080,Healthy Snack Box,Food & Grocery,1,23.63,23.63
ORD01471,PROD0031,Yoga Mat,Sports,1,68.43,68.43
ORD01471,PROD0013,Sneakers,Clothing,1,42.92,42.92
ORD01472,PROD0047,Cook Book,Books,2,17.53,35.06
ORD01473,PROD0006,Mechanical Keyboard,Electronics,3,151.5,454.5
ORD01473,PROD0027,Mug Set,Home & Kitchen,3,18.25,54.75
ORD01473,PROD0055,Argan Shampoo,Beauty,1,29.44,29.44
ORD01474,PROD0035,Running Shoes,Sports,3,99.21,297.63
ORD01474,PROD0002,Smart Watch,Electronics,1,110.0,110.0
ORD01474,PROD0072,Premium Coffee Beans,Food & Grocery,2,43.12,86.24
ORD01475,PROD0047,Cook Book,Books,3,17.53,52.59
ORD01475,PROD0073,Matcha Green Tea,Food & Grocery,2,31.91,63.82
ORD01475,PROD0071,Whey Protein Bar,Food & Grocery,2,22.38,44.76
ORD01475,PROD0052,SPF Sunscreen,Beauty,2,19.96,39.92
ORD01476,PROD0022,Air Fryer,Home & Kitchen,1,143.78,143.78
ORD01477,PROD0036,Jump Rope,Sports,3,20.14,60.42
ORD01478,PROD0067,Card Game Pack,Toys,2,11.89,23.78
ORD01478,PROD0071,Whey Protein Bar,Food & Grocery,3,22.38,67.14
ORD01478,PROD0052,SPF Sunscreen,Beauty,3,19.96,59.88
ORD01479,PROD0029,LED Desk Lamp,Home & Kitchen,2,80.09,160.18
ORD01480,PROD0031,Yoga Mat,Sports,2,68.43,136.86
ORD01480,PROD0009,Phone Case,Electronics,1,22.66,22.66
ORD01480,PROD0052,SPF Sunscreen,Beauty,3,19.96,59.88
ORD01481,PROD0068,Art & Craft Kit,Toys,1,13.06,13.06
ORD01482,PROD0019,Cap,Clothing,1,34.28,34.28
ORD01482,PROD0070,Plush Stuffed Animal,Toys,3,16.69,50.07
ORD01482,PROD0009,Phone Case,Electronics,3,22.66,67.98
ORD01482,PROD0076,Artisan Pasta,Food & Grocery,2,10.93,21.86
ORD01483,PROD0039,Protein Shaker,Sports,3,31.54,94.62
ORD01483,PROD0058,Eye Cream,Beauty,3,71.04,213.12
ORD01483,PROD0073,Matcha Green Tea,Food & Grocery,2,31.91,63.82
ORD01483,PROD0052,SPF Sunscreen,Beauty,1,19.96,19.96
ORD01484,PROD0059,Vitamin C Serum,Beauty,3,28.13,84.39
ORD01484,PROD0034,Water Bottle,Sports,2,49.06,98.12
ORD01484,PROD0047,Cook Book,Books,3,17.53,52.59
ORD01485,PROD0001,Wireless Headphones,Electronics,3,220.67,662.01
ORD01485,PROD0078,Raw Honey,Food & Grocery,2,18.09,36.18
ORD01485,PROD0031,Yoga Mat,Sports,2,68.43,136.86
ORD01485,PROD0035,Running Shoes,Sports,2,99.21,198.42
ORD01486,PROD0066,RC Racing Car,Toys,3,74.32,222.96
ORD01486,PROD0065,Collectible Doll,Toys,1,52.93,52.93
ORD01486,PROD0053,Lipstick Set,Beauty,3,19.34,58.02
ORD01487,PROD0054,Foundation,Beauty,3,57.15,171.45
ORD01487,PROD0050,Graphic Novel,Books,1,18.57,18.57
ORD01487,PROD0044,Business Strategy,Books,1,25.81,25.81
ORD01487,PROD0049,Travel Photography,Books,2,39.07,78.14
ORD01488,PROD0010,Tablet Stand,Electronics,1,16.34,16.34
ORD01488,PROD0066,RC Racing Car,Toys,3,74.32,222.96
ORD01489,PROD0055,Argan Shampoo,Beauty,3,29.44,88.32
ORD01489,PROD0065,Collectible Doll,Toys,2,52.93,105.86
ORD01490,PROD0006,Mechanical Keyboard,Electronics,1,151.5,151.5
ORD01490,PROD0034,Water Bottle,Sports,1,49.06,49.06
ORD01491,PROD0009,Phone Case,Electronics,1,22.66,22.66
ORD01491,PROD0021,Coffee Maker,Home & Kitchen,1,168.93,168.93
ORD01492,PROD0006,Mechanical Keyboard,Electronics,3,151.5,454.5
ORD01492,PROD0033,Resistance Bands,Sports,1,26.09,26.09
ORD01492,PROD0079,Multivitamins,Food & Grocery,1,20.74,20.74
ORD01493,PROD0008,Portable Monitor,Electronics,1,144.34,144.34
ORD01493,PROD0047,Cook Book,Books,3,17.53,52.59
ORD01493,PROD0061,LEGO Creator Set,Toys,2,99.16,198.32
ORD01494,PROD0041,Python Programming,Books,1,41.14,41.14
ORD01494,PROD0049,Travel Photography,Books,2,39.07,78.14
ORD01495,PROD0064,Action Figure,Toys,3,30.54,91.62
ORD01495,PROD0065,Collectible Doll,Toys,3,52.93,158.79
ORD01495,PROD0013,Sneakers,Clothing,3,42.92,128.76
ORD01495,PROD0069,Science Experiment Kit,Toys,1,27.62,27.62
ORD01496,PROD0031,Yoga Mat,Sports,2,68.43,136.86
ORD01497,PROD0049,Travel Photography,Books,1,39.07,39.07
ORD01497,PROD0012,Jeans,Clothing,2,65.37,130.74
ORD01497,PROD0077,Mixed Nuts Pack,Food & Grocery,3,37.44,112.32
ORD01497,PROD0035,Running Shoes,Sports,3,99.21,297.63
ORD01498,PROD0032,Adjustable Dumbbells,Sports,3,159.46,478.38
ORD01498,PROD0064,Action Figure,Toys,3,30.54,91.62
ORD01498,PROD0056,Hair Conditioner,Beauty,3,28.27,84.81
ORD01499,PROD0001,Wireless Headphones,Electronics,3,220.67,662.01
ORD01500,PROD0004,USB-C Hub,Electronics,3,33.39,100.17
ORD01500,PROD0009,Phone Case,Electronics,3,22.66,67.98
ORD01501,PROD0044,Business Strategy,Books,1,25.81,25.81
ORD01501,PROD0022,Air Fryer,Home & Kitchen,3,143.78,431.34
ORD01502,PROD0038,Gym Bag,Sports,1,65.2,65.2
ORD01503,PROD0066,RC Racing Car,Toys,2,74.32,148.64
ORD01503,PROD0030,Throw Pillow,Home & Kitchen,2,42.17,84.34
ORD01504,PROD0078,Raw Honey,Food & Grocery,1,18.09,18.09
ORD01504,PROD0044,Business Strategy,Books,3,25.81,77.43
ORD01504,PROD0016,Hoodie,Clothing,3,57.25,171.75
ORD01504,PROD0028,Storage Organizer,Home & Kitchen,3,24.84,74.52
ORD01505,PROD0057,Perfume,Beauty,3,50.54,151.62
ORD01505,PROD0080,Healthy Snack Box,Food & Grocery,1,23.63,23.63
ORD01506,PROD0039,Protein Shaker,Sports,1,31.54,31.54
ORD01507,PROD0079,Multivitamins,Food & Grocery,1,20.74,20.74
ORD01507,PROD0016,Hoodie,Clothing,3,57.25,171.75
ORD01507,PROD0008,Portable Monitor,Electronics,1,144.34,144.34
ORD01508,PROD0020,Scarf,Clothing,1,12.21,12.21
ORD01508,PROD0056,Hair Conditioner,Beauty,3,28.27,84.81
ORD01508,PROD0009,Phone Case,Electronics,2,22.66,45.32
ORD01509,PROD0076,Artisan Pasta,Food & Grocery,1,10.93,10.93
ORD01509,PROD0053,Lipstick Set,Beauty,1,19.34,19.34
ORD01510,PROD0008,Portable Monitor,Electronics,3,144.34,433.02
ORD01510,PROD0021,Coffee Maker,Home & Kitchen,1,168.93,168.93
ORD01510,PROD0018,Ankle Socks,Clothing,2,13.84,27.68
ORD01511,PROD0012,Jeans,Clothing,2,65.37,130.74
ORD01511,PROD0064,Action Figure,Toys,1,30.54,30.54
ORD01512,PROD0054,Foundation,Beauty,3,57.15,171.45
ORD01512,PROD0035,Running Shoes,Sports,3,99.21,297.63
ORD01513,PROD0079,Multivitamins,Food & Grocery,2,20.74,41.48
ORD01514,PROD0034,Water Bottle,Sports,2,49.06,98.12
ORD01514,PROD0046,Science Fiction Novel,Books,3,13.49,40.47
ORD01515,PROD0061,LEGO Creator Set,Toys,3,99.16,297.48
ORD01515,PROD0071,Whey Protein Bar,Food & Grocery,3,22.38,67.14
ORD01516,PROD0066,RC Racing Car,Toys,1,74.32,74.32
ORD01517,PROD0029,LED Desk Lamp,Home & Kitchen,2,80.09,160.18
ORD01517,PROD0052,SPF Sunscreen,Beauty,3,19.96,59.88
ORD01517,PROD0032,Adjustable Dumbbells,Sports,3,159.46,478.38
ORD01517,PROD0034,Water Bottle,Sports,2,49.06,98.12
ORD01518,PROD0060,Nail Polish Set,Beauty,2,16.35,32.7
ORD01518,PROD0025,Knife Set,Home & Kitchen,2,144.87,289.74
ORD01519,PROD0011,T-Shirt,Clothing,1,18.75,18.75
ORD01519,PROD0080,Healthy Snack Box,Food & Grocery,1,23.63,23.63
ORD01520,PROD0073,Matcha Green Tea,Food & Grocery,3,31.91,95.73
ORD01520,PROD0056,Hair Conditioner,Beauty,3,28.27,84.81
ORD01521,PROD0020,Scarf,Clothing,3,12.21,36.63
ORD01521,PROD0068,Art & Craft Kit,Toys,1,13.06,13.06
ORD01521,PROD0012,Jeans,Clothing,1,65.37,65.37
ORD01521,PROD0057,Perfume,Beauty,2,50.54,101.08
ORD01522,PROD0079,Multivitamins,Food & Grocery,3,20.74,62.22
ORD01522,PROD0060,Nail Polish Set,Beauty,1,16.35,16.35
ORD01522,PROD0021,Coffee Maker,Home & Kitchen,3,168.93,506.79
ORD01522,PROD0055,Argan Shampoo,Beauty,2,29.44,58.88
ORD01523,PROD0030,Throw Pillow,Home & Kitchen,3,42.17,126.51
ORD01524,PROD0007,Gaming Mouse,Electronics,1,109.76,109.76
ORD01524,PROD0050,Graphic Novel,Books,2,18.57,37.14
ORD01524,PROD0080,Healthy Snack Box,Food & Grocery,2,23.63,47.26
ORD01524,PROD0031,Yoga Mat,Sports,1,68.43,68.43
ORD01525,PROD0065,Collectible Doll,Toys,2,52.93,105.86
ORD01525,PROD0042,Data Science Handbook,Books,3,26.6,79.8
ORD01526,PROD0007,Gaming Mouse,Electronics,1,109.76,109.76
ORD01526,PROD0020,Scarf,Clothing,1,12.21,12.21
ORD01526,PROD0035,Running Shoes,Sports,1,99.21,99.21
ORD01527,PROD0070,Plush Stuffed Animal,Toys,1,16.69,16.69
ORD01527,PROD0003,Bluetooth Speaker,Electronics,3,63.0,189.0
ORD01528,PROD0067,Card Game Pack,Toys,1,11.89,11.89
ORD01528,PROD0059,Vitamin C Serum,Beauty,1,28.13,28.13
ORD01529,PROD0034,Water Bottle,Sports,1,49.06,49.06
ORD01529,PROD0035,Running Shoes,Sports,3,99.21,297.63
ORD01530,PROD0070,Plush Stuffed Animal,Toys,2,16.69,33.38
ORD01530,PROD0015,Summer Dress,Clothing,1,67.24,67.24
ORD01531,PROD0071,Whey Protein Bar,Food & Grocery,3,22.38,67.14
ORD01531,PROD0030,Throw Pillow,Home & Kitchen,3,42.17,126.51
ORD01531,PROD0053,Lipstick Set,Beauty,3,19.34,58.02
ORD01531,PROD0057,Perfume,Beauty,1,50.54,50.54
ORD01532,PROD0009,Phone Case,Electronics,2,22.66,45.32
ORD01532,PROD0052,SPF Sunscreen,Beauty,3,19.96,59.88
ORD01532,PROD0035,Running Shoes,Sports,3,99.21,297.63
ORD01532,PROD0049,Travel Photography,Books,3,39.07,117.21
ORD01533,PROD0049,Travel Photography,Books,2,39.07,78.14
ORD01534,PROD0076,Artisan Pasta,Food & Grocery,2,10.93,21.86
ORD01534,PROD0049,Travel Photography,Books,2,39.07,78.14
ORD01534,PROD0019,Cap,Clothing,1,34.28,34.28
ORD01534,PROD0017,Running Shorts,Clothing,3,23.82,71.46
ORD01535,PROD0008,Portable Monitor,Electronics,2,144.34,288.68
ORD01536,PROD0034,Water Bottle,Sports,3,49.06,147.18
ORD01536,PROD0068,Art & Craft Kit,Toys,1,13.06,13.06
ORD01536,PROD0056,Hair Conditioner,Beauty,1,28.27,28.27
ORD01537,PROD0015,Summer Dress,Clothing,3,67.24,201.72
ORD01538,PROD0013,Sneakers,Clothing,1,42.92,42.92
ORD01538,PROD0062,Strategy Board Game,Toys,1,43.8,43.8
ORD01538,PROD0058,Eye Cream,Beauty,3,71.04,213.12
ORD01539,PROD0067,Card Game Pack,Toys,2,11.89,23.78
ORD01539,PROD0061,LEGO Creator Set,Toys,3,99.16,297.48
ORD01540,PROD0076,Artisan Pasta,Food & Grocery,2,10.93,21.86
ORD01540,PROD0006,Mechanical Keyboard,Electronics,1,151.5,151.5
ORD01540,PROD0061,LEGO Creator Set,Toys,2,99.16,198.32
ORD01540,PROD0004,USB-C Hub,Electronics,3,33.39,100.17
ORD01541,PROD0016,Hoodie,Clothing,2,57.25,114.5
ORD01542,PROD0024,Toaster,Home & Kitchen,3,29.33,87.99
ORD01542,PROD0038,Gym Bag,Sports,3,65.2,195.6
ORD01542,PROD0014,Winter Jacket,Clothing,3,87.84,263.52
ORD01542,PROD0002,Smart Watch,Electronics,1,110.0,110.0
ORD01543,PROD0077,Mixed Nuts Pack,Food & Grocery,2,37.44,74.88
ORD01543,PROD0023,Blender,Home & Kitchen,3,60.62,181.86
ORD01543,PROD0007,Gaming Mouse,Electronics,2,109.76,219.52
ORD01544,PROD0057,Perfume,Beauty,3,50.54,151.62
ORD01544,PROD0080,Healthy Snack Box,Food & Grocery,3,23.63,70.89
ORD01545,PROD0078,Raw Honey,Food & Grocery,3,18.09,54.27
ORD01546,PROD0079,Multivitamins,Food & Grocery,3,20.74,62.22
ORD01546,PROD0041,Python Programming,Books,2,41.14,82.28
ORD01547,PROD0072,Premium Coffee Beans,Food & Grocery,2,43.12,86.24
ORD01547,PROD0041,Python Programming,Books,3,41.14,123.42
ORD01547,PROD0042,Data Science Handbook,Books,2,26.6,53.2
ORD01547,PROD0005,Webcam,Electronics,3,143.11,429.33
ORD01548,PROD0025,Knife Set,Home & Kitchen,1,144.87,144.87
ORD01548,PROD0010,Tablet Stand,Electronics,3,16.34,49.02
ORD01548,PROD0019,Cap,Clothing,2,34.28,68.56
ORD01548,PROD0027,Mug Set,Home & Kitchen,3,18.25,54.75
ORD01549,PROD0078,Raw Honey,Food & Grocery,1,18.09,18.09
ORD01550,PROD0055,Argan Shampoo,Beauty,2,29.44,58.88
ORD01550,PROD0006,Mechanical Keyboard,Electronics,1,151.5,151.5
ORD01550,PROD0052,SPF Sunscreen,Beauty,2,19.96,39.92
ORD01551,PROD0070,Plush Stuffed Animal,Toys,2,16.69,33.38
ORD01551,PROD0041,Python Programming,Books,2,41.14,82.28
ORD01552,PROD0045,Self-Help Bestseller,Books,3,13.44,40.32
ORD01552,PROD0004,USB-C Hub,Electronics,2,33.39,66.78
ORD01553,PROD0045,Self-Help Bestseller,Books,3,13.44,40.32
ORD01553,PROD0001,Wireless Headphones,Electronics,3,220.67,662.01
ORD01553,PROD0049,Travel Photography,Books,1,39.07,39.07
ORD01553,PROD0069,Science Experiment Kit,Toys,2,27.62,55.24
ORD01554,PROD0052,SPF Sunscreen,Beauty,1,19.96,19.96
ORD01554,PROD0058,Eye Cream,Beauty,3,71.04,213.12
ORD01554,PROD0036,Jump Rope,Sports,3,20.14,60.42
ORD01555,PROD0013,Sneakers,Clothing,2,42.92,85.84
ORD01556,PROD0061,LEGO Creator Set,Toys,3,99.16,297.48
ORD01556,PROD0080,Healthy Snack Box,Food & Grocery,2,23.63,47.26
ORD01556,PROD0071,Whey Protein Bar,Food & Grocery,1,22.38,22.38
ORD01557,PROD0004,USB-C Hub,Electronics,2,33.39,66.78
ORD01557,PROD0036,Jump Rope,Sports,3,20.14,60.42
ORD01557,PROD0068,Art & Craft Kit,Toys,2,13.06,26.12
ORD01557,PROD0006,Mechanical Keyboard,Electronics,1,151.5,151.5
ORD01558,PROD0055,Argan Shampoo,Beauty,3,29.44,88.32
ORD01558,PROD0026,Cutting Board,Home & Kitchen,3,23.46,70.38
ORD01558,PROD0027,Mug Set,Home & Kitchen,2,18.25,36.5
ORD01558,PROD0033,Resistance Bands,Sports,2,26.09,52.18
ORD01559,PROD0002,Smart Watch,Electronics,3,110.0,330.0
ORD01560,PROD0068,Art & Craft Kit,Toys,3,13.06,39.18
ORD01561,PROD0027,Mug Set,Home & Kitchen,2,18.25,36.5
ORD01561,PROD0038,Gym Bag,Sports,3,65.2,195.6
ORD01561,PROD0040,Fitness Tracker,Sports,3,99.28,297.84
ORD01561,PROD0001,Wireless Headphones,Electronics,2,220.67,441.34
ORD01562,PROD0077,Mixed Nuts Pack,Food & Grocery,3,37.44,112.32
ORD01562,PROD0062,Strategy Board Game,Toys,2,43.8,87.6
ORD01562,PROD0036,Jump Rope,Sports,3,20.14,60.42
ORD01563,PROD0029,LED Desk Lamp,Home & Kitchen,2,80.09,160.18
ORD01563,PROD0033,Resistance Bands,Sports,2,26.09,52.18
ORD01563,PROD0032,Adjustable Dumbbells,Sports,1,159.46,159.46
ORD01564,PROD0016,Hoodie,Clothing,3,57.25,171.75
ORD01564,PROD0052,SPF Sunscreen,Beauty,3,19.96,59.88
ORD01565,PROD0065,Collectible Doll,Toys,1,52.93,52.93
ORD01565,PROD0033,Resistance Bands,Sports,2,26.09,52.18
ORD01565,PROD0053,Lipstick Set,Beauty,2,19.34,38.68
ORD01566,PROD0024,Toaster,Home & Kitchen,2,29.33,58.66
ORD01566,PROD0005,Webcam,Electronics,2,143.11,286.22
ORD01567,PROD0027,Mug Set,Home & Kitchen,1,18.25,18.25
ORD01567,PROD0041,Python Programming,Books,2,41.14,82.28
ORD01567,PROD0004,USB-C Hub,Electronics,3,33.39,100.17
ORD01568,PROD0015,Summer Dress,Clothing,2,67.24,134.48
ORD01569,PROD0038,Gym Bag,Sports,3,65.2,195.6
ORD01569,PROD0002,Smart Watch,Electronics,3,110.0,330.0
ORD01569,PROD0019,Cap,Clothing,1,34.28,34.28
ORD01570,PROD0021,Coffee Maker,Home & Kitchen,2,168.93,337.86
ORD01570,PROD0056,Hair Conditioner,Beauty,2,28.27,56.54
ORD01570,PROD0073,Matcha Green Tea,Food & Grocery,1,31.91,31.91
ORD01571,PROD0057,Perfume,Beauty,3,50.54,151.62
ORD01571,PROD0053,Lipstick Set,Beauty,3,19.34,58.02
ORD01572,PROD0021,Coffee Maker,Home & Kitchen,1,168.93,168.93
ORD01572,PROD0065,Collectible Doll,Toys,2,52.93,105.86
ORD01572,PROD0049,Travel Photography,Books,1,39.07,39.07
ORD01572,PROD0028,Storage Organizer,Home & Kitchen,1,24.84,24.84
ORD01573,PROD0025,Knife Set,Home & Kitchen,1,144.87,144.87
ORD01574,PROD0023,Blender,Home & Kitchen,1,60.62,60.62
ORD01574,PROD0057,Perfume,Beauty,2,50.54,101.08
ORD01574,PROD0018,Ankle Socks,Clothing,1,13.84,13.84
ORD01574,PROD0024,Toaster,Home & Kitchen,2,29.33,58.66
ORD01575,PROD0006,Mechanical Keyboard,Electronics,2,151.5,303.0
ORD01575,PROD0032,Adjustable Dumbbells,Sports,3,159.46,478.38
ORD01575,PROD0019,Cap,Clothing,3,34.28,102.84
ORD01575,PROD0044,Business Strategy,Books,1,25.81,25.81
ORD01576,PROD0056,Hair Conditioner,Beauty,3,28.27,84.81
ORD01577,PROD0066,RC Racing Car,Toys,2,74.32,148.64
ORD01577,PROD0078,Raw Honey,Food & Grocery,3,18.09,54.27
ORD01578,PROD0015,Summer Dress,Clothing,2,67.24,134.48
ORD01578,PROD0074,Granola Mix,Food & Grocery,3,13.35,40.05
ORD01578,PROD0079,Multivitamins,Food & Grocery,1,20.74,20.74
ORD01579,PROD0069,Science Experiment Kit,Toys,1,27.62,27.62
ORD01579,PROD0011,T-Shirt,Clothing,3,18.75,56.25
ORD01580,PROD0019,Cap,Clothing,3,34.28,102.84
ORD01580,PROD0041,Python Programming,Books,1,41.14,41.14
ORD01581,PROD0042,Data Science Handbook,Books,2,26.6,53.2
ORD01581,PROD0073,Matcha Green Tea,Food & Grocery,2,31.91,63.82
ORD01581,PROD0075,Extra Virgin Olive Oil,Food & Grocery,3,26.39,79.17
ORD01582,PROD0017,Running Shorts,Clothing,3,23.82,71.46
ORD01582,PROD0016,Hoodie,Clothing,3,57.25,171.75
ORD01583,PROD0019,Cap,Clothing,2,34.28,68.56
ORD01583,PROD0061,LEGO Creator Set,Toys,3,99.16,297.48
ORD01583,PROD0059,Vitamin C Serum,Beauty,1,28.13,28.13
ORD01583,PROD0070,Plush Stuffed Animal,Toys,3,16.69,50.07
ORD01584,PROD0046,Science Fiction Novel,Books,2,13.49,26.98
ORD01584,PROD0030,Throw Pillow,Home & Kitchen,1,42.17,42.17
ORD01584,PROD0064,Action Figure,Toys,1,30.54,30.54
ORD01585,PROD0058,Eye Cream,Beauty,2,71.04,142.08
ORD01585,PROD0064,Action Figure,Toys,2,30.54,61.08
ORD01586,PROD0068,Art & Craft Kit,Toys,1,13.06,13.06
ORD01587,PROD0048,World History,Books,1,25.51,25.51
ORD01588,PROD0026,Cutting Board,Home & Kitchen,3,23.46,70.38
ORD01589,PROD0026,Cutting Board,Home & Kitchen,3,23.46,70.38
ORD01589,PROD0066,RC Racing Car,Toys,2,74.32,148.64
ORD01589,PROD0024,Toaster,Home & Kitchen,3,29.33,87.99
ORD01590,PROD0074,Granola Mix,Food & Grocery,1,13.35,13.35
ORD01590,PROD0073,Matcha Green Tea,Food & Grocery,3,31.91,95.73
ORD01590,PROD0001,Wireless Headphones,Electronics,3,220.67,662.01
ORD01590,PROD0079,Multivitamins,Food & Grocery,2,20.74,41.48
ORD01591,PROD0024,Toaster,Home & Kitchen,1,29.33,29.33
ORD01591,PROD0064,Action Figure,Toys,2,30.54,61.08
ORD01592,PROD0053,Lipstick Set,Beauty,2,19.34,38.68
ORD01592,PROD0075,Extra Virgin Olive Oil,Food & Grocery,1,26.39,26.39
ORD01592,PROD0033,Resistance Bands,Sports,3,26.09,78.27
ORD01592,PROD0041,Python Programming,Books,2,41.14,82.28
ORD01593,PROD0038,Gym Bag,Sports,2,65.2,130.4
ORD01593,PROD0044,Business Strategy,Books,3,25.81,77.43
ORD01594,PROD0011,T-Shirt,Clothing,2,18.75,37.5
ORD01594,PROD0028,Storage Organizer,Home & Kitchen,2,24.84,49.68
ORD01594,PROD0080,Healthy Snack Box,Food & Grocery,3,23.63,70.89
ORD01595,PROD0075,Extra Virgin Olive Oil,Food & Grocery,3,26.39,79.17
ORD01596,PROD0006,Mechanical Keyboard,Electronics,3,151.5,454.5
ORD01596,PROD0014,Winter Jacket,Clothing,1,87.84,87.84
ORD01596,PROD0032,Adjustable Dumbbells,Sports,3,159.46,478.38
ORD01596,PROD0075,Extra Virgin Olive Oil,Food & Grocery,1,26.39,26.39
ORD01597,PROD0054,Foundation,Beauty,1,57.15,57.15
ORD01597,PROD0029,LED Desk Lamp,Home & Kitchen,2,80.09,160.18
ORD01597,PROD0050,Graphic Novel,Books,3,18.57,55.71
ORD01597,PROD0072,Premium Coffee Beans,Food & Grocery,1,43.12,43.12
ORD01598,PROD0041,Python Programming,Books,1,41.14,41.14
ORD01599,PROD0068,Art & Craft Kit,Toys,2,13.06,26.12
ORD01599,PROD0080,Healthy Snack Box,Food & Grocery,2,23.63,47.26
ORD01600,PROD0011,T-Shirt,Clothing,1,18.75,18.75
ORD01601,PROD0043,ML Engineering Guide,Books,2,29.52,59.04
ORD01601,PROD0006,Mechanical Keyboard,Electronics,2,151.5,303.0
ORD01602,PROD0002,Smart Watch,Electronics,2,110.0,220.0
ORD01602,PROD0063,1000-Piece Puzzle,Toys,1,26.71,26.71
ORD01602,PROD0035,Running Shoes,Sports,3,99.21,297.63
ORD01603,PROD0026,Cutting Board,Home & Kitchen,2,23.46,46.92
ORD01604,PROD0035,Running Shoes,Sports,2,99.21,198.42
ORD01604,PROD0044,Business Strategy,Books,3,25.81,77.43
ORD01604,PROD0045,Self-Help Bestseller,Books,2,13.44,26.88
ORD01604,PROD0020,Scarf,Clothing,2,12.21,24.42
ORD01605,PROD0021,Coffee Maker,Home & Kitchen,2,168.93,337.86
ORD01605,PROD0075,Extra Virgin Olive Oil,Food & Grocery,1,26.39,26.39
ORD01605,PROD0040,Fitness Tracker,Sports,2,99.28,198.56
ORD01605,PROD0016,Hoodie,Clothing,1,57.25,57.25
ORD01606,PROD0037,Foam Roller,Sports,1,53.18,53.18
ORD01606,PROD0055,Argan Shampoo,Beauty,1,29.44,29.44
ORD01606,PROD0044,Business Strategy,Books,1,25.81,25.81
ORD01606,PROD0050,Graphic Novel,Books,2,18.57,37.14
ORD01607,PROD0049,Travel Photography,Books,3,39.07,117.21
ORD01607,PROD0062,Strategy Board Game,Toys,3,43.8,131.4
ORD01607,PROD0037,Foam Roller,Sports,2,53.18,106.36
ORD01608,PROD0005,Webcam,Electronics,1,143.11,143.11
ORD01608,PROD0014,Winter Jacket,Clothing,2,87.84,175.68
ORD01608,PROD0026,Cutting Board,Home & Kitchen,2,23.46,46.92
ORD01608,PROD0028,Storage Organizer,Home & Kitchen,1,24.84,24.84
ORD01609,PROD0002,Smart Watch,Electronics,1,110.0,110.0
ORD01609,PROD0064,Action Figure,Toys,1,30.54,30.54
ORD01610,PROD0011,T-Shirt,Clothing,2,18.75,37.5
ORD01611,PROD0021,Coffee Maker,Home & Kitchen,1,168.93,168.93
ORD01611,PROD0012,Jeans,Clothing,3,65.37,196.11
ORD01612,PROD0003,Bluetooth Speaker,Electronics,2,63.0,126.0
ORD01612,PROD0030,Throw Pillow,Home & Kitchen,1,42.17,42.17
ORD01612,PROD0016,Hoodie,Clothing,2,57.25,114.5
ORD01613,PROD0013,Sneakers,Clothing,2,42.92,85.84
ORD01613,PROD0002,Smart Watch,Electronics,2,110.0,220.0
ORD01613,PROD0055,Argan Shampoo,Beauty,2,29.44,58.88
ORD01613,PROD0034,Water Bottle,Sports,2,49.06,98.12
ORD01614,PROD0069,Science Experiment Kit,Toys,3,27.62,82.86
ORD01614,PROD0022,Air Fryer,Home & Kitchen,2,143.78,287.56
ORD01614,PROD0032,Adjustable Dumbbells,Sports,2,159.46,318.92
ORD01615,PROD0071,Whey Protein Bar,Food & Grocery,3,22.38,67.14
ORD01615,PROD0077,Mixed Nuts Pack,Food & Grocery,2,37.44,74.88
ORD01616,PROD0010,Tablet Stand,Electronics,1,16.34,16.34
ORD01616,PROD0009,Phone Case,Electronics,1,22.66,22.66
ORD01616,PROD0024,Toaster,Home & Kitchen,1,29.33,29.33
ORD01617,PROD0065,Collectible Doll,Toys,2,52.93,105.86
ORD01617,PROD0006,Mechanical Keyboard,Electronics,1,151.5,151.5
ORD01618,PROD0013,Sneakers,Clothing,1,42.92,42.92
ORD01618,PROD0055,Argan Shampoo,Beauty,1,29.44,29.44
ORD01618,PROD0036,Jump Rope,Sports,2,20.14,40.28
ORD01618,PROD0043,ML Engineering Guide,Books,2,29.52,59.04
ORD01619,PROD0066,RC Racing Car,Toys,1,74.32,74.32
ORD01619,PROD0038,Gym Bag,Sports,1,65.2,65.2
ORD01619,PROD0073,Matcha Green Tea,Food & Grocery,1,31.91,31.91
ORD01620,PROD0060,Nail Polish Set,Beauty,1,16.35,16.35
ORD01621,PROD0046,Science Fiction Novel,Books,2,13.49,26.98
ORD01621,PROD0077,Mixed Nuts Pack,Food & Grocery,1,37.44,37.44
ORD01622,PROD0020,Scarf,Clothing,1,12.21,12.21
ORD01622,PROD0021,Coffee Maker,Home & Kitchen,1,168.93,168.93
ORD01623,PROD0002,Smart Watch,Electronics,1,110.0,110.0
ORD01623,PROD0053,Lipstick Set,Beauty,3,19.34,58.02
ORD01623,PROD0069,Science Experiment Kit,Toys,1,27.62,27.62
ORD01623,PROD0063,1000-Piece Puzzle,Toys,3,26.71,80.13
ORD01624,PROD0021,Coffee Maker,Home & Kitchen,2,168.93,337.86
ORD01624,PROD0005,Webcam,Electronics,1,143.11,143.11
ORD01624,PROD0030,Throw Pillow,Home & Kitchen,2,42.17,84.34
ORD01624,PROD0070,Plush Stuffed Animal,Toys,2,16.69,33.38
ORD01625,PROD0038,Gym Bag,Sports,3,65.2,195.6
ORD01625,PROD0040,Fitness Tracker,Sports,2,99.28,198.56
ORD01626,PROD0008,Portable Monitor,Electronics,3,144.34,433.02
ORD01626,PROD0040,Fitness Tracker,Sports,3,99.28,297.84
ORD01626,PROD0046,Science Fiction Novel,Books,2,13.49,26.98
ORD01627,PROD0022,Air Fryer,Home & Kitchen,1,143.78,143.78
ORD01627,PROD0071,Whey Protein Bar,Food & Grocery,1,22.38,22.38
ORD01627,PROD0017,Running Shorts,Clothing,3,23.82,71.46
ORD01628,PROD0030,Throw Pillow,Home & Kitchen,1,42.17,42.17
ORD01628,PROD0005,Webcam,Electronics,3,143.11,429.33
ORD01628,PROD0009,Phone Case,Electronics,2,22.66,45.32
ORD01629,PROD0006,Mechanical Keyboard,Electronics,3,151.5,454.5
ORD01629,PROD0058,Eye Cream,Beauty,2,71.04,142.08
ORD01630,PROD0021,Coffee Maker,Home & Kitchen,2,168.93,337.86
ORD01631,PROD0017,Running Shorts,Clothing,3,23.82,71.46
ORD01632,PROD0030,Throw Pillow,Home & Kitchen,2,42.17,84.34
ORD01632,PROD0065,Collectible Doll,Toys,2,52.93,105.86
ORD01632,PROD0027,Mug Set,Home & Kitchen,3,18.25,54.75
ORD01633,PROD0001,Wireless Headphones,Electronics,2,220.67,441.34
ORD01634,PROD0061,LEGO Creator Set,Toys,1,99.16,99.16
ORD01635,PROD0071,Whey Protein Bar,Food & Grocery,1,22.38,22.38
ORD01635,PROD0031,Yoga Mat,Sports,3,68.43,205.29
ORD01635,PROD0074,Granola Mix,Food & Grocery,3,13.35,40.05
ORD01636,PROD0074,Granola Mix,Food & Grocery,2,13.35,26.7
ORD01637,PROD0002,Smart Watch,Electronics,3,110.0,330.0
ORD01637,PROD0048,World History,Books,1,25.51,25.51
ORD01637,PROD0034,Water Bottle,Sports,2,49.06,98.12
ORD01638,PROD0009,Phone Case,Electronics,2,22.66,45.32
ORD01638,PROD0033,Resistance Bands,Sports,2,26.09,52.18
ORD01638,PROD0012,Jeans,Clothing,2,65.37,130.74
ORD01638,PROD0004,USB-C Hub,Electronics,2,33.39,66.78
ORD01639,PROD0077,Mixed Nuts Pack,Food & Grocery,2,37.44,74.88
ORD01639,PROD0057,Perfume,Beauty,3,50.54,151.62
ORD01640,PROD0038,Gym Bag,Sports,2,65.2,130.4
ORD01640,PROD0028,Storage Organizer,Home & Kitchen,1,24.84,24.84
ORD01641,PROD0050,Graphic Novel,Books,2,18.57,37.14
ORD01641,PROD0021,Coffee Maker,Home & Kitchen,3,168.93,506.79
ORD01641,PROD0010,Tablet Stand,Electronics,3,16.34,49.02
ORD01642,PROD0009,Phone Case,Electronics,1,22.66,22.66
ORD01642,PROD0058,Eye Cream,Beauty,2,71.04,142.08
ORD01642,PROD0001,Wireless Headphones,Electronics,1,220.67,220.67
ORD01643,PROD0008,Portable Monitor,Electronics,3,144.34,433.02
ORD01643,PROD0007,Gaming Mouse,Electronics,2,109.76,219.52
ORD01643,PROD0061,LEGO Creator Set,Toys,3,99.16,297.48
ORD01644,PROD0040,Fitness Tracker,Sports,1,99.28,99.28
ORD01644,PROD0014,Winter Jacket,Clothing,2,87.84,175.68
ORD01644,PROD0030,Throw Pillow,Home & Kitchen,2,42.17,84.34
ORD01644,PROD0069,Science Experiment Kit,Toys,3,27.62,82.86
ORD01645,PROD0020,Scarf,Clothing,1,12.21,12.21
ORD01645,PROD0003,Bluetooth Speaker,Electronics,2,63.0,126.0
ORD01646,PROD0029,LED Desk Lamp,Home & Kitchen,2,80.09,160.18
ORD01646,PROD0052,SPF Sunscreen,Beauty,3,19.96,59.88
ORD01647,PROD0033,Resistance Bands,Sports,1,26.09,26.09
ORD01648,PROD0016,Hoodie,Clothing,1,57.25,57.25
ORD01648,PROD0071,Whey Protein Bar,Food & Grocery,3,22.38,67.14
ORD01649,PROD0051,Face Moisturizer,Beauty,2,39.06,78.12
ORD01649,PROD0077,Mixed Nuts Pack,Food & Grocery,1,37.44,37.44
ORD01650,PROD0052,SPF Sunscreen,Beauty,3,19.96,59.88
ORD01651,PROD0039,Protein Shaker,Sports,1,31.54,31.54
ORD01651,PROD0068,Art & Craft Kit,Toys,3,13.06,39.18
ORD01652,PROD0018,Ankle Socks,Clothing,2,13.84,27.68
ORD01652,PROD0021,Coffee Maker,Home & Kitchen,1,168.93,168.93
ORD01653,PROD0067,Card Game Pack,Toys,3,11.89,35.67
ORD01653,PROD0080,Healthy Snack Box,Food & Grocery,3,23.63,70.89
ORD01653,PROD0005,Webcam,Electronics,1,143.11,143.11
ORD01653,PROD0012,Jeans,Clothing,3,65.37,196.11
ORD01654,PROD0046,Science Fiction Novel,Books,2,13.49,26.98
ORD01655,PROD0011,T-Shirt,Clothing,2,18.75,37.5
ORD01655,PROD0009,Phone Case,Electronics,3,22.66,67.98
ORD01656,PROD0056,Hair Conditioner,Beauty,1,28.27,28.27
ORD01656,PROD0012,Jeans,Clothing,1,65.37,65.37
ORD01656,PROD0007,Gaming Mouse,Electronics,2,109.76,219.52
ORD01656,PROD0019,Cap,Clothing,3,34.28,102.84
ORD01657,PROD0024,Toaster,Home & Kitchen,1,29.33,29.33
ORD01657,PROD0003,Bluetooth Speaker,Electronics,2,63.0,126.0
ORD01657,PROD0021,Coffee Maker,Home & Kitchen,3,168.93,506.79
ORD01657,PROD0073,Matcha Green Tea,Food & Grocery,1,31.91,31.91
ORD01658,PROD0042,Data Science Handbook,Books,1,26.6,26.6
ORD01658,PROD0045,Self-Help Bestseller,Books,1,13.44,13.44
ORD01658,PROD0027,Mug Set,Home & Kitchen,2,18.25,36.5
ORD01659,PROD0056,Hair Conditioner,Beauty,2,28.27,56.54
ORD01659,PROD0019,Cap,Clothing,2,34.28,68.56
ORD01659,PROD0051,Face Moisturizer,Beauty,3,39.06,117.18
ORD01660,PROD0001,Wireless Headphones,Electronics,2,220.67,441.34
ORD01660,PROD0023,Blender,Home & Kitchen,3,60.62,181.86
ORD01661,PROD0064,Action Figure,Toys,2,30.54,61.08
ORD01661,PROD0022,Air Fryer,Home & Kitchen,3,143.78,431.34
ORD01662,PROD0004,USB-C Hub,Electronics,1,33.39,33.39
ORD01663,PROD0054,Foundation,Beauty,2,57.15,114.3
ORD01664,PROD0052,SPF Sunscreen,Beauty,3,19.96,59.88
ORD01664,PROD0006,Mechanical Keyboard,Electronics,2,151.5,303.0
ORD01664,PROD0075,Extra Virgin Olive Oil,Food & Grocery,1,26.39,26.39
ORD01664,PROD0070,Plush Stuffed Animal,Toys,2,16.69,33.38
ORD01665,PROD0011,T-Shirt,Clothing,2,18.75,37.5
ORD01665,PROD0023,Blender,Home & Kitchen,2,60.62,121.24
ORD01665,PROD0080,Healthy Snack Box,Food & Grocery,1,23.63,23.63
ORD01666,PROD0070,Plush Stuffed Animal,Toys,2,16.69,33.38
ORD01666,PROD0046,Science Fiction Novel,Books,3,13.49,40.47
ORD01666,PROD0073,Matcha Green Tea,Food & Grocery,2,31.91,63.82
ORD01666,PROD0043,ML Engineering Guide,Books,1,29.52,29.52
ORD01667,PROD0056,Hair Conditioner,Beauty,3,28.27,84.81
ORD01667,PROD0018,Ankle Socks,Clothing,1,13.84,13.84
ORD01667,PROD0039,Protein Shaker,Sports,2,31.54,63.08
ORD01667,PROD0053,Lipstick Set,Beauty,1,19.34,19.34
ORD01668,PROD0013,Sneakers,Clothing,2,42.92,85.84
ORD01668,PROD0043,ML Engineering Guide,Books,1,29.52,29.52
ORD01669,PROD0057,Perfume,Beauty,2,50.54,101.08
ORD01669,PROD0016,Hoodie,Clothing,3,57.25,171.75
ORD01669,PROD0028,Storage Organizer,Home & Kitchen,2,24.84,49.68
ORD01670,PROD0065,Collectible Doll,Toys,2,52.93,105.86
ORD01670,PROD0069,Science Experiment Kit,Toys,1,27.62,27.62
ORD01670,PROD0058,Eye Cream,Beauty,3,71.04,213.12
ORD01671,PROD0042,Data Science Handbook,Books,3,26.6,79.8
ORD01672,PROD0072,Premium Coffee Beans,Food & Grocery,1,43.12,43.12
ORD01673,PROD0080,Healthy Snack Box,Food & Grocery,3,23.63,70.89
ORD01674,PROD0071,Whey Protein Bar,Food & Grocery,2,22.38,44.76
ORD01674,PROD0029,LED Desk Lamp,Home & Kitchen,1,80.09,80.09
ORD01674,PROD0035,Running Shoes,Sports,3,99.21,297.63
ORD01675,PROD0009,Phone Case,Electronics,3,22.66,67.98
ORD01676,PROD0055,Argan Shampoo,Beauty,3,29.44,88.32
ORD01676,PROD0033,Resistance Bands,Sports,3,26.09,78.27
ORD01677,PROD0034,Water Bottle,Sports,1,49.06,49.06
ORD01677,PROD0054,Foundation,Beauty,1,57.15,57.15
ORD01677,PROD0040,Fitness Tracker,Sports,3,99.28,297.84
ORD01678,PROD0079,Multivitamins,Food & Grocery,3,20.74,62.22
ORD01679,PROD0079,Multivitamins,Food & Grocery,3,20.74,62.22
ORD01679,PROD0064,Action Figure,Toys,3,30.54,91.62
ORD01679,PROD0044,Business Strategy,Books,2,25.81,51.62
ORD01679,PROD0072,Premium Coffee Beans,Food & Grocery,2,43.12,86.24
ORD01680,PROD0012,Jeans,Clothing,3,65.37,196.11
ORD01680,PROD0030,Throw Pillow,Home & Kitchen,2,42.17,84.34
ORD01681,PROD0066,RC Racing Car,Toys,2,74.32,148.64
ORD01681,PROD0012,Jeans,Clothing,3,65.37,196.11
ORD01681,PROD0067,Card Game Pack,Toys,3,11.89,35.67
ORD01681,PROD0007,Gaming Mouse,Electronics,3,109.76,329.28
ORD01682,PROD0038,Gym Bag,Sports,3,65.2,195.6
ORD01682,PROD0072,Premium Coffee Beans,Food & Grocery,3,43.12,129.36
ORD01682,PROD0030,Throw Pillow,Home & Kitchen,3,42.17,126.51
ORD01683,PROD0047,Cook Book,Books,3,17.53,52.59
ORD01683,PROD0035,Running Shoes,Sports,2,99.21,198.42
ORD01683,PROD0030,Throw Pillow,Home & Kitchen,2,42.17,84.34
ORD01683,PROD0040,Fitness Tracker,Sports,1,99.28,99.28
ORD01684,PROD0023,Blender,Home & Kitchen,2,60.62,121.24
ORD01684,PROD0033,Resistance Bands,Sports,2,26.09,52.18
ORD01684,PROD0004,USB-C Hub,Electronics,3,33.39,100.17
ORD01685,PROD0058,Eye Cream,Beauty,3,71.04,213.12
ORD01685,PROD0072,Premium Coffee Beans,Food & Grocery,1,43.12,43.12
ORD01685,PROD0053,Lipstick Set,Beauty,3,19.34,58.02
ORD01686,PROD0043,ML Engineering Guide,Books,3,29.52,88.56
ORD01687,PROD0011,T-Shirt,Clothing,1,18.75,18.75
ORD01688,PROD0018,Ankle Socks,Clothing,1,13.84,13.84
ORD01688,PROD0002,Smart Watch,Electronics,2,110.0,220.0
ORD01689,PROD0017,Running Shorts,Clothing,3,23.82,71.46
ORD01689,PROD0012,Jeans,Clothing,3,65.37,196.11
ORD01689,PROD0042,Data Science Handbook,Books,3,26.6,79.8
ORD01689,PROD0022,Air Fryer,Home & Kitchen,3,143.78,431.34
ORD01690,PROD0073,Matcha Green Tea,Food & Grocery,1,31.91,31.91
ORD01691,PROD0009,Phone Case,Electronics,3,22.66,67.98
ORD01691,PROD0016,Hoodie,Clothing,3,57.25,171.75
ORD01691,PROD0063,1000-Piece Puzzle,Toys,1,26.71,26.71
ORD01692,PROD0045,Self-Help Bestseller,Books,1,13.44,13.44
ORD01692,PROD0080,Healthy Snack Box,Food & Grocery,2,23.63,47.26
ORD01692,PROD0006,Mechanical Keyboard,Electronics,1,151.5,151.5
ORD01692,PROD0017,Running Shorts,Clothing,2,23.82,47.64
ORD01693,PROD0043,ML Engineering Guide,Books,2,29.52,59.04
ORD01693,PROD0046,Science Fiction Novel,Books,2,13.49,26.98
ORD01693,PROD0021,Coffee Maker,Home & Kitchen,1,168.93,168.93
ORD01694,PROD0052,SPF Sunscreen,Beauty,1,19.96,19.96
ORD01694,PROD0074,Granola Mix,Food & Grocery,2,13.35,26.7
ORD01694,PROD0024,Toaster,Home & Kitchen,2,29.33,58.66
ORD01695,PROD0020,Scarf,Clothing,3,12.21,36.63
ORD01695,PROD0025,Knife Set,Home & Kitchen,2,144.87,289.74
ORD01696,PROD0058,Eye Cream,Beauty,1,71.04,71.04
ORD01697,PROD0020,Scarf,Clothing,3,12.21,36.63
ORD01697,PROD0014,Winter Jacket,Clothing,1,87.84,87.84
ORD01698,PROD0013,Sneakers,Clothing,1,42.92,42.92
ORD01699,PROD0060,Nail Polish Set,Beauty,2,16.35,32.7
ORD01699,PROD0063,1000-Piece Puzzle,Toys,3,26.71,80.13
ORD01699,PROD0014,Winter Jacket,Clothing,1,87.84,87.84
ORD01700,PROD0004,USB-C Hub,Electronics,3,33.39,100.17
ORD01701,PROD0063,1000-Piece Puzzle,Toys,3,26.71,80.13
ORD01701,PROD0075,Extra Virgin Olive Oil,Food & Grocery,2,26.39,52.78
ORD01702,PROD0045,Self-Help Bestseller,Books,2,13.44,26.88
ORD01703,PROD0019,Cap,Clothing,3,34.28,102.84
ORD01703,PROD0072,Premium Coffee Beans,Food & Grocery,1,43.12,43.12
ORD01703,PROD0009,Phone Case,Electronics,1,22.66,22.66
ORD01704,PROD0028,Storage Organizer,Home & Kitchen,1,24.84,24.84
ORD01704,PROD0007,Gaming Mouse,Electronics,2,109.76,219.52
ORD01705,PROD0078,Raw Honey,Food & Grocery,3,18.09,54.27
ORD01705,PROD0071,Whey Protein Bar,Food & Grocery,1,22.38,22.38
ORD01705,PROD0077,Mixed Nuts Pack,Food & Grocery,2,37.44,74.88
ORD01705,PROD0043,ML Engineering Guide,Books,2,29.52,59.04
ORD01706,PROD0021,Coffee Maker,Home & Kitchen,3,168.93,506.79
ORD01706,PROD0078,Raw Honey,Food & Grocery,2,18.09,36.18
ORD01707,PROD0008,Portable Monitor,Electronics,3,144.34,433.02
ORD01707,PROD0076,Artisan Pasta,Food & Grocery,1,10.93,10.93
ORD01707,PROD0047,Cook Book,Books,1,17.53,17.53
ORD01707,PROD0031,Yoga Mat,Sports,2,68.43,136.86
ORD01708,PROD0007,Gaming Mouse,Electronics,3,109.76,329.28
ORD01709,PROD0069,Science Experiment Kit,Toys,3,27.62,82.86
ORD01709,PROD0011,T-Shirt,Clothing,3,18.75,56.25
ORD01709,PROD0038,Gym Bag,Sports,3,65.2,195.6
ORD01710,PROD0075,Extra Virgin Olive Oil,Food & Grocery,3,26.39,79.17
ORD01711,PROD0023,Blender,Home & Kitchen,3,60.62,181.86
ORD01711,PROD0059,Vitamin C Serum,Beauty,1,28.13,28.13
ORD01711,PROD0047,Cook Book,Books,3,17.53,52.59
ORD01711,PROD0080,Healthy Snack Box,Food & Grocery,2,23.63,47.26
ORD01712,PROD0035,Running Shoes,Sports,1,99.21,99.21
ORD01712,PROD0011,T-Shirt,Clothing,3,18.75,56.25
ORD01713,PROD0080,Healthy Snack Box,Food & Grocery,1,23.63,23.63
ORD01713,PROD0003,Bluetooth Speaker,Electronics,3,63.0,189.0
ORD01713,PROD0047,Cook Book,Books,3,17.53,52.59
ORD01713,PROD0050,Graphic Novel,Books,1,18.57,18.57
ORD01714,PROD0032,Adjustable Dumbbells,Sports,3,159.46,478.38
ORD01715,PROD0016,Hoodie,Clothing,3,57.25,171.75
ORD01715,PROD0025,Knife Set,Home & Kitchen,1,144.87,144.87
ORD01716,PROD0009,Phone Case,Electronics,1,22.66,22.66
ORD01717,PROD0063,1000-Piece Puzzle,Toys,3,26.71,80.13
ORD01717,PROD0023,Blender,Home & Kitchen,2,60.62,121.24
ORD01718,PROD0009,Phone Case,Electronics,1,22.66,22.66
ORD01718,PROD0047,Cook Book,Books,3,17.53,52.59
ORD01718,PROD0041,Python Programming,Books,2,41.14,82.28
ORD01719,PROD0003,Bluetooth Speaker,Electronics,1,63.0,63.0
ORD01719,PROD0059,Vitamin C Serum,Beauty,1,28.13,28.13
ORD01719,PROD0058,Eye Cream,Beauty,3,71.04,213.12
ORD01720,PROD0033,Resistance Bands,Sports,1,26.09,26.09
ORD01720,PROD0028,Storage Organizer,Home & Kitchen,3,24.84,74.52
ORD01720,PROD0072,Premium Coffee Beans,Food & Grocery,1,43.12,43.12
ORD01720,PROD0001,Wireless Headphones,Electronics,3,220.67,662.01
ORD01721,PROD0011,T-Shirt,Clothing,3,18.75,56.25
ORD01721,PROD0061,LEGO Creator Set,Toys,1,99.16,99.16
ORD01721,PROD0029,LED Desk Lamp,Home & Kitchen,3,80.09,240.27
ORD01722,PROD0035,Running Shoes,Sports,1,99.21,99.21
ORD01723,PROD0075,Extra Virgin Olive Oil,Food & Grocery,2,26.39,52.78
ORD01723,PROD0067,Card Game Pack,Toys,1,11.89,11.89
ORD01723,PROD0017,Running Shorts,Clothing,1,23.82,23.82
ORD01724,PROD0058,Eye Cream,Beauty,1,71.04,71.04
ORD01724,PROD0046,Science Fiction Novel,Books,3,13.49,40.47
ORD01724,PROD0008,Portable Monitor,Electronics,2,144.34,288.68
ORD01725,PROD0009,Phone Case,Electronics,2,22.66,45.32
ORD01725,PROD0035,Running Shoes,Sports,1,99.21,99.21
ORD01726,PROD0042,Data Science Handbook,Books,3,26.6,79.8
ORD01726,PROD0038,Gym Bag,Sports,3,65.2,195.6
ORD01726,PROD0027,Mug Set,Home & Kitchen,2,18.25,36.5
ORD01727,PROD0013,Sneakers,Clothing,2,42.92,85.84
ORD01727,PROD0063,1000-Piece Puzzle,Toys,2,26.71,53.42
ORD01728,PROD0075,Extra Virgin Olive Oil,Food & Grocery,2,26.39,52.78
ORD01728,PROD0037,Foam Roller,Sports,1,53.18,53.18
ORD01729,PROD0034,Water Bottle,Sports,3,49.06,147.18
ORD01729,PROD0031,Yoga Mat,Sports,2,68.43,136.86
ORD01730,PROD0040,Fitness Tracker,Sports,3,99.28,297.84
ORD01730,PROD0067,Card Game Pack,Toys,1,11.89,11.89
ORD01730,PROD0024,Toaster,Home & Kitchen,1,29.33,29.33
ORD01730,PROD0049,Travel Photography,Books,2,39.07,78.14
ORD01731,PROD0058,Eye Cream,Beauty,3,71.04,213.12
ORD01731,PROD0004,USB-C Hub,Electronics,1,33.39,33.39
ORD01732,PROD0059,Vitamin C Serum,Beauty,3,28.13,84.39
ORD01733,PROD0010,Tablet Stand,Electronics,3,16.34,49.02
ORD01733,PROD0045,Self-Help Bestseller,Books,2,13.44,26.88
ORD01733,PROD0035,Running Shoes,Sports,2,99.21,198.42
ORD01734,PROD0005,Webcam,Electronics,2,143.11,286.22
ORD01735,PROD0024,Toaster,Home & Kitchen,2,29.33,58.66
ORD01735,PROD0044,Business Strategy,Books,3,25.81,77.43
ORD01735,PROD0002,Smart Watch,Electronics,1,110.0,110.0
ORD01736,PROD0023,Blender,Home & Kitchen,3,60.62,181.86
ORD01737,PROD0054,Foundation,Beauty,2,57.15,114.3
ORD01737,PROD0041,Python Programming,Books,2,41.14,82.28
ORD01737,PROD0057,Perfume,Beauty,1,50.54,50.54
ORD01738,PROD0011,T-Shirt,Clothing,3,18.75,56.25
ORD01738,PROD0019,Cap,Clothing,1,34.28,34.28
ORD01738,PROD0060,Nail Polish Set,Beauty,2,16.35,32.7
ORD01738,PROD0073,Matcha Green Tea,Food & Grocery,2,31.91,63.82
ORD01739,PROD0056,Hair Conditioner,Beauty,1,28.27,28.27
ORD01740,PROD0021,Coffee Maker,Home & Kitchen,2,168.93,337.86
ORD01740,PROD0016,Hoodie,Clothing,1,57.25,57.25
ORD01740,PROD0061,LEGO Creator Set,Toys,2,99.16,198.32
ORD01740,PROD0063,1000-Piece Puzzle,Toys,3,26.71,80.13
ORD01741,PROD0025,Knife Set,Home & Kitchen,3,144.87,434.61
ORD01742,PROD0014,Winter Jacket,Clothing,3,87.84,263.52
ORD01742,PROD0045,Self-Help Bestseller,Books,1,13.44,13.44
ORD01743,PROD0036,Jump Rope,Sports,2,20.14,40.28
ORD01743,PROD0030,Throw Pillow,Home & Kitchen,1,42.17,42.17
ORD01743,PROD0033,Resistance Bands,Sports,2,26.09,52.18
ORD01743,PROD0024,Toaster,Home & Kitchen,1,29.33,29.33
ORD01744,PROD0066,RC Racing Car,Toys,3,74.32,222.96
ORD01744,PROD0037,Foam Roller,Sports,3,53.18,159.54
ORD01745,PROD0013,Sneakers,Clothing,3,42.92,128.76
ORD01745,PROD0032,Adjustable Dumbbells,Sports,2,159.46,318.92
ORD01745,PROD0021,Coffee Maker,Home & Kitchen,2,168.93,337.86
ORD01745,PROD0019,Cap,Clothing,1,34.28,34.28
ORD01746,PROD0044,Business Strategy,Books,1,25.81,25.81
ORD01746,PROD0071,Whey Protein Bar,Food & Grocery,2,22.38,44.76
ORD01746,PROD0043,ML Engineering Guide,Books,1,29.52,29.52
ORD01747,PROD0072,Premium Coffee Beans,Food & Grocery,2,43.12,86.24
ORD01748,PROD0024,Toaster,Home & Kitchen,2,29.33,58.66
ORD01748,PROD0023,Blender,Home & Kitchen,1,60.62,60.62
ORD01748,PROD0041,Python Programming,Books,3,41.14,123.42
ORD01749,PROD0053,Lipstick Set,Beauty,1,19.34,19.34
ORD01749,PROD0003,Bluetooth Speaker,Electronics,1,63.0,63.0
ORD01749,PROD0079,Multivitamins,Food & Grocery,1,20.74,20.74
ORD01749,PROD0043,ML Engineering Guide,Books,3,29.52,88.56
ORD01750,PROD0044,Business Strategy,Books,2,25.81,51.62
ORD01750,PROD0079,Multivitamins,Food & Grocery,3,20.74,62.22
ORD01750,PROD0031,Yoga Mat,Sports,1,68.43,68.43
ORD01750,PROD0014,Winter Jacket,Clothing,2,87.84,175.68
ORD01751,PROD0038,Gym Bag,Sports,2,65.2,130.4
ORD01751,PROD0005,Webcam,Electronics,2,143.11,286.22
ORD01751,PROD0078,Raw Honey,Food & Grocery,1,18.09,18.09
ORD01752,PROD0007,Gaming Mouse,Electronics,1,109.76,109.76
ORD01752,PROD0037,Foam Roller,Sports,1,53.18,53.18
ORD01752,PROD0004,USB-C Hub,Electronics,1,33.39,33.39
ORD01753,PROD0002,Smart Watch,Electronics,1,110.0,110.0
ORD01754,PROD0037,Foam Roller,Sports,1,53.18,53.18
ORD01754,PROD0067,Card Game Pack,Toys,1,11.89,11.89
ORD01754,PROD0039,Protein Shaker,Sports,2,31.54,63.08
ORD01754,PROD0062,Strategy Board Game,Toys,1,43.8,43.8
ORD01755,PROD0012,Jeans,Clothing,2,65.37,130.74
ORD01755,PROD0014,Winter Jacket,Clothing,1,87.84,87.84
ORD01755,PROD0019,Cap,Clothing,2,34.28,68.56
ORD01755,PROD0036,Jump Rope,Sports,1,20.14,20.14
ORD01756,PROD0035,Running Shoes,Sports,2,99.21,198.42
ORD01757,PROD0004,USB-C Hub,Electronics,3,33.39,100.17
ORD01757,PROD0080,Healthy Snack Box,Food & Grocery,2,23.63,47.26
ORD01757,PROD0016,Hoodie,Clothing,2,57.25,114.5
ORD01758,PROD0033,Resistance Bands,Sports,3,26.09,78.27
ORD01759,PROD0056,Hair Conditioner,Beauty,3,28.27,84.81
ORD01759,PROD0009,Phone Case,Electronics,2,22.66,45.32
ORD01760,PROD0032,Adjustable Dumbbells,Sports,1,159.46,159.46
ORD01760,PROD0006,Mechanical Keyboard,Electronics,3,151.5,454.5
ORD01761,PROD0076,Artisan Pasta,Food & Grocery,3,10.93,32.79
ORD01761,PROD0040,Fitness Tracker,Sports,1,99.28,99.28
ORD01761,PROD0073,Matcha Green Tea,Food & Grocery,2,31.91,63.82
ORD01761,PROD0067,Card Game Pack,Toys,2,11.89,23.78
ORD01762,PROD0057,Perfume,Beauty,2,50.54,101.08
ORD01762,PROD0003,Bluetooth Speaker,Electronics,3,63.0,189.0
ORD01762,PROD0009,Phone Case,Electronics,3,22.66,67.98
ORD01762,PROD0024,Toaster,Home & Kitchen,3,29.33,87.99
ORD01763,PROD0031,Yoga Mat,Sports,3,68.43,205.29
ORD01764,PROD0008,Portable Monitor,Electronics,1,144.34,144.34
ORD01764,PROD0037,Foam Roller,Sports,3,53.18,159.54
ORD01765,PROD0017,Running Shorts,Clothing,3,23.82,71.46
ORD01765,PROD0015,Summer Dress,Clothing,3,67.24,201.72
ORD01765,PROD0002,Smart Watch,Electronics,2,110.0,220.0
ORD01766,PROD0072,Premium Coffee Beans,Food & Grocery,2,43.12,86.24
ORD01766,PROD0041,Python Programming,Books,2,41.14,82.28
ORD01766,PROD0034,Water Bottle,Sports,1,49.06,49.06
ORD01767,PROD0043,ML Engineering Guide,Books,2,29.52,59.04
ORD01767,PROD0063,1000-Piece Puzzle,Toys,3,26.71,80.13
ORD01768,PROD0067,Card Game Pack,Toys,1,11.89,11.89
ORD01768,PROD0059,Vitamin C Serum,Beauty,2,28.13,56.26
ORD01768,PROD0043,ML Engineering Guide,Books,1,29.52,29.52
ORD01768,PROD0071,Whey Protein Bar,Food & Grocery,2,22.38,44.76
ORD01769,PROD0049,Travel Photography,Books,1,39.07,39.07
ORD01769,PROD0044,Business Strategy,Books,1,25.81,25.81
ORD01769,PROD0041,Python Programming,Books,3,41.14,123.42
ORD01770,PROD0063,1000-Piece Puzzle,Toys,3,26.71,80.13
ORD01770,PROD0032,Adjustable Dumbbells,Sports,3,159.46,478.38
ORD01770,PROD0077,Mixed Nuts Pack,Food & Grocery,1,37.44,37.44
ORD01770,PROD0056,Hair Conditioner,Beauty,1,28.27,28.27
ORD01771,PROD0004,USB-C Hub,Electronics,2,33.39,66.78
ORD01771,PROD0040,Fitness Tracker,Sports,3,99.28,297.84
ORD01771,PROD0067,Card Game Pack,Toys,1,11.89,11.89
ORD01771,PROD0005,Webcam,Electronics,1,143.11,143.11
ORD01772,PROD0064,Action Figure,Toys,1,30.54,30.54
ORD01772,PROD0021,Coffee Maker,Home & Kitchen,3,168.93,506.79
ORD01772,PROD0072,Premium Coffee Beans,Food & Grocery,3,43.12,129.36
ORD01773,PROD0067,Card Game Pack,Toys,3,11.89,35.67
ORD01774,PROD0075,Extra Virgin Olive Oil,Food & Grocery,1,26.39,26.39
ORD01774,PROD0019,Cap,Clothing,3,34.28,102.84
ORD01774,PROD0055,Argan Shampoo,Beauty,2,29.44,58.88
ORD01774,PROD0063,1000-Piece Puzzle,Toys,2,26.71,53.42
ORD01775,PROD0045,Self-Help Bestseller,Books,3,13.44,40.32
ORD01775,PROD0048,World History,Books,1,25.51,25.51
ORD01775,PROD0071,Whey Protein Bar,Food & Grocery,3,22.38,67.14
ORD01776,PROD0028,Storage Organizer,Home & Kitchen,1,24.84,24.84
ORD01776,PROD0031,Yoga Mat,Sports,2,68.43,136.86
ORD01777,PROD0026,Cutting Board,Home & Kitchen,2,23.46,46.92
ORD01777,PROD0051,Face Moisturizer,Beauty,2,39.06,78.12
ORD01777,PROD0012,Jeans,Clothing,1,65.37,65.37
ORD01778,PROD0004,USB-C Hub,Electronics,1,33.39,33.39
ORD01778,PROD0067,Card Game Pack,Toys,1,11.89,11.89
ORD01778,PROD0061,LEGO Creator Set,Toys,3,99.16,297.48
ORD01779,PROD0077,Mixed Nuts Pack,Food & Grocery,3,37.44,112.32
ORD01780,PROD0026,Cutting Board,Home & Kitchen,3,23.46,70.38
ORD01781,PROD0011,T-Shirt,Clothing,2,18.75,37.5
ORD01782,PROD0052,SPF Sunscreen,Beauty,3,19.96,59.88
ORD01782,PROD0063,1000-Piece Puzzle,Toys,3,26.71,80.13
ORD01783,PROD0076,Artisan Pasta,Food & Grocery,1,10.93,10.93
ORD01783,PROD0007,Gaming Mouse,Electronics,1,109.76,109.76
ORD01783,PROD0065,Collectible Doll,Toys,3,52.93,158.79
ORD01783,PROD0003,Bluetooth Speaker,Electronics,1,63.0,63.0
ORD01784,PROD0012,Jeans,Clothing,1,65.37,65.37
ORD01784,PROD0027,Mug Set,Home & Kitchen,2,18.25,36.5
ORD01784,PROD0047,Cook Book,Books,2,17.53,35.06
ORD01784,PROD0059,Vitamin C Serum,Beauty,1,28.13,28.13
ORD01785,PROD0015,Summer Dress,Clothing,2,67.24,134.48
ORD01786,PROD0060,Nail Polish Set,Beauty,3,16.35,49.05
ORD01787,PROD0007,Gaming Mouse,Electronics,1,109.76,109.76
ORD01787,PROD0038,Gym Bag,Sports,1,65.2,65.2
ORD01788,PROD0004,USB-C Hub,Electronics,3,33.39,100.17
ORD01789,PROD0001,Wireless Headphones,Electronics,2,220.67,441.34
ORD01789,PROD0077,Mixed Nuts Pack,Food & Grocery,2,37.44,74.88
ORD01789,PROD0073,Matcha Green Tea,Food & Grocery,1,31.91,31.91
ORD01790,PROD0071,Whey Protein Bar,Food & Grocery,2,22.38,44.76
ORD01791,PROD0039,Protein Shaker,Sports,1,31.54,31.54
ORD01791,PROD0058,Eye Cream,Beauty,1,71.04,71.04
ORD01791,PROD0072,Premium Coffee Beans,Food & Grocery,1,43.12,43.12
ORD01792,PROD0040,Fitness Tracker,Sports,3,99.28,297.84
ORD01792,PROD0045,Self-Help Bestseller,Books,3,13.44,40.32
ORD01792,PROD0041,Python Programming,Books,3,41.14,123.42
ORD01792,PROD0050,Graphic Novel,Books,2,18.57,37.14
ORD01793,PROD0001,Wireless Headphones,Electronics,3,220.67,662.01
ORD01794,PROD0009,Phone Case,Electronics,1,22.66,22.66
ORD01794,PROD0035,Running Shoes,Sports,2,99.21,198.42
ORD01795,PROD0063,1000-Piece Puzzle,Toys,1,26.71,26.71
ORD01795,PROD0057,Perfume,Beauty,3,50.54,151.62
ORD01795,PROD0023,Blender,Home & Kitchen,3,60.62,181.86
ORD01796,PROD0010,Tablet Stand,Electronics,1,16.34,16.34
ORD01797,PROD0078,Raw Honey,Food & Grocery,3,18.09,54.27
ORD01797,PROD0026,Cutting Board,Home & Kitchen,3,23.46,70.38
ORD01797,PROD0080,Healthy Snack Box,Food & Grocery,2,23.63,47.26
ORD01797,PROD0019,Cap,Clothing,1,34.28,34.28
ORD01798,PROD0076,Artisan Pasta,Food & Grocery,1,10.93,10.93
ORD01798,PROD0008,Portable Monitor,Electronics,2,144.34,288.68
ORD01799,PROD0066,RC Racing Car,Toys,1,74.32,74.32
ORD01799,PROD0048,World History,Books,3,25.51,76.53
ORD01799,PROD0040,Fitness Tracker,Sports,3,99.28,297.84
ORD01799,PROD0042,Data Science Handbook,Books,3,26.6,79.8
ORD01800,PROD0004,USB-C Hub,Electronics,1,33.39,33.39
ORD01800,PROD0063,1000-Piece Puzzle,Toys,3,26.71,80.13
ORD01800,PROD0080,Healthy Snack Box,Food & Grocery,2,23.63,47.26
ORD01800,PROD0008,Portable Monitor,Electronics,2,144.34,288.68
ORD01801,PROD0027,Mug Set,Home & Kitchen,1,18.25,18.25
ORD01801,PROD0079,Multivitamins,Food & Grocery,1,20.74,20.74
ORD01801,PROD0049,Travel Photography,Books,1,39.07,39.07
ORD01801,PROD0036,Jump Rope,Sports,2,20.14,40.28
ORD01802,PROD0012,Jeans,Clothing,2,65.37,130.74
ORD01803,PROD0008,Portable Monitor,Electronics,1,144.34,144.34
ORD01803,PROD0040,Fitness Tracker,Sports,1,99.28,99.28
ORD01803,PROD0060,Nail Polish Set,Beauty,2,16.35,32.7
ORD01804,PROD0029,LED Desk Lamp,Home & Kitchen,2,80.09,160.18
ORD01805,PROD0080,Healthy Snack Box,Food & Grocery,1,23.63,23.63
ORD01805,PROD0022,Air Fryer,Home & Kitchen,2,143.78,287.56
ORD01806,PROD0012,Jeans,Clothing,1,65.37,65.37
ORD01807,PROD0019,Cap,Clothing,1,34.28,34.28
ORD01808,PROD0016,Hoodie,Clothing,2,57.25,114.5
ORD01808,PROD0007,Gaming Mouse,Electronics,2,109.76,219.52
ORD01809,PROD0055,Argan Shampoo,Beauty,1,29.44,29.44
ORD01809,PROD0019,Cap,Clothing,3,34.28,102.84
ORD01809,PROD0030,Throw Pillow,Home & Kitchen,2,42.17,84.34
ORD01809,PROD0041,Python Programming,Books,1,41.14,41.14
ORD01810,PROD0040,Fitness Tracker,Sports,2,99.28,198.56
ORD01811,PROD0012,Jeans,Clothing,1,65.37,65.37
ORD01812,PROD0001,Wireless Headphones,Electronics,2,220.67,441.34
ORD01812,PROD0017,Running Shorts,Clothing,3,23.82,71.46
ORD01812,PROD0073,Matcha Green Tea,Food & Grocery,3,31.91,95.73
ORD01812,PROD0078,Raw Honey,Food & Grocery,1,18.09,18.09
ORD01813,PROD0035,Running Shoes,Sports,1,99.21,99.21
ORD01814,PROD0025,Knife Set,Home & Kitchen,1,144.87,144.87
ORD01815,PROD0021,Coffee Maker,Home & Kitchen,1,168.93,168.93
ORD01815,PROD0042,Data Science Handbook,Books,2,26.6,53.2
ORD01815,PROD0075,Extra Virgin Olive Oil,Food & Grocery,2,26.39,52.78
ORD01816,PROD0048,World History,Books,1,25.51,25.51
ORD01816,PROD0038,Gym Bag,Sports,3,65.2,195.6
ORD01817,PROD0041,Python Programming,Books,1,41.14,41.14
ORD01817,PROD0039,Protein Shaker,Sports,2,31.54,63.08
ORD01817,PROD0030,Throw Pillow,Home & Kitchen,3,42.17,126.51
ORD01818,PROD0054,Foundation,Beauty,1,57.15,57.15
ORD01819,PROD0066,RC Racing Car,Toys,2,74.32,148.64
ORD01819,PROD0014,Winter Jacket,Clothing,2,87.84,175.68
ORD01819,PROD0026,Cutting Board,Home & Kitchen,3,23.46,70.38
ORD01820,PROD0060,Nail Polish Set,Beauty,1,16.35,16.35
ORD01820,PROD0071,Whey Protein Bar,Food & Grocery,1,22.38,22.38
ORD01820,PROD0074,Granola Mix,Food & Grocery,1,13.35,13.35
ORD01821,PROD0051,Face Moisturizer,Beauty,1,39.06,39.06
ORD01821,PROD0075,Extra Virgin Olive Oil,Food & Grocery,1,26.39,26.39
ORD01821,PROD0010,Tablet Stand,Electronics,2,16.34,32.68
ORD01821,PROD0004,USB-C Hub,Electronics,3,33.39,100.17
ORD01822,PROD0039,Protein Shaker,Sports,1,31.54,31.54
ORD01823,PROD0050,Graphic Novel,Books,1,18.57,18.57
ORD01823,PROD0007,Gaming Mouse,Electronics,3,109.76,329.28
ORD01823,PROD0041,Python Programming,Books,2,41.14,82.28
ORD01823,PROD0040,Fitness Tracker,Sports,1,99.28,99.28
ORD01824,PROD0020,Scarf,Clothing,1,12.21,12.21
ORD01824,PROD0057,Perfume,Beauty,3,50.54,151.62
ORD01825,PROD0076,Artisan Pasta,Food & Grocery,1,10.93,10.93
ORD01825,PROD0071,Whey Protein Bar,Food & Grocery,1,22.38,22.38
ORD01825,PROD0066,RC Racing Car,Toys,1,74.32,74.32
ORD01825,PROD0056,Hair Conditioner,Beauty,1,28.27,28.27
ORD01826,PROD0001,Wireless Headphones,Electronics,3,220.67,662.01
ORD01826,PROD0037,Foam Roller,Sports,2,53.18,106.36
ORD01827,PROD0054,Foundation,Beauty,3,57.15,171.45
ORD01828,PROD0035,Running Shoes,Sports,1,99.21,99.21
ORD01828,PROD0034,Water Bottle,Sports,3,49.06,147.18
ORD01828,PROD0030,Throw Pillow,Home & Kitchen,2,42.17,84.34
ORD01828,PROD0031,Yoga Mat,Sports,2,68.43,136.86
ORD01829,PROD0005,Webcam,Electronics,1,143.11,143.11
ORD01829,PROD0080,Healthy Snack Box,Food & Grocery,1,23.63,23.63
ORD01830,PROD0079,Multivitamins,Food & Grocery,2,20.74,41.48
ORD01831,PROD0071,Whey Protein Bar,Food & Grocery,3,22.38,67.14
ORD01831,PROD0013,Sneakers,Clothing,2,42.92,85.84
ORD01831,PROD0001,Wireless Headphones,Electronics,3,220.67,662.01
ORD01832,PROD0075,Extra Virgin Olive Oil,Food & Grocery,1,26.39,26.39
ORD01832,PROD0065,Collectible Doll,Toys,2,52.93,105.86
ORD01832,PROD0064,Action Figure,Toys,1,30.54,30.54
ORD01832,PROD0001,Wireless Headphones,Electronics,3,220.67,662.01
ORD01833,PROD0026,Cutting Board,Home & Kitchen,3,23.46,70.38
ORD01833,PROD0020,Scarf,Clothing,1,12.21,12.21
ORD01834,PROD0049,Travel Photography,Books,1,39.07,39.07
ORD01834,PROD0077,Mixed Nuts Pack,Food & Grocery,2,37.44,74.88
ORD01834,PROD0053,Lipstick Set,Beauty,2,19.34,38.68
ORD01834,PROD0009,Phone Case,Electronics,2,22.66,45.32
ORD01835,PROD0056,Hair Conditioner,Beauty,2,28.27,56.54
ORD01835,PROD0024,Toaster,Home & Kitchen,1,29.33,29.33
ORD01836,PROD0080,Healthy Snack Box,Food & Grocery,1,23.63,23.63
ORD01836,PROD0040,Fitness Tracker,Sports,2,99.28,198.56
ORD01837,PROD0054,Foundation,Beauty,1,57.15,57.15
ORD01837,PROD0030,Throw Pillow,Home & Kitchen,1,42.17,42.17
ORD01837,PROD0010,Tablet Stand,Electronics,2,16.34,32.68
ORD01838,PROD0036,Jump Rope,Sports,1,20.14,20.14
ORD01838,PROD0002,Smart Watch,Electronics,3,110.0,330.0
ORD01839,PROD0051,Face Moisturizer,Beauty,1,39.06,39.06
ORD01839,PROD0024,Toaster,Home & Kitchen,1,29.33,29.33
ORD01839,PROD0065,Collectible Doll,Toys,2,52.93,105.86
ORD01839,PROD0045,Self-Help Bestseller,Books,1,13.44,13.44
ORD01840,PROD0065,Collectible Doll,Toys,3,52.93,158.79
ORD01840,PROD0014,Winter Jacket,Clothing,2,87.84,175.68
ORD01841,PROD0012,Jeans,Clothing,1,65.37,65.37
ORD01842,PROD0050,Graphic Novel,Books,3,18.57,55.71
ORD01843,PROD0034,Water Bottle,Sports,2,49.06,98.12
ORD01843,PROD0064,Action Figure,Toys,3,30.54,91.62
ORD01843,PROD0005,Webcam,Electronics,2,143.11,286.22
ORD01844,PROD0048,World History,Books,1,25.51,25.51
ORD01844,PROD0010,Tablet Stand,Electronics,2,16.34,32.68
ORD01844,PROD0059,Vitamin C Serum,Beauty,3,28.13,84.39
ORD01844,PROD0053,Lipstick Set,Beauty,1,19.34,19.34
ORD01845,PROD0048,World History,Books,3,25.51,76.53
ORD01845,PROD0070,Plush Stuffed Animal,Toys,1,16.69,16.69
ORD01846,PROD0041,Python Programming,Books,3,41.14,123.42
ORD01846,PROD0024,Toaster,Home & Kitchen,3,29.33,87.99
ORD01846,PROD0011,T-Shirt,Clothing,2,18.75,37.5
ORD01846,PROD0032,Adjustable Dumbbells,Sports,2,159.46,318.92
ORD01847,PROD0072,Premium Coffee Beans,Food & Grocery,1,43.12,43.12
ORD01848,PROD0054,Foundation,Beauty,2,57.15,114.3
ORD01848,PROD0013,Sneakers,Clothing,2,42.92,85.84
ORD01849,PROD0074,Granola Mix,Food & Grocery,3,13.35,40.05
ORD01850,PROD0067,Card Game Pack,Toys,3,11.89,35.67
ORD01850,PROD0043,ML Engineering Guide,Books,2,29.52,59.04
ORD01850,PROD0030,Throw Pillow,Home & Kitchen,3,42.17,126.51
ORD01850,PROD0053,Lipstick Set,Beauty,3,19.34,58.02
ORD01851,PROD0022,Air Fryer,Home & Kitchen,3,143.78,431.34
ORD01852,PROD0025,Knife Set,Home & Kitchen,2,144.87,289.74
ORD01852,PROD0051,Face Moisturizer,Beauty,2,39.06,78.12
ORD01853,PROD0064,Action Figure,Toys,3,30.54,91.62
ORD01853,PROD0038,Gym Bag,Sports,3,65.2,195.6
ORD01853,PROD0027,Mug Set,Home & Kitchen,2,18.25,36.5
ORD01854,PROD0066,RC Racing Car,Toys,2,74.32,148.64
ORD01855,PROD0019,Cap,Clothing,1,34.28,34.28
ORD01856,PROD0039,Protein Shaker,Sports,1,31.54,31.54
ORD01857,PROD0003,Bluetooth Speaker,Electronics,2,63.0,126.0
ORD01858,PROD0080,Healthy Snack Box,Food & Grocery,1,23.63,23.63
ORD01859,PROD0013,Sneakers,Clothing,3,42.92,128.76
ORD01859,PROD0058,Eye Cream,Beauty,2,71.04,142.08
ORD01859,PROD0014,Winter Jacket,Clothing,3,87.84,263.52
ORD01859,PROD0023,Blender,Home & Kitchen,2,60.62,121.24
ORD01860,PROD0034,Water Bottle,Sports,2,49.06,98.12
ORD01860,PROD0079,Multivitamins,Food & Grocery,2,20.74,41.48
ORD01860,PROD0061,LEGO Creator Set,Toys,3,99.16,297.48
ORD01860,PROD0017,Running Shorts,Clothing,2,23.82,47.64
ORD01861,PROD0033,Resistance Bands,Sports,1,26.09,26.09
ORD01861,PROD0037,Foam Roller,Sports,1,53.18,53.18
ORD01861,PROD0002,Smart Watch,Electronics,2,110.0,220.0
ORD01861,PROD0050,Graphic Novel,Books,2,18.57,37.14
ORD01862,PROD0015,Summer Dress,Clothing,1,67.24,67.24
ORD01863,PROD0077,Mixed Nuts Pack,Food & Grocery,2,37.44,74.88
ORD01863,PROD0007,Gaming Mouse,Electronics,2,109.76,219.52
ORD01863,PROD0041,Python Programming,Books,2,41.14,82.28
ORD01864,PROD0070,Plush Stuffed Animal,Toys,3,16.69,50.07
ORD01865,PROD0036,Jump Rope,Sports,2,20.14,40.28
ORD01865,PROD0043,ML Engineering Guide,Books,3,29.52,88.56
ORD01866,PROD0015,Summer Dress,Clothing,3,67.24,201.72
ORD01867,PROD0011,T-Shirt,Clothing,3,18.75,56.25
ORD01868,PROD0073,Matcha Green Tea,Food & Grocery,2,31.91,63.82
ORD01869,PROD0033,Resistance Bands,Sports,3,26.09,78.27
ORD01869,PROD0066,RC Racing Car,Toys,3,74.32,222.96
ORD01869,PROD0009,Phone Case,Electronics,1,22.66,22.66
ORD01870,PROD0068,Art & Craft Kit,Toys,2,13.06,26.12
ORD01871,PROD0009,Phone Case,Electronics,1,22.66,22.66
ORD01871,PROD0076,Artisan Pasta,Food & Grocery,1,10.93,10.93
ORD01871,PROD0016,Hoodie,Clothing,2,57.25,114.5
ORD01872,PROD0017,Running Shorts,Clothing,2,23.82,47.64
ORD01872,PROD0026,Cutting Board,Home & Kitchen,3,23.46,70.38
ORD01873,PROD0037,Foam Roller,Sports,1,53.18,53.18
ORD01873,PROD0047,Cook Book,Books,2,17.53,35.06
ORD01874,PROD0052,SPF Sunscreen,Beauty,2,19.96,39.92
ORD01874,PROD0051,Face Moisturizer,Beauty,3,39.06,117.18
ORD01875,PROD0001,Wireless Headphones,Electronics,3,220.67,662.01
ORD01875,PROD0031,Yoga Mat,Sports,2,68.43,136.86
ORD01875,PROD0025,Knife Set,Home & Kitchen,2,144.87,289.74
ORD01876,PROD0077,Mixed Nuts Pack,Food & Grocery,1,37.44,37.44
ORD01876,PROD0054,Foundation,Beauty,3,57.15,171.45
ORD01876,PROD0014,Winter Jacket,Clothing,1,87.84,87.84
ORD01876,PROD0071,Whey Protein Bar,Food & Grocery,1,22.38,22.38
ORD01877,PROD0038,Gym Bag,Sports,3,65.2,195.6
ORD01877,PROD0008,Portable Monitor,Electronics,3,144.34,433.02
ORD01878,PROD0075,Extra Virgin Olive Oil,Food & Grocery,2,26.39,52.78
ORD01878,PROD0033,Resistance Bands,Sports,2,26.09,52.18
ORD01878,PROD0025,Knife Set,Home & Kitchen,2,144.87,289.74
ORD01878,PROD0029,LED Desk Lamp,Home & Kitchen,1,80.09,80.09
ORD01879,PROD0061,LEGO Creator Set,Toys,3,99.16,297.48
ORD01879,PROD0014,Winter Jacket,Clothing,1,87.84,87.84
ORD01880,PROD0024,Toaster,Home & Kitchen,1,29.33,29.33
ORD01880,PROD0026,Cutting Board,Home & Kitchen,1,23.46,23.46
ORD01881,PROD0070,Plush Stuffed Animal,Toys,3,16.69,50.07
ORD01881,PROD0010,Tablet Stand,Electronics,3,16.34,49.02
ORD01882,PROD0058,Eye Cream,Beauty,3,71.04,213.12
ORD01882,PROD0033,Resistance Bands,Sports,3,26.09,78.27
ORD01882,PROD0026,Cutting Board,Home & Kitchen,1,23.46,23.46
ORD01882,PROD0046,Science Fiction Novel,Books,1,13.49,13.49
ORD01883,PROD0047,Cook Book,Books,2,17.53,35.06
ORD01883,PROD0074,Granola Mix,Food & Grocery,1,13.35,13.35
ORD01883,PROD0024,Toaster,Home & Kitchen,1,29.33,29.33
ORD01884,PROD0020,Scarf,Clothing,1,12.21,12.21
ORD01884,PROD0073,Matcha Green Tea,Food & Grocery,1,31.91,31.91
ORD01885,PROD0040,Fitness Tracker,Sports,1,99.28,99.28
ORD01886,PROD0029,LED Desk Lamp,Home & Kitchen,1,80.09,80.09
ORD01886,PROD0054,Foundation,Beauty,2,57.15,114.3
ORD01886,PROD0078,Raw Honey,Food & Grocery,3,18.09,54.27
ORD01886,PROD0070,Plush Stuffed Animal,Toys,3,16.69,50.07
ORD01887,PROD0079,Multivitamins,Food & Grocery,2,20.74,41.48
ORD01887,PROD0075,Extra Virgin Olive Oil,Food & Grocery,1,26.39,26.39
ORD01887,PROD0059,Vitamin C Serum,Beauty,3,28.13,84.39
ORD01887,PROD0015,Summer Dress,Clothing,1,67.24,67.24
ORD01888,PROD0015,Summer Dress,Clothing,1,67.24,67.24
ORD01889,PROD0029,LED Desk Lamp,Home & Kitchen,1,80.09,80.09
ORD01890,PROD0024,Toaster,Home & Kitchen,1,29.33,29.33
ORD01890,PROD0038,Gym Bag,Sports,2,65.2,130.4
ORD01890,PROD0034,Water Bottle,Sports,1,49.06,49.06
ORD01891,PROD0016,Hoodie,Clothing,3,57.25,171.75
ORD01892,PROD0060,Nail Polish Set,Beauty,2,16.35,32.7
ORD01893,PROD0014,Winter Jacket,Clothing,1,87.84,87.84
ORD01893,PROD0033,Resistance Bands,Sports,1,26.09,26.09
ORD01894,PROD0025,Knife Set,Home & Kitchen,1,144.87,144.87
ORD01894,PROD0039,Protein Shaker,Sports,2,31.54,63.08
ORD01894,PROD0014,Winter Jacket,Clothing,3,87.84,263.52
ORD01894,PROD0031,Yoga Mat,Sports,3,68.43,205.29
ORD01895,PROD0058,Eye Cream,Beauty,3,71.04,213.12
ORD01895,PROD0077,Mixed Nuts Pack,Food & Grocery,3,37.44,112.32
ORD01895,PROD0052,SPF Sunscreen,Beauty,3,19.96,59.88
ORD01895,PROD0026,Cutting Board,Home & Kitchen,1,23.46,23.46
ORD01896,PROD0027,Mug Set,Home & Kitchen,1,18.25,18.25
ORD01896,PROD0056,Hair Conditioner,Beauty,3,28.27,84.81
ORD01896,PROD0014,Winter Jacket,Clothing,3,87.84,263.52
ORD01896,PROD0047,Cook Book,Books,2,17.53,35.06
ORD01897,PROD0018,Ankle Socks,Clothing,3,13.84,41.52
ORD01897,PROD0049,Travel Photography,Books,1,39.07,39.07
ORD01897,PROD0076,Artisan Pasta,Food & Grocery,3,10.93,32.79
ORD01898,PROD0013,Sneakers,Clothing,2,42.92,85.84
ORD01898,PROD0050,Graphic Novel,Books,2,18.57,37.14
ORD01898,PROD0021,Coffee Maker,Home & Kitchen,2,168.93,337.86
ORD01898,PROD0016,Hoodie,Clothing,1,57.25,57.25
ORD01899,PROD0072,Premium Coffee Beans,Food & Grocery,1,43.12,43.12
ORD01900,PROD0028,Storage Organizer,Home & Kitchen,3,24.84,74.52
ORD01901,PROD0047,Cook Book,Books,3,17.53,52.59
ORD01901,PROD0068,Art & Craft Kit,Toys,1,13.06,13.06
ORD01901,PROD0033,Resistance Bands,Sports,1,26.09,26.09
ORD01902,PROD0062,Strategy Board Game,Toys,1,43.8,43.8
ORD01902,PROD0011,T-Shirt,Clothing,1,18.75,18.75
ORD01902,PROD0077,Mixed Nuts Pack,Food & Grocery,3,37.44,112.32
ORD01902,PROD0035,Running Shoes,Sports,1,99.21,99.21
ORD01903,PROD0052,SPF Sunscreen,Beauty,1,19.96,19.96
ORD01903,PROD0072,Premium Coffee Beans,Food & Grocery,1,43.12,43.12
ORD01903,PROD0002,Smart Watch,Electronics,3,110.0,330.0
ORD01903,PROD0020,Scarf,Clothing,1,12.21,12.21
ORD01904,PROD0025,Knife Set,Home & Kitchen,1,144.87,144.87
ORD01904,PROD0076,Artisan Pasta,Food & Grocery,3,10.93,32.79
ORD01904,PROD0059,Vitamin C Serum,Beauty,3,28.13,84.39
ORD01905,PROD0031,Yoga Mat,Sports,3,68.43,205.29
ORD01905,PROD0051,Face Moisturizer,Beauty,2,39.06,78.12
ORD01905,PROD0026,Cutting Board,Home & Kitchen,2,23.46,46.92
ORD01906,PROD0010,Tablet Stand,Electronics,3,16.34,49.02
ORD01906,PROD0079,Multivitamins,Food & Grocery,2,20.74,41.48
ORD01907,PROD0042,Data Science Handbook,Books,1,26.6,26.6
ORD01907,PROD0028,Storage Organizer,Home & Kitchen,1,24.84,24.84
ORD01908,PROD0038,Gym Bag,Sports,3,65.2,195.6
ORD01908,PROD0059,Vitamin C Serum,Beauty,1,28.13,28.13
ORD01908,PROD0070,Plush Stuffed Animal,Toys,1,16.69,16.69
ORD01909,PROD0063,1000-Piece Puzzle,Toys,1,26.71,26.71
ORD01909,PROD0055,Argan Shampoo,Beauty,2,29.44,58.88
ORD01909,PROD0002,Smart Watch,Electronics,1,110.0,110.0
ORD01910,PROD0011,T-Shirt,Clothing,2,18.75,37.5
ORD01910,PROD0006,Mechanical Keyboard,Electronics,2,151.5,303.0
ORD01910,PROD0034,Water Bottle,Sports,1,49.06,49.06
ORD01911,PROD0005,Webcam,Electronics,2,143.11,286.22
ORD01911,PROD0032,Adjustable Dumbbells,Sports,2,159.46,318.92
ORD01911,PROD0002,Smart Watch,Electronics,3,110.0,330.0
ORD01911,PROD0024,Toaster,Home & Kitchen,3,29.33,87.99
ORD01912,PROD0024,Toaster,Home & Kitchen,2,29.33,58.66
ORD01912,PROD0064,Action Figure,Toys,3,30.54,91.62
ORD01912,PROD0032,Adjustable Dumbbells,Sports,3,159.46,478.38
ORD01913,PROD0054,Foundation,Beauty,2,57.15,114.3
ORD01913,PROD0063,1000-Piece Puzzle,Toys,2,26.71,53.42
ORD01913,PROD0029,LED Desk Lamp,Home & Kitchen,2,80.09,160.18
ORD01914,PROD0057,Perfume,Beauty,3,50.54,151.62
ORD01914,PROD0025,Knife Set,Home & Kitchen,1,144.87,144.87
ORD01915,PROD0069,Science Experiment Kit,Toys,1,27.62,27.62
ORD01916,PROD0023,Blender,Home & Kitchen,2,60.62,121.24
ORD01916,PROD0058,Eye Cream,Beauty,3,71.04,213.12
ORD01917,PROD0012,Jeans,Clothing,1,65.37,65.37
ORD01918,PROD0027,Mug Set,Home & Kitchen,3,18.25,54.75
ORD01919,PROD0030,Throw Pillow,Home & Kitchen,1,42.17,42.17
ORD01919,PROD0050,Graphic Novel,Books,3,18.57,55.71
ORD01920,PROD0018,Ankle Socks,Clothing,3,13.84,41.52
ORD01920,PROD0002,Smart Watch,Electronics,2,110.0,220.0
ORD01921,PROD0048,World History,Books,1,25.51,25.51
ORD01921,PROD0046,Science Fiction Novel,Books,1,13.49,13.49
ORD01921,PROD0024,Toaster,Home & Kitchen,2,29.33,58.66
ORD01922,PROD0049,Travel Photography,Books,1,39.07,39.07
ORD01922,PROD0061,LEGO Creator Set,Toys,3,99.16,297.48
ORD01923,PROD0023,Blender,Home & Kitchen,3,60.62,181.86
ORD01923,PROD0066,RC Racing Car,Toys,1,74.32,74.32
ORD01923,PROD0003,Bluetooth Speaker,Electronics,2,63.0,126.0
ORD01924,PROD0046,Science Fiction Novel,Books,3,13.49,40.47
ORD01924,PROD0061,LEGO Creator Set,Toys,2,99.16,198.32
ORD01924,PROD0079,Multivitamins,Food & Grocery,1,20.74,20.74
ORD01925,PROD0076,Artisan Pasta,Food & Grocery,1,10.93,10.93
ORD01925,PROD0051,Face Moisturizer,Beauty,2,39.06,78.12
ORD01925,PROD0027,Mug Set,Home & Kitchen,3,18.25,54.75
ORD01925,PROD0007,Gaming Mouse,Electronics,1,109.76,109.76
ORD01926,PROD0027,Mug Set,Home & Kitchen,2,18.25,36.5
ORD01926,PROD0006,Mechanical Keyboard,Electronics,1,151.5,151.5
ORD01926,PROD0074,Granola Mix,Food & Grocery,1,13.35,13.35
ORD01926,PROD0070,Plush Stuffed Animal,Toys,2,16.69,33.38
ORD01927,PROD0007,Gaming Mouse,Electronics,1,109.76,109.76
ORD01927,PROD0052,SPF Sunscreen,Beauty,1,19.96,19.96
ORD01927,PROD0009,Phone Case,Electronics,2,22.66,45.32
ORD01927,PROD0011,T-Shirt,Clothing,1,18.75,18.75
ORD01928,PROD0023,Blender,Home & Kitchen,3,60.62,181.86
ORD01928,PROD0012,Jeans,Clothing,1,65.37,65.37
ORD01929,PROD0053,Lipstick Set,Beauty,3,19.34,58.02
ORD01929,PROD0030,Throw Pillow,Home & Kitchen,3,42.17,126.51
ORD01930,PROD0022,Air Fryer,Home & Kitchen,1,143.78,143.78
ORD01930,PROD0077,Mixed Nuts Pack,Food & Grocery,3,37.44,112.32
ORD01930,PROD0038,Gym Bag,Sports,1,65.2,65.2
ORD01931,PROD0017,Running Shorts,Clothing,1,23.82,23.82
ORD01931,PROD0042,Data Science Handbook,Books,3,26.6,79.8
ORD01931,PROD0009,Phone Case,Electronics,1,22.66,22.66
ORD01931,PROD0058,Eye Cream,Beauty,3,71.04,213.12
ORD01932,PROD0078,Raw Honey,Food & Grocery,2,18.09,36.18
ORD01932,PROD0038,Gym Bag,Sports,3,65.2,195.6
ORD01932,PROD0075,Extra Virgin Olive Oil,Food & Grocery,1,26.39,26.39
ORD01933,PROD0059,Vitamin C Serum,Beauty,3,28.13,84.39
ORD01933,PROD0062,Strategy Board Game,Toys,2,43.8,87.6
ORD01933,PROD0070,Plush Stuffed Animal,Toys,1,16.69,16.69
ORD01934,PROD0061,LEGO Creator Set,Toys,1,99.16,99.16
ORD01935,PROD0053,Lipstick Set,Beauty,3,19.34,58.02
ORD01935,PROD0013,Sneakers,Clothing,1,42.92,42.92
ORD01935,PROD0036,Jump Rope,Sports,1,20.14,20.14
ORD01935,PROD0018,Ankle Socks,Clothing,1,13.84,13.84
ORD01936,PROD0013,Sneakers,Clothing,2,42.92,85.84
ORD01936,PROD0003,Bluetooth Speaker,Electronics,2,63.0,126.0
ORD01936,PROD0050,Graphic Novel,Books,1,18.57,18.57
ORD01937,PROD0024,Toaster,Home & Kitchen,1,29.33,29.33
ORD01938,PROD0053,Lipstick Set,Beauty,3,19.34,58.02
ORD01938,PROD0005,Webcam,Electronics,1,143.11,143.11
ORD01939,PROD0019,Cap,Clothing,2,34.28,68.56
ORD01939,PROD0062,Strategy Board Game,Toys,1,43.8,43.8
ORD01940,PROD0063,1000-Piece Puzzle,Toys,1,26.71,26.71
ORD01941,PROD0068,Art & Craft Kit,Toys,1,13.06,13.06
ORD01941,PROD0052,SPF Sunscreen,Beauty,1,19.96,19.96
ORD01942,PROD0024,Toaster,Home & Kitchen,1,29.33,29.33
ORD01942,PROD0022,Air Fryer,Home & Kitchen,2,143.78,287.56
ORD01942,PROD0014,Winter Jacket,Clothing,1,87.84,87.84
ORD01942,PROD0027,Mug Set,Home & Kitchen,1,18.25,18.25
ORD01943,PROD0031,Yoga Mat,Sports,3,68.43,205.29
ORD01944,PROD0076,Artisan Pasta,Food & Grocery,3,10.93,32.79
ORD01944,PROD0053,Lipstick Set,Beauty,3,19.34,58.02
ORD01944,PROD0008,Portable Monitor,Electronics,2,144.34,288.68
ORD01945,PROD0036,Jump Rope,Sports,2,20.14,40.28
ORD01946,PROD0046,Science Fiction Novel,Books,2,13.49,26.98
ORD01946,PROD0011,T-Shirt,Clothing,2,18.75,37.5
ORD01946,PROD0034,Water Bottle,Sports,1,49.06,49.06
ORD01946,PROD0059,Vitamin C Serum,Beauty,3,28.13,84.39
ORD01947,PROD0026,Cutting Board,Home & Kitchen,2,23.46,46.92
ORD01947,PROD0062,Strategy Board Game,Toys,2,43.8,87.6
ORD01947,PROD0042,Data Science Handbook,Books,3,26.6,79.8
ORD01948,PROD0044,Business Strategy,Books,2,25.81,51.62
ORD01949,PROD0061,LEGO Creator Set,Toys,1,99.16,99.16
ORD01949,PROD0015,Summer Dress,Clothing,2,67.24,134.48
ORD01950,PROD0076,Artisan Pasta,Food & Grocery,1,10.93,10.93
ORD01950,PROD0061,LEGO Creator Set,Toys,3,99.16,297.48
ORD01950,PROD0067,Card Game Pack,Toys,2,11.89,23.78
ORD01950,PROD0079,Multivitamins,Food & Grocery,2,20.74,41.48
ORD01951,PROD0024,Toaster,Home & Kitchen,1,29.33,29.33
ORD01952,PROD0012,Jeans,Clothing,2,65.37,130.74
ORD01953,PROD0005,Webcam,Electronics,1,143.11,143.11
ORD01953,PROD0036,Jump Rope,Sports,2,20.14,40.28
ORD01954,PROD0001,Wireless Headphones,Electronics,3,220.67,662.01
ORD01954,PROD0007,Gaming Mouse,Electronics,3,109.76,329.28
ORD01954,PROD0074,Granola Mix,Food & Grocery,3,13.35,40.05
ORD01954,PROD0032,Adjustable Dumbbells,Sports,1,159.46,159.46
ORD01955,PROD0019,Cap,Clothing,2,34.28,68.56
ORD01955,PROD0003,Bluetooth Speaker,Electronics,1,63.0,63.0
ORD01955,PROD0023,Blender,Home & Kitchen,2,60.62,121.24
ORD01956,PROD0071,Whey Protein Bar,Food & Grocery,2,22.38,44.76
ORD01956,PROD0044,Business Strategy,Books,3,25.81,77.43
ORD01957,PROD0051,Face Moisturizer,Beauty,1,39.06,39.06
ORD01957,PROD0007,Gaming Mouse,Electronics,2,109.76,219.52
ORD01957,PROD0066,RC Racing Car,Toys,2,74.32,148.64
ORD01957,PROD0028,Storage Organizer,Home & Kitchen,3,24.84,74.52
ORD01958,PROD0045,Self-Help Bestseller,Books,1,13.44,13.44
ORD01958,PROD0071,Whey Protein Bar,Food & Grocery,2,22.38,44.76
ORD01959,PROD0062,Strategy Board Game,Toys,3,43.8,131.4
ORD01960,PROD0074,Granola Mix,Food & Grocery,2,13.35,26.7
ORD01960,PROD0075,Extra Virgin Olive Oil,Food & Grocery,3,26.39,79.17
ORD01961,PROD0030,Throw Pillow,Home & Kitchen,2,42.17,84.34
ORD01961,PROD0032,Adjustable Dumbbells,Sports,2,159.46,318.92
ORD01962,PROD0036,Jump Rope,Sports,3,20.14,60.42
ORD01963,PROD0061,LEGO Creator Set,Toys,2,99.16,198.32
ORD01963,PROD0075,Extra Virgin Olive Oil,Food & Grocery,3,26.39,79.17
ORD01963,PROD0003,Bluetooth Speaker,Electronics,2,63.0,126.0
ORD01963,PROD0021,Coffee Maker,Home & Kitchen,2,168.93,337.86
ORD01964,PROD0019,Cap,Clothing,1,34.28,34.28
ORD01964,PROD0009,Phone Case,Electronics,1,22.66,22.66
ORD01964,PROD0072,Premium Coffee Beans,Food & Grocery,2,43.12,86.24
ORD01964,PROD0062,Strategy Board Game,Toys,1,43.8,43.8
ORD01965,PROD0019,Cap,Clothing,2,34.28,68.56
ORD01965,PROD0077,Mixed Nuts Pack,Food & Grocery,3,37.44,112.32
ORD01965,PROD0059,Vitamin C Serum,Beauty,2,28.13,56.26
ORD01965,PROD0075,Extra Virgin Olive Oil,Food & Grocery,3,26.39,79.17
ORD01966,PROD0048,World History,Books,3,25.51,76.53
ORD01966,PROD0005,Webcam,Electronics,2,143.11,286.22
ORD01966,PROD0044,Business Strategy,Books,2,25.81,51.62
ORD01967,PROD0019,Cap,Clothing,1,34.28,34.28
ORD01967,PROD0010,Tablet Stand,Electronics,3,16.34,49.02
ORD01967,PROD0063,1000-Piece Puzzle,Toys,1,26.71,26.71
ORD01967,PROD0035,Running Shoes,Sports,3,99.21,297.63
ORD01968,PROD0045,Self-Help Bestseller,Books,3,13.44,40.32
ORD01969,PROD0073,Matcha Green Tea,Food & Grocery,2,31.91,63.82
ORD01969,PROD0017,Running Shorts,Clothing,1,23.82,23.82
ORD01970,PROD0018,Ankle Socks,Clothing,2,13.84,27.68
ORD01971,PROD0027,Mug Set,Home & Kitchen,3,18.25,54.75
ORD01972,PROD0001,Wireless Headphones,Electronics,3,220.67,662.01
ORD01972,PROD0006,Mechanical Keyboard,Electronics,3,151.5,454.5
ORD01972,PROD0009,Phone Case,Electronics,2,22.66,45.32
ORD01973,PROD0002,Smart Watch,Electronics,1,110.0,110.0
ORD01973,PROD0034,Water Bottle,Sports,1,49.06,49.06
ORD01973,PROD0004,USB-C Hub,Electronics,1,33.39,33.39
ORD01974,PROD0031,Yoga Mat,Sports,2,68.43,136.86
ORD01974,PROD0032,Adjustable Dumbbells,Sports,1,159.46,159.46
ORD01974,PROD0034,Water Bottle,Sports,2,49.06,98.12
ORD01975,PROD0030,Throw Pillow,Home & Kitchen,2,42.17,84.34
ORD01976,PROD0004,USB-C Hub,Electronics,3,33.39,100.17
ORD01976,PROD0005,Webcam,Electronics,2,143.11,286.22
ORD01976,PROD0009,Phone Case,Electronics,3,22.66,67.98
ORD01976,PROD0045,Self-Help Bestseller,Books,1,13.44,13.44
ORD01977,PROD0029,LED Desk Lamp,Home & Kitchen,1,80.09,80.09
ORD01978,PROD0009,Phone Case,Electronics,2,22.66,45.32
ORD01979,PROD0021,Coffee Maker,Home & Kitchen,2,168.93,337.86
ORD01979,PROD0011,T-Shirt,Clothing,3,18.75,56.25
ORD01979,PROD0032,Adjustable Dumbbells,Sports,3,159.46,478.38
ORD01979,PROD0040,Fitness Tracker,Sports,2,99.28,198.56
ORD01980,PROD0078,Raw Honey,Food & Grocery,2,18.09,36.18
ORD01980,PROD0055,Argan Shampoo,Beauty,2,29.44,58.88
ORD01981,PROD0079,Multivitamins,Food & Grocery,1,20.74,20.74
ORD01981,PROD0020,Scarf,Clothing,2,12.21,24.42
ORD01982,PROD0077,Mixed Nuts Pack,Food & Grocery,2,37.44,74.88
ORD01982,PROD0044,Business Strategy,Books,3,25.81,77.43
ORD01982,PROD0069,Science Experiment Kit,Toys,1,27.62,27.62
ORD01983,PROD0052,SPF Sunscreen,Beauty,1,19.96,19.96
ORD01984,PROD0045,Self-Help Bestseller,Books,1,13.44,13.44
ORD01984,PROD0064,Action Figure,Toys,3,30.54,91.62
ORD01984,PROD0037,Foam Roller,Sports,3,53.18,159.54
ORD01984,PROD0035,Running Shoes,Sports,1,99.21,99.21
ORD01985,PROD0052,SPF Sunscreen,Beauty,2,19.96,39.92
ORD01985,PROD0077,Mixed Nuts Pack,Food & Grocery,1,37.44,37.44
ORD01986,PROD0018,Ankle Socks,Clothing,3,13.84,41.52
ORD01987,PROD0050,Graphic Novel,Books,1,18.57,18.57
ORD01987,PROD0033,Resistance Bands,Sports,2,26.09,52.18
ORD01987,PROD0071,Whey Protein Bar,Food & Grocery,1,22.38,22.38
ORD01987,PROD0077,Mixed Nuts Pack,Food & Grocery,2,37.44,74.88
ORD01988,PROD0053,Lipstick Set,Beauty,3,19.34,58.02
ORD01988,PROD0070,Plush Stuffed Animal,Toys,3,16.69,50.07
ORD01988,PROD0049,Travel Photography,Books,1,39.07,39.07
ORD01989,PROD0051,Face Moisturizer,Beauty,3,39.06,117.18
ORD01990,PROD0020,Scarf,Clothing,3,12.21,36.63
ORD01990,PROD0036,Jump Rope,Sports,2,20.14,40.28
ORD01990,PROD0032,Adjustable Dumbbells,Sports,3,159.46,478.38
ORD01991,PROD0002,Smart Watch,Electronics,2,110.0,220.0
ORD01992,PROD0006,Mechanical Keyboard,Electronics,2,151.5,303.0
ORD01992,PROD0050,Graphic Novel,Books,1,18.57,18.57
ORD01992,PROD0024,Toaster,Home & Kitchen,2,29.33,58.66
ORD01992,PROD0011,T-Shirt,Clothing,1,18.75,18.75
ORD01993,PROD0005,Webcam,Electronics,1,143.11,143.11
ORD01994,PROD0069,Science Experiment Kit,Toys,1,27.62,27.62
ORD01994,PROD0067,Card Game Pack,Toys,1,11.89,11.89
ORD01995,PROD0012,Jeans,Clothing,2,65.37,130.74
ORD01995,PROD0009,Phone Case,Electronics,1,22.66,22.66
ORD01995,PROD0024,Toaster,Home & Kitchen,3,29.33,87.99
ORD01996,PROD0079,Multivitamins,Food & Grocery,1,20.74,20.74
ORD01996,PROD0040,Fitness Tracker,Sports,3,99.28,297.84
ORD01996,PROD0064,Action Figure,Toys,1,30.54,30.54
ORD01997,PROD0076,Artisan Pasta,Food & Grocery,1,10.93,10.93
ORD01997,PROD0039,Protein Shaker,Sports,1,31.54,31.54
ORD01998,PROD0028,Storage Organizer,Home & Kitchen,1,24.84,24.84
ORD01998,PROD0039,Protein Shaker,Sports,2,31.54,63.08
ORD01998,PROD0040,Fitness Tracker,Sports,3,99.28,297.84
ORD01998,PROD0009,Phone Case,Electronics,3,22.66,67.98
ORD01999,PROD0016,Hoodie,Clothing,1,57.25,57.25
ORD01999,PROD0026,Cutting Board,Home & Kitchen,1,23.46,23.46
ORD01999,PROD0064,Action Figure,Toys,2,30.54,61.08
ORD01999,PROD0027,Mug Set,Home & Kitchen,1,18.25,18.25
ORD02000,PROD0005,Webcam,Electronics,3,143.11,429.33
ORD02001,PROD0075,Extra Virgin Olive Oil,Food & Grocery,1,26.39,26.39
ORD02001,PROD0015,Summer Dress,Clothing,1,67.24,67.24
ORD02001,PROD0007,Gaming Mouse,Electronics,1,109.76,109.76
ORD02001,PROD0045,Self-Help Bestseller,Books,1,13.44,13.44
ORD02002,PROD0003,Bluetooth Speaker,Electronics,3,63.0,189.0
ORD02003,PROD0025,Knife Set,Home & Kitchen,1,144.87,144.87
ORD02003,PROD0012,Jeans,Clothing,3,65.37,196.11
ORD02004,PROD0017,Running Shorts,Clothing,3,23.82,71.46
ORD02004,PROD0057,Perfume,Beauty,3,50.54,151.62
ORD02004,PROD0006,Mechanical Keyboard,Electronics,3,151.5,454.5
ORD02004,PROD0067,Card Game Pack,Toys,3,11.89,35.67
ORD02005,PROD0019,Cap,Clothing,1,34.28,34.28
ORD02006,PROD0064,Action Figure,Toys,2,30.54,61.08
ORD02007,PROD0006,Mechanical Keyboard,Electronics,1,151.5,151.5
ORD02008,PROD0003,Bluetooth Speaker,Electronics,2,63.0,126.0
ORD02008,PROD0045,Self-Help Bestseller,Books,2,13.44,26.88
ORD02009,PROD0049,Travel Photography,Books,1,39.07,39.07
ORD02010,PROD0055,Argan Shampoo,Beauty,3,29.44,88.32
ORD02011,PROD0038,Gym Bag,Sports,3,65.2,195.6
ORD02011,PROD0040,Fitness Tracker,Sports,1,99.28,99.28
ORD02011,PROD0078,Raw Honey,Food & Grocery,3,18.09,54.27
ORD02011,PROD0039,Protein Shaker,Sports,2,31.54,63.08
ORD02012,PROD0077,Mixed Nuts Pack,Food & Grocery,1,37.44,37.44
ORD02012,PROD0059,Vitamin C Serum,Beauty,3,28.13,84.39
ORD02012,PROD0057,Perfume,Beauty,1,50.54,50.54
ORD02012,PROD0014,Winter Jacket,Clothing,3,87.84,263.52
ORD02013,PROD0064,Action Figure,Toys,1,30.54,30.54
ORD02013,PROD0028,Storage Organizer,Home & Kitchen,2,24.84,49.68
ORD02013,PROD0065,Collectible Doll,Toys,3,52.93,158.79
ORD02013,PROD0021,Coffee Maker,Home & Kitchen,3,168.93,506.79
ORD02014,PROD0034,Water Bottle,Sports,3,49.06,147.18
ORD02015,PROD0048,World History,Books,1,25.51,25.51
ORD02015,PROD0046,Science Fiction Novel,Books,3,13.49,40.47
ORD02015,PROD0029,LED Desk Lamp,Home & Kitchen,3,80.09,240.27
ORD02016,PROD0065,Collectible Doll,Toys,3,52.93,158.79
ORD02016,PROD0069,Science Experiment Kit,Toys,2,27.62,55.24
ORD02016,PROD0026,Cutting Board,Home & Kitchen,3,23.46,70.38
ORD02017,PROD0062,Strategy Board Game,Toys,2,43.8,87.6
ORD02017,PROD0079,Multivitamins,Food & Grocery,1,20.74,20.74
ORD02017,PROD0050,Graphic Novel,Books,3,18.57,55.71
ORD02018,PROD0027,Mug Set,Home & Kitchen,1,18.25,18.25
ORD02019,PROD0006,Mechanical Keyboard,Electronics,2,151.5,303.0
ORD02019,PROD0022,Air Fryer,Home & Kitchen,2,143.78,287.56
ORD02020,PROD0036,Jump Rope,Sports,2,20.14,40.28
ORD02020,PROD0061,LEGO Creator Set,Toys,3,99.16,297.48
ORD02021,PROD0019,Cap,Clothing,3,34.28,102.84
ORD02021,PROD0063,1000-Piece Puzzle,Toys,1,26.71,26.71
ORD02022,PROD0034,Water Bottle,Sports,2,49.06,98.12
ORD02023,PROD0038,Gym Bag,Sports,3,65.2,195.6
ORD02023,PROD0071,Whey Protein Bar,Food & Grocery,3,22.38,67.14
ORD02024,PROD0067,Card Game Pack,Toys,3,11.89,35.67
ORD02024,PROD0055,Argan Shampoo,Beauty,3,29.44,88.32
ORD02024,PROD0014,Winter Jacket,Clothing,1,87.84,87.84
ORD02024,PROD0066,RC Racing Car,Toys,2,74.32,148.64
ORD02025,PROD0017,Running Shorts,Clothing,2,23.82,47.64
ORD02025,PROD0010,Tablet Stand,Electronics,3,16.34,49.02
ORD02026,PROD0076,Artisan Pasta,Food & Grocery,3,10.93,32.79
ORD02027,PROD0053,Lipstick Set,Beauty,2,19.34,38.68
ORD02027,PROD0031,Yoga Mat,Sports,1,68.43,68.43
ORD02028,PROD0048,World History,Books,1,25.51,25.51
ORD02028,PROD0001,Wireless Headphones,Electronics,2,220.67,441.34
ORD02028,PROD0014,Winter Jacket,Clothing,1,87.84,87.84
ORD02028,PROD0006,Mechanical Keyboard,Electronics,3,151.5,454.5
ORD02029,PROD0055,Argan Shampoo,Beauty,3,29.44,88.32
ORD02030,PROD0020,Scarf,Clothing,1,12.21,12.21
ORD02030,PROD0047,Cook Book,Books,1,17.53,17.53
ORD02030,PROD0017,Running Shorts,Clothing,1,23.82,23.82
ORD02030,PROD0022,Air Fryer,Home & Kitchen,3,143.78,431.34
ORD02031,PROD0003,Bluetooth Speaker,Electronics,2,63.0,126.0
ORD02031,PROD0042,Data Science Handbook,Books,2,26.6,53.2
ORD02031,PROD0057,Perfume,Beauty,2,50.54,101.08
ORD02031,PROD0065,Collectible Doll,Toys,1,52.93,52.93
ORD02032,PROD0079,Multivitamins,Food & Grocery,2,20.74,41.48
ORD02032,PROD0014,Winter Jacket,Clothing,2,87.84,175.68
ORD02033,PROD0022,Air Fryer,Home & Kitchen,1,143.78,143.78
ORD02033,PROD0027,Mug Set,Home & Kitchen,2,18.25,36.5
ORD02034,PROD0031,Yoga Mat,Sports,3,68.43,205.29
ORD02034,PROD0043,ML Engineering Guide,Books,1,29.52,29.52
ORD02034,PROD0061,LEGO Creator Set,Toys,1,99.16,99.16
ORD02034,PROD0069,Science Experiment Kit,Toys,1,27.62,27.62
ORD02035,PROD0032,Adjustable Dumbbells,Sports,3,159.46,478.38
ORD02035,PROD0021,Coffee Maker,Home & Kitchen,1,168.93,168.93
ORD02035,PROD0055,Argan Shampoo,Beauty,3,29.44,88.32
ORD02036,PROD0006,Mechanical Keyboard,Electronics,2,151.5,303.0
ORD02036,PROD0075,Extra Virgin Olive Oil,Food & Grocery,2,26.39,52.78
ORD02036,PROD0066,RC Racing Car,Toys,3,74.32,222.96
ORD02037,PROD0006,Mechanical Keyboard,Electronics,1,151.5,151.5
ORD02038,PROD0059,Vitamin C Serum,Beauty,3,28.13,84.39
ORD02038,PROD0007,Gaming Mouse,Electronics,2,109.76,219.52
ORD02039,PROD0039,Protein Shaker,Sports,1,31.54,31.54
ORD02039,PROD0053,Lipstick Set,Beauty,1,19.34,19.34
ORD02039,PROD0011,T-Shirt,Clothing,1,18.75,18.75
ORD02040,PROD0036,Jump Rope,Sports,1,20.14,20.14
ORD02040,PROD0004,USB-C Hub,Electronics,1,33.39,33.39
ORD02040,PROD0063,1000-Piece Puzzle,Toys,1,26.71,26.71
ORD02040,PROD0040,Fitness Tracker,Sports,2,99.28,198.56
ORD02041,PROD0067,Card Game Pack,Toys,2,11.89,23.78
ORD02042,PROD0058,Eye Cream,Beauty,3,71.04,213.12
ORD02042,PROD0062,Strategy Board Game,Toys,2,43.8,87.6
ORD02042,PROD0070,Plush Stuffed Animal,Toys,2,16.69,33.38
ORD02042,PROD0030,Throw Pillow,Home & Kitchen,2,42.17,84.34
ORD02043,PROD0002,Smart Watch,Electronics,3,110.0,330.0
ORD02043,PROD0055,Argan Shampoo,Beauty,2,29.44,58.88
ORD02043,PROD0059,Vitamin C Serum,Beauty,1,28.13,28.13
ORD02043,PROD0051,Face Moisturizer,Beauty,2,39.06,78.12
ORD02044,PROD0012,Jeans,Clothing,3,65.37,196.11
ORD02044,PROD0066,RC Racing Car,Toys,3,74.32,222.96
ORD02044,PROD0052,SPF Sunscreen,Beauty,2,19.96,39.92
ORD02044,PROD0040,Fitness Tracker,Sports,1,99.28,99.28
ORD02045,PROD0063,1000-Piece Puzzle,Toys,3,26.71,80.13
ORD02045,PROD0045,Self-Help Bestseller,Books,3,13.44,40.32
ORD02045,PROD0014,Winter Jacket,Clothing,1,87.84,87.84
ORD02045,PROD0033,Resistance Bands,Sports,1,26.09,26.09
ORD02046,PROD0008,Portable Monitor,Electronics,3,144.34,433.02
ORD02046,PROD0072,Premium Coffee Beans,Food & Grocery,3,43.12,129.36
ORD02046,PROD0013,Sneakers,Clothing,1,42.92,42.92
ORD02047,PROD0007,Gaming Mouse,Electronics,2,109.76,219.52
ORD02048,PROD0033,Resistance Bands,Sports,3,26.09,78.27
ORD02049,PROD0027,Mug Set,Home & Kitchen,2,18.25,36.5
ORD02050,PROD0015,Summer Dress,Clothing,1,67.24,67.24
ORD02050,PROD0005,Webcam,Electronics,2,143.11,286.22
ORD02050,PROD0029,LED Desk Lamp,Home & Kitchen,1,80.09,80.09
ORD02051,PROD0030,Throw Pillow,Home & Kitchen,2,42.17,84.34
ORD02052,PROD0028,Storage Organizer,Home & Kitchen,1,24.84,24.84
ORD02053,PROD0011,T-Shirt,Clothing,2,18.75,37.5
ORD02053,PROD0050,Graphic Novel,Books,1,18.57,18.57
ORD02054,PROD0021,Coffee Maker,Home & Kitchen,1,168.93,168.93
ORD02054,PROD0029,LED Desk Lamp,Home & Kitchen,2,80.09,160.18
ORD02054,PROD0026,Cutting Board,Home & Kitchen,1,23.46,23.46
ORD02055,PROD0037,Foam Roller,Sports,3,53.18,159.54
ORD02056,PROD0059,Vitamin C Serum,Beauty,3,28.13,84.39
ORD02056,PROD0041,Python Programming,Books,1,41.14,41.14
ORD02057,PROD0079,Multivitamins,Food & Grocery,3,20.74,62.22
ORD02057,PROD0015,Summer Dress,Clothing,2,67.24,134.48
ORD02057,PROD0077,Mixed Nuts Pack,Food & Grocery,3,37.44,112.32
ORD02058,PROD0013,Sneakers,Clothing,1,42.92,42.92
ORD02059,PROD0039,Protein Shaker,Sports,1,31.54,31.54
ORD02060,PROD0066,RC Racing Car,Toys,1,74.32,74.32
ORD02060,PROD0076,Artisan Pasta,Food & Grocery,3,10.93,32.79
ORD02060,PROD0014,Winter Jacket,Clothing,2,87.84,175.68
ORD02061,PROD0015,Summer Dress,Clothing,1,67.24,67.24
ORD02062,PROD0076,Artisan Pasta,Food & Grocery,1,10.93,10.93
ORD02062,PROD0030,Throw Pillow,Home & Kitchen,1,42.17,42.17
ORD02062,PROD0060,Nail Polish Set,Beauty,1,16.35,16.35
ORD02063,PROD0021,Coffee Maker,Home & Kitchen,2,168.93,337.86
ORD02064,PROD0026,Cutting Board,Home & Kitchen,2,23.46,46.92
ORD02065,PROD0080,Healthy Snack Box,Food & Grocery,3,23.63,70.89
ORD02065,PROD0066,RC Racing Car,Toys,2,74.32,148.64
ORD02065,PROD0002,Smart Watch,Electronics,3,110.0,330.0
ORD02065,PROD0033,Resistance Bands,Sports,3,26.09,78.27
ORD02066,PROD0040,Fitness Tracker,Sports,3,99.28,297.84
ORD02066,PROD0056,Hair Conditioner,Beauty,2,28.27,56.54
ORD02066,PROD0080,Healthy Snack Box,Food & Grocery,2,23.63,47.26
ORD02066,PROD0003,Bluetooth Speaker,Electronics,3,63.0,189.0
ORD02067,PROD0015,Summer Dress,Clothing,1,67.24,67.24
ORD02067,PROD0022,Air Fryer,Home & Kitchen,3,143.78,431.34
ORD02068,PROD0006,Mechanical Keyboard,Electronics,1,151.5,151.5
ORD02068,PROD0002,Smart Watch,Electronics,2,110.0,220.0
ORD02068,PROD0033,Resistance Bands,Sports,3,26.09,78.27
ORD02069,PROD0079,Multivitamins,Food & Grocery,1,20.74,20.74
ORD02070,PROD0072,Premium Coffee Beans,Food & Grocery,2,43.12,86.24
ORD02071,PROD0075,Extra Virgin Olive Oil,Food & Grocery,1,26.39,26.39
ORD02072,PROD0006,Mechanical Keyboard,Electronics,2,151.5,303.0
ORD02072,PROD0059,Vitamin C Serum,Beauty,2,28.13,56.26
ORD02072,PROD0009,Phone Case,Electronics,2,22.66,45.32
ORD02073,PROD0070,Plush Stuffed Animal,Toys,2,16.69,33.38
ORD02073,PROD0068,Art & Craft Kit,Toys,3,13.06,39.18
ORD02074,PROD0076,Artisan Pasta,Food & Grocery,1,10.93,10.93
ORD02074,PROD0052,SPF Sunscreen,Beauty,2,19.96,39.92
ORD02074,PROD0080,Healthy Snack Box,Food & Grocery,2,23.63,47.26
ORD02074,PROD0010,Tablet Stand,Electronics,1,16.34,16.34
ORD02075,PROD0023,Blender,Home & Kitchen,2,60.62,121.24
ORD02075,PROD0006,Mechanical Keyboard,Electronics,3,151.5,454.5
ORD02075,PROD0056,Hair Conditioner,Beauty,1,28.27,28.27
ORD02076,PROD0028,Storage Organizer,Home & Kitchen,3,24.84,74.52
ORD02076,PROD0059,Vitamin C Serum,Beauty,1,28.13,28.13
ORD02077,PROD0051,Face Moisturizer,Beauty,2,39.06,78.12
ORD02077,PROD0028,Storage Organizer,Home & Kitchen,2,24.84,49.68
ORD02077,PROD0044,Business Strategy,Books,1,25.81,25.81
ORD02077,PROD0039,Protein Shaker,Sports,1,31.54,31.54
ORD02078,PROD0079,Multivitamins,Food & Grocery,3,20.74,62.22
ORD02078,PROD0010,Tablet Stand,Electronics,2,16.34,32.68
ORD02079,PROD0078,Raw Honey,Food & Grocery,3,18.09,54.27
ORD02079,PROD0007,Gaming Mouse,Electronics,1,109.76,109.76
ORD02079,PROD0069,Science Experiment Kit,Toys,2,27.62,55.24
ORD02079,PROD0004,USB-C Hub,Electronics,2,33.39,66.78
ORD02080,PROD0001,Wireless Headphones,Electronics,1,220.67,220.67
ORD02080,PROD0003,Bluetooth Speaker,Electronics,2,63.0,126.0
ORD02080,PROD0005,Webcam,Electronics,3,143.11,429.33
ORD02081,PROD0057,Perfume,Beauty,3,50.54,151.62
ORD02082,PROD0037,Foam Roller,Sports,1,53.18,53.18
ORD02082,PROD0045,Self-Help Bestseller,Books,1,13.44,13.44
ORD02082,PROD0044,Business Strategy,Books,3,25.81,77.43
ORD02082,PROD0003,Bluetooth Speaker,Electronics,2,63.0,126.0
ORD02083,PROD0034,Water Bottle,Sports,1,49.06,49.06
ORD02084,PROD0052,SPF Sunscreen,Beauty,2,19.96,39.92
ORD02084,PROD0009,Phone Case,Electronics,2,22.66,45.32
ORD02084,PROD0059,Vitamin C Serum,Beauty,3,28.13,84.39
ORD02085,PROD0066,RC Racing Car,Toys,2,74.32,148.64
ORD02085,PROD0080,Healthy Snack Box,Food & Grocery,2,23.63,47.26
ORD02085,PROD0045,Self-Help Bestseller,Books,2,13.44,26.88
ORD02086,PROD0046,Science Fiction Novel,Books,1,13.49,13.49
ORD02086,PROD0014,Winter Jacket,Clothing,1,87.84,87.84
ORD02086,PROD0070,Plush Stuffed Animal,Toys,2,16.69,33.38
ORD02086,PROD0026,Cutting Board,Home & Kitchen,1,23.46,23.46
ORD02087,PROD0033,Resistance Bands,Sports,1,26.09,26.09
ORD02087,PROD0069,Science Experiment Kit,Toys,1,27.62,27.62
ORD02087,PROD0042,Data Science Handbook,Books,2,26.6,53.2
ORD02087,PROD0039,Protein Shaker,Sports,1,31.54,31.54
ORD02088,PROD0054,Foundation,Beauty,3,57.15,171.45
ORD02089,PROD0031,Yoga Mat,Sports,1,68.43,68.43
ORD02089,PROD0022,Air Fryer,Home & Kitchen,2,143.78,287.56
ORD02089,PROD0060,Nail Polish Set,Beauty,2,16.35,32.7
ORD02089,PROD0015,Summer Dress,Clothing,2,67.24,134.48
ORD02090,PROD0016,Hoodie,Clothing,3,57.25,171.75
ORD02090,PROD0033,Resistance Bands,Sports,3,26.09,78.27
ORD02090,PROD0027,Mug Set,Home & Kitchen,1,18.25,18.25
ORD02090,PROD0043,ML Engineering Guide,Books,2,29.52,59.04
ORD02091,PROD0002,Smart Watch,Electronics,1,110.0,110.0
ORD02092,PROD0033,Resistance Bands,Sports,2,26.09,52.18
ORD02093,PROD0009,Phone Case,Electronics,2,22.66,45.32
ORD02093,PROD0047,Cook Book,Books,1,17.53,17.53
ORD02093,PROD0007,Gaming Mouse,Electronics,3,109.76,329.28
ORD02094,PROD0075,Extra Virgin Olive Oil,Food & Grocery,1,26.39,26.39
ORD02095,PROD0020,Scarf,Clothing,2,12.21,24.42
ORD02095,PROD0067,Card Game Pack,Toys,1,11.89,11.89
ORD02095,PROD0037,Foam Roller,Sports,2,53.18,106.36
ORD02095,PROD0026,Cutting Board,Home & Kitchen,3,23.46,70.38
ORD02096,PROD0073,Matcha Green Tea,Food & Grocery,3,31.91,95.73
ORD02096,PROD0028,Storage Organizer,Home & Kitchen,2,24.84,49.68
ORD02096,PROD0040,Fitness Tracker,Sports,3,99.28,297.84
ORD02097,PROD0060,Nail Polish Set,Beauty,2,16.35,32.7
ORD02097,PROD0063,1000-Piece Puzzle,Toys,1,26.71,26.71
ORD02098,PROD0008,Portable Monitor,Electronics,3,144.34,433.02
ORD02098,PROD0029,LED Desk Lamp,Home & Kitchen,1,80.09,80.09
ORD02099,PROD0029,LED Desk Lamp,Home & Kitchen,2,80.09,160.18
ORD02099,PROD0080,Healthy Snack Box,Food & Grocery,2,23.63,47.26
ORD02099,PROD0003,Bluetooth Speaker,Electronics,3,63.0,189.0
ORD02100,PROD0024,Toaster,Home & Kitchen,1,29.33,29.33
ORD02100,PROD0066,RC Racing Car,Toys,2,74.32,148.64
ORD02100,PROD0044,Business Strategy,Books,1,25.81,25.81
ORD02100,PROD0040,Fitness Tracker,Sports,3,99.28,297.84
ORD02101,PROD0028,Storage Organizer,Home & Kitchen,1,24.84,24.84
ORD02101,PROD0017,Running Shorts,Clothing,2,23.82,47.64
ORD02101,PROD0061,LEGO Creator Set,Toys,2,99.16,198.32
ORD02102,PROD0066,RC Racing Car,Toys,2,74.32,148.64
ORD02102,PROD0013,Sneakers,Clothing,1,42.92,42.92
ORD02102,PROD0030,Throw Pillow,Home & Kitchen,1,42.17,42.17
ORD02102,PROD0019,Cap,Clothing,2,34.28,68.56
ORD02103,PROD0008,Portable Monitor,Electronics,3,144.34,433.02
ORD02103,PROD0025,Knife Set,Home & Kitchen,1,144.87,144.87
ORD02103,PROD0012,Jeans,Clothing,1,65.37,65.37
ORD02103,PROD0064,Action Figure,Toys,2,30.54,61.08
ORD02104,PROD0007,Gaming Mouse,Electronics,3,109.76,329.28
ORD02105,PROD0001,Wireless Headphones,Electronics,2,220.67,441.34
ORD02105,PROD0011,T-Shirt,Clothing,1,18.75,18.75
ORD02106,PROD0017,Running Shorts,Clothing,2,23.82,47.64
ORD02106,PROD0047,Cook Book,Books,2,17.53,35.06
ORD02106,PROD0037,Foam Roller,Sports,3,53.18,159.54
ORD02106,PROD0069,Science Experiment Kit,Toys,1,27.62,27.62
ORD02107,PROD0010,Tablet Stand,Electronics,3,16.34,49.02
ORD02107,PROD0001,Wireless Headphones,Electronics,1,220.67,220.67
ORD02107,PROD0058,Eye Cream,Beauty,1,71.04,71.04
ORD02108,PROD0025,Knife Set,Home & Kitchen,3,144.87,434.61
ORD02108,PROD0062,Strategy Board Game,Toys,3,43.8,131.4
ORD02108,PROD0053,Lipstick Set,Beauty,2,19.34,38.68
ORD02108,PROD0035,Running Shoes,Sports,3,99.21,297.63
ORD02109,PROD0022,Air Fryer,Home & Kitchen,2,143.78,287.56
ORD02110,PROD0028,Storage Organizer,Home & Kitchen,2,24.84,49.68
ORD02111,PROD0013,Sneakers,Clothing,3,42.92,128.76
ORD02111,PROD0030,Throw Pillow,Home & Kitchen,3,42.17,126.51
ORD02111,PROD0072,Premium Coffee Beans,Food & Grocery,1,43.12,43.12
ORD02111,PROD0026,Cutting Board,Home & Kitchen,1,23.46,23.46
ORD02112,PROD0025,Knife Set,Home & Kitchen,3,144.87,434.61
ORD02113,PROD0013,Sneakers,Clothing,2,42.92,85.84
ORD02113,PROD0069,Science Experiment Kit,Toys,1,27.62,27.62
ORD02113,PROD0003,Bluetooth Speaker,Electronics,2,63.0,126.0
ORD02114,PROD0061,LEGO Creator Set,Toys,2,99.16,198.32
ORD02115,PROD0032,Adjustable Dumbbells,Sports,3,159.46,478.38
ORD02116,PROD0019,Cap,Clothing,2,34.28,68.56
ORD02116,PROD0072,Premium Coffee Beans,Food & Grocery,1,43.12,43.12
ORD02117,PROD0056,Hair Conditioner,Beauty,3,28.27,84.81
ORD02117,PROD0052,SPF Sunscreen,Beauty,1,19.96,19.96
ORD02117,PROD0016,Hoodie,Clothing,2,57.25,114.5
ORD02117,PROD0015,Summer Dress,Clothing,3,67.24,201.72
ORD02118,PROD0077,Mixed Nuts Pack,Food & Grocery,2,37.44,74.88
ORD02118,PROD0064,Action Figure,Toys,2,30.54,61.08
ORD02118,PROD0079,Multivitamins,Food & Grocery,1,20.74,20.74
ORD02118,PROD0025,Knife Set,Home & Kitchen,2,144.87,289.74
ORD02119,PROD0022,Air Fryer,Home & Kitchen,3,143.78,431.34
ORD02119,PROD0027,Mug Set,Home & Kitchen,3,18.25,54.75
ORD02120,PROD0035,Running Shoes,Sports,2,99.21,198.42
ORD02120,PROD0012,Jeans,Clothing,2,65.37,130.74
ORD02120,PROD0011,T-Shirt,Clothing,1,18.75,18.75
ORD02121,PROD0036,Jump Rope,Sports,3,20.14,60.42
ORD02121,PROD0002,Smart Watch,Electronics,3,110.0,330.0
ORD02121,PROD0026,Cutting Board,Home & Kitchen,2,23.46,46.92
ORD02121,PROD0041,Python Programming,Books,2,41.14,82.28
ORD02122,PROD0045,Self-Help Bestseller,Books,2,13.44,26.88
ORD02122,PROD0001,Wireless Headphones,Electronics,2,220.67,441.34
ORD02122,PROD0069,Science Experiment Kit,Toys,1,27.62,27.62
ORD02123,PROD0020,Scarf,Clothing,1,12.21,12.21
ORD02123,PROD0068,Art & Craft Kit,Toys,3,13.06,39.18
ORD02123,PROD0077,Mixed Nuts Pack,Food & Grocery,3,37.44,112.32
ORD02123,PROD0015,Summer Dress,Clothing,1,67.24,67.24
ORD02124,PROD0079,Multivitamins,Food & Grocery,3,20.74,62.22
ORD02124,PROD0080,Healthy Snack Box,Food & Grocery,2,23.63,47.26
ORD02125,PROD0010,Tablet Stand,Electronics,1,16.34,16.34
ORD02125,PROD0016,Hoodie,Clothing,2,57.25,114.5
ORD02126,PROD0041,Python Programming,Books,2,41.14,82.28
ORD02126,PROD0076,Artisan Pasta,Food & Grocery,3,10.93,32.79
ORD02127,PROD0035,Running Shoes,Sports,2,99.21,198.42
ORD02127,PROD0007,Gaming Mouse,Electronics,3,109.76,329.28
ORD02128,PROD0065,Collectible Doll,Toys,1,52.93,52.93
ORD02128,PROD0051,Face Moisturizer,Beauty,1,39.06,39.06
ORD02129,PROD0026,Cutting Board,Home & Kitchen,1,23.46,23.46
ORD02129,PROD0025,Knife Set,Home & Kitchen,3,144.87,434.61
ORD02130,PROD0008,Portable Monitor,Electronics,2,144.34,288.68
ORD02130,PROD0050,Graphic Novel,Books,1,18.57,18.57
ORD02131,PROD0003,Bluetooth Speaker,Electronics,1,63.0,63.0
ORD02132,PROD0034,Water Bottle,Sports,2,49.06,98.12
ORD02132,PROD0029,LED Desk Lamp,Home & Kitchen,3,80.09,240.27
ORD02132,PROD0014,Winter Jacket,Clothing,2,87.84,175.68
ORD02132,PROD0076,Artisan Pasta,Food & Grocery,2,10.93,21.86
ORD02133,PROD0066,RC Racing Car,Toys,2,74.32,148.64
ORD02134,PROD0079,Multivitamins,Food & Grocery,2,20.74,41.48
ORD02135,PROD0072,Premium Coffee Beans,Food & Grocery,1,43.12,43.12
ORD02135,PROD0061,LEGO Creator Set,Toys,2,99.16,198.32
ORD02136,PROD0030,Throw Pillow,Home & Kitchen,3,42.17,126.51
ORD02136,PROD0053,Lipstick Set,Beauty,3,19.34,58.02
ORD02137,PROD0038,Gym Bag,Sports,1,65.2,65.2
ORD02137,PROD0030,Throw Pillow,Home & Kitchen,2,42.17,84.34
ORD02137,PROD0064,Action Figure,Toys,2,30.54,61.08
ORD02138,PROD0010,Tablet Stand,Electronics,3,16.34,49.02
ORD02138,PROD0078,Raw Honey,Food & Grocery,3,18.09,54.27
ORD02138,PROD0044,Business Strategy,Books,1,25.81,25.81
ORD02138,PROD0005,Webcam,Electronics,1,143.11,143.11
ORD02139,PROD0075,Extra Virgin Olive Oil,Food & Grocery,1,26.39,26.39
ORD02139,PROD0012,Jeans,Clothing,1,65.37,65.37
ORD02139,PROD0019,Cap,Clothing,2,34.28,68.56
ORD02140,PROD0061,LEGO Creator Set,Toys,1,99.16,99.16
ORD02141,PROD0004,USB-C Hub,Electronics,1,33.39,33.39
ORD02141,PROD0057,Perfume,Beauty,1,50.54,50.54
ORD02142,PROD0013,Sneakers,Clothing,3,42.92,128.76
ORD02142,PROD0015,Summer Dress,Clothing,2,67.24,134.48
ORD02143,PROD0011,T-Shirt,Clothing,1,18.75,18.75
ORD02144,PROD0038,Gym Bag,Sports,1,65.2,65.2
ORD02144,PROD0066,RC Racing Car,Toys,3,74.32,222.96
ORD02144,PROD0069,Science Experiment Kit,Toys,2,27.62,55.24
ORD02145,PROD0004,USB-C Hub,Electronics,2,33.39,66.78
ORD02145,PROD0021,Coffee Maker,Home & Kitchen,1,168.93,168.93
ORD02145,PROD0062,Strategy Board Game,Toys,1,43.8,43.8
ORD02146,PROD0016,Hoodie,Clothing,3,57.25,171.75
ORD02146,PROD0065,Collectible Doll,Toys,1,52.93,52.93
ORD02146,PROD0042,Data Science Handbook,Books,1,26.6,26.6
ORD02146,PROD0057,Perfume,Beauty,2,50.54,101.08
ORD02147,PROD0066,RC Racing Car,Toys,1,74.32,74.32
ORD02147,PROD0043,ML Engineering Guide,Books,1,29.52,29.52
ORD02147,PROD0050,Graphic Novel,Books,1,18.57,18.57
ORD02147,PROD0003,Bluetooth Speaker,Electronics,2,63.0,126.0
ORD02148,PROD0020,Scarf,Clothing,2,12.21,24.42
ORD02148,PROD0005,Webcam,Electronics,1,143.11,143.11
ORD02149,PROD0029,LED Desk Lamp,Home & Kitchen,3,80.09,240.27
ORD02149,PROD0062,Strategy Board Game,Toys,1,43.8,43.8
ORD02149,PROD0008,Portable Monitor,Electronics,1,144.34,144.34
ORD02150,PROD0056,Hair Conditioner,Beauty,3,28.27,84.81
ORD02150,PROD0002,Smart Watch,Electronics,1,110.0,110.0
ORD02150,PROD0015,Summer Dress,Clothing,1,67.24,67.24
ORD02151,PROD0029,LED Desk Lamp,Home & Kitchen,2,80.09,160.18
ORD02151,PROD0062,Strategy Board Game,Toys,2,43.8,87.6
ORD02152,PROD0014,Winter Jacket,Clothing,2,87.84,175.68
ORD02152,PROD0067,Card Game Pack,Toys,2,11.89,23.78
ORD02153,PROD0057,Perfume,Beauty,3,50.54,151.62
ORD02153,PROD0052,SPF Sunscreen,Beauty,1,19.96,19.96
ORD02153,PROD0008,Portable Monitor,Electronics,1,144.34,144.34
ORD02153,PROD0030,Throw Pillow,Home & Kitchen,2,42.17,84.34
ORD02154,PROD0059,Vitamin C Serum,Beauty,3,28.13,84.39
ORD02154,PROD0001,Wireless Headphones,Electronics,2,220.67,441.34
ORD02155,PROD0010,Tablet Stand,Electronics,2,16.34,32.68
ORD02155,PROD0055,Argan Shampoo,Beauty,1,29.44,29.44
ORD02155,PROD0078,Raw Honey,Food & Grocery,3,18.09,54.27
ORD02155,PROD0022,Air Fryer,Home & Kitchen,1,143.78,143.78
ORD02156,PROD0019,Cap,Clothing,3,34.28,102.84
ORD02156,PROD0025,Knife Set,Home & Kitchen,1,144.87,144.87
ORD02157,PROD0077,Mixed Nuts Pack,Food & Grocery,2,37.44,74.88
ORD02157,PROD0031,Yoga Mat,Sports,2,68.43,136.86
ORD02157,PROD0040,Fitness Tracker,Sports,1,99.28,99.28
ORD02157,PROD0044,Business Strategy,Books,1,25.81,25.81
ORD02158,PROD0008,Portable Monitor,Electronics,3,144.34,433.02
ORD02158,PROD0014,Winter Jacket,Clothing,3,87.84,263.52
ORD02158,PROD0028,Storage Organizer,Home & Kitchen,3,24.84,74.52
ORD02159,PROD0052,SPF Sunscreen,Beauty,1,19.96,19.96
ORD02159,PROD0032,Adjustable Dumbbells,Sports,3,159.46,478.38
ORD02159,PROD0041,Python Programming,Books,3,41.14,123.42
ORD02160,PROD0048,World History,Books,3,25.51,76.53
ORD02160,PROD0078,Raw Honey,Food & Grocery,3,18.09,54.27
ORD02161,PROD0042,Data Science Handbook,Books,1,26.6,26.6
ORD02161,PROD0050,Graphic Novel,Books,2,18.57,37.14
ORD02162,PROD0009,Phone Case,Electronics,2,22.66,45.32
ORD02162,PROD0004,USB-C Hub,Electronics,1,33.39,33.39
ORD02163,PROD0027,Mug Set,Home & Kitchen,1,18.25,18.25
ORD02164,PROD0070,Plush Stuffed Animal,Toys,2,16.69,33.38
ORD02165,PROD0033,Resistance Bands,Sports,2,26.09,52.18
ORD02165,PROD0024,Toaster,Home & Kitchen,3,29.33,87.99
ORD02166,PROD0023,Blender,Home & Kitchen,2,60.62,121.24
ORD02167,PROD0050,Graphic Novel,Books,1,18.57,18.57
ORD02167,PROD0054,Foundation,Beauty,1,57.15,57.15
ORD02167,PROD0064,Action Figure,Toys,2,30.54,61.08
ORD02167,PROD0039,Protein Shaker,Sports,3,31.54,94.62
ORD02168,PROD0010,Tablet Stand,Electronics,2,16.34,32.68
ORD02168,PROD0077,Mixed Nuts Pack,Food & Grocery,2,37.44,74.88
ORD02168,PROD0023,Blender,Home & Kitchen,3,60.62,181.86
ORD02168,PROD0049,Travel Photography,Books,2,39.07,78.14
ORD02169,PROD0047,Cook Book,Books,2,17.53,35.06
ORD02169,PROD0007,Gaming Mouse,Electronics,1,109.76,109.76
ORD02170,PROD0053,Lipstick Set,Beauty,2,19.34,38.68
ORD02170,PROD0033,Resistance Bands,Sports,1,26.09,26.09
ORD02170,PROD0041,Python Programming,Books,3,41.14,123.42
ORD02171,PROD0069,Science Experiment Kit,Toys,2,27.62,55.24
ORD02171,PROD0022,Air Fryer,Home & Kitchen,3,143.78,431.34
ORD02171,PROD0049,Travel Photography,Books,3,39.07,117.21
ORD02171,PROD0075,Extra Virgin Olive Oil,Food & Grocery,3,26.39,79.17
ORD02172,PROD0037,Foam Roller,Sports,1,53.18,53.18
ORD02172,PROD0040,Fitness Tracker,Sports,2,99.28,198.56
ORD02172,PROD0024,Toaster,Home & Kitchen,3,29.33,87.99
ORD02173,PROD0077,Mixed Nuts Pack,Food & Grocery,3,37.44,112.32
ORD02174,PROD0031,Yoga Mat,Sports,2,68.43,136.86
ORD02174,PROD0020,Scarf,Clothing,1,12.21,12.21
ORD02174,PROD0009,Phone Case,Electronics,2,22.66,45.32
ORD02174,PROD0032,Adjustable Dumbbells,Sports,3,159.46,478.38
ORD02175,PROD0072,Premium Coffee Beans,Food & Grocery,2,43.12,86.24
ORD02175,PROD0015,Summer Dress,Clothing,2,67.24,134.48
ORD02175,PROD0024,Toaster,Home & Kitchen,1,29.33,29.33
ORD02175,PROD0048,World History,Books,1,25.51,25.51
ORD02176,PROD0076,Artisan Pasta,Food & Grocery,3,10.93,32.79
ORD02177,PROD0068,Art & Craft Kit,Toys,3,13.06,39.18
ORD02178,PROD0046,Science Fiction Novel,Books,3,13.49,40.47
ORD02179,PROD0019,Cap,Clothing,3,34.28,102.84
ORD02179,PROD0040,Fitness Tracker,Sports,1,99.28,99.28
ORD02180,PROD0023,Blender,Home & Kitchen,1,60.62,60.62
ORD02180,PROD0056,Hair Conditioner,Beauty,1,28.27,28.27
ORD02181,PROD0024,Toaster,Home & Kitchen,2,29.33,58.66
ORD02181,PROD0077,Mixed Nuts Pack,Food & Grocery,1,37.44,37.44
ORD02181,PROD0055,Argan Shampoo,Beauty,3,29.44,88.32
ORD02182,PROD0019,Cap,Clothing,2,34.28,68.56
ORD02183,PROD0049,Travel Photography,Books,3,39.07,117.21
ORD02183,PROD0032,Adjustable Dumbbells,Sports,3,159.46,478.38
ORD02183,PROD0061,LEGO Creator Set,Toys,1,99.16,99.16
ORD02184,PROD0072,Premium Coffee Beans,Food & Grocery,1,43.12,43.12
ORD02184,PROD0038,Gym Bag,Sports,1,65.2,65.2
ORD02185,PROD0053,Lipstick Set,Beauty,1,19.34,19.34
ORD02185,PROD0018,Ankle Socks,Clothing,1,13.84,13.84
ORD02185,PROD0039,Protein Shaker,Sports,1,31.54,31.54
ORD02186,PROD0060,Nail Polish Set,Beauty,1,16.35,16.35
ORD02186,PROD0015,Summer Dress,Clothing,1,67.24,67.24
ORD02187,PROD0007,Gaming Mouse,Electronics,2,109.76,219.52
ORD02187,PROD0001,Wireless Headphones,Electronics,1,220.67,220.67
ORD02188,PROD0016,Hoodie,Clothing,1,57.25,57.25
ORD02189,PROD0009,Phone Case,Electronics,3,22.66,67.98
ORD02189,PROD0056,Hair Conditioner,Beauty,2,28.27,56.54
ORD02189,PROD0063,1000-Piece Puzzle,Toys,2,26.71,53.42
ORD02190,PROD0079,Multivitamins,Food & Grocery,1,20.74,20.74
ORD02191,PROD0037,Foam Roller,Sports,2,53.18,106.36
ORD02191,PROD0071,Whey Protein Bar,Food & Grocery,2,22.38,44.76
ORD02192,PROD0007,Gaming Mouse,Electronics,3,109.76,329.28
ORD02192,PROD0066,RC Racing Car,Toys,3,74.32,222.96
ORD02192,PROD0022,Air Fryer,Home & Kitchen,1,143.78,143.78
ORD02193,PROD0072,Premium Coffee Beans,Food & Grocery,2,43.12,86.24
ORD02193,PROD0074,Granola Mix,Food & Grocery,3,13.35,40.05
ORD02194,PROD0042,Data Science Handbook,Books,3,26.6,79.8
ORD02194,PROD0025,Knife Set,Home & Kitchen,1,144.87,144.87
ORD02194,PROD0013,Sneakers,Clothing,3,42.92,128.76
ORD02195,PROD0010,Tablet Stand,Electronics,1,16.34,16.34
ORD02195,PROD0015,Summer Dress,Clothing,1,67.24,67.24
ORD02196,PROD0001,Wireless Headphones,Electronics,2,220.67,441.34
ORD02196,PROD0080,Healthy Snack Box,Food & Grocery,1,23.63,23.63
ORD02197,PROD0051,Face Moisturizer,Beauty,1,39.06,39.06
ORD02197,PROD0041,Python Programming,Books,3,41.14,123.42
ORD02197,PROD0074,Granola Mix,Food & Grocery,2,13.35,26.7
ORD02197,PROD0030,Throw Pillow,Home & Kitchen,1,42.17,42.17
ORD02198,PROD0063,1000-Piece Puzzle,Toys,3,26.71,80.13
ORD02199,PROD0073,Matcha Green Tea,Food & Grocery,2,31.91,63.82
ORD02200,PROD0038,Gym Bag,Sports,1,65.2,65.2
ORD02200,PROD0070,Plush Stuffed Animal,Toys,1,16.69,16.69
ORD02201,PROD0026,Cutting Board,Home & Kitchen,2,23.46,46.92
ORD02201,PROD0003,Bluetooth Speaker,Electronics,1,63.0,63.0
ORD02201,PROD0050,Graphic Novel,Books,1,18.57,18.57
ORD02202,PROD0049,Travel Photography,Books,2,39.07,78.14
ORD02203,PROD0062,Strategy Board Game,Toys,3,43.8,131.4
ORD02203,PROD0075,Extra Virgin Olive Oil,Food & Grocery,2,26.39,52.78
ORD02203,PROD0060,Nail Polish Set,Beauty,2,16.35,32.7
ORD02204,PROD0068,Art & Craft Kit,Toys,1,13.06,13.06
ORD02204,PROD0013,Sneakers,Clothing,1,42.92,42.92
ORD02205,PROD0013,Sneakers,Clothing,1,42.92,42.92
ORD02205,PROD0042,Data Science Handbook,Books,2,26.6,53.2
ORD02206,PROD0067,Card Game Pack,Toys,1,11.89,11.89
ORD02206,PROD0056,Hair Conditioner,Beauty,1,28.27,28.27
ORD02206,PROD0016,Hoodie,Clothing,2,57.25,114.5
ORD02206,PROD0061,LEGO Creator Set,Toys,2,99.16,198.32
ORD02207,PROD0066,RC Racing Car,Toys,3,74.32,222.96
ORD02207,PROD0021,Coffee Maker,Home & Kitchen,2,168.93,337.86
ORD02207,PROD0058,Eye Cream,Beauty,2,71.04,142.08
ORD02208,PROD0059,Vitamin C Serum,Beauty,1,28.13,28.13
ORD02208,PROD0021,Coffee Maker,Home & Kitchen,1,168.93,168.93
ORD02209,PROD0029,LED Desk Lamp,Home & Kitchen,1,80.09,80.09
ORD02209,PROD0080,Healthy Snack Box,Food & Grocery,3,23.63,70.89
ORD02209,PROD0062,Strategy Board Game,Toys,2,43.8,87.6
ORD02209,PROD0068,Art & Craft Kit,Toys,3,13.06,39.18
ORD02210,PROD0030,Throw Pillow,Home & Kitchen,3,42.17,126.51
ORD02211,PROD0021,Coffee Maker,Home & Kitchen,2,168.93,337.86
ORD02211,PROD0050,Graphic Novel,Books,2,18.57,37.14
ORD02212,PROD0060,Nail Polish Set,Beauty,3,16.35,49.05
ORD02213,PROD0010,Tablet Stand,Electronics,1,16.34,16.34
ORD02213,PROD0031,Yoga Mat,Sports,2,68.43,136.86
ORD02214,PROD0008,Portable Monitor,Electronics,1,144.34,144.34
ORD02214,PROD0045,Self-Help Bestseller,Books,3,13.44,40.32
ORD02214,PROD0066,RC Racing Car,Toys,1,74.32,74.32
ORD02214,PROD0029,LED Desk Lamp,Home & Kitchen,1,80.09,80.09
ORD02215,PROD0033,Resistance Bands,Sports,2,26.09,52.18
ORD02215,PROD0047,Cook Book,Books,1,17.53,17.53
ORD02215,PROD0020,Scarf,Clothing,3,12.21,36.63
ORD02215,PROD0038,Gym Bag,Sports,2,65.2,130.4
ORD02216,PROD0060,Nail Polish Set,Beauty,2,16.35,32.7
ORD02216,PROD0030,Throw Pillow,Home & Kitchen,2,42.17,84.34
ORD02217,PROD0021,Coffee Maker,Home & Kitchen,2,168.93,337.86
ORD02217,PROD0008,Portable Monitor,Electronics,1,144.34,144.34
ORD02217,PROD0051,Face Moisturizer,Beauty,3,39.06,117.18
ORD02217,PROD0072,Premium Coffee Beans,Food & Grocery,3,43.12,129.36
ORD02218,PROD0009,Phone Case,Electronics,2,22.66,45.32
ORD02218,PROD0048,World History,Books,2,25.51,51.02
ORD02218,PROD0075,Extra Virgin Olive Oil,Food & Grocery,1,26.39,26.39
ORD02218,PROD0033,Resistance Bands,Sports,1,26.09,26.09
ORD02219,PROD0035,Running Shoes,Sports,3,99.21,297.63
ORD02220,PROD0041,Python Programming,Books,1,41.14,41.14
ORD02220,PROD0043,ML Engineering Guide,Books,2,29.52,59.04
ORD02220,PROD0019,Cap,Clothing,1,34.28,34.28
ORD02220,PROD0068,Art & Craft Kit,Toys,1,13.06,13.06
ORD02221,PROD0047,Cook Book,Books,3,17.53,52.59
ORD02222,PROD0078,Raw Honey,Food & Grocery,3,18.09,54.27
ORD02222,PROD0056,Hair Conditioner,Beauty,3,28.27,84.81
ORD02223,PROD0016,Hoodie,Clothing,2,57.25,114.5
ORD02223,PROD0029,LED Desk Lamp,Home & Kitchen,1,80.09,80.09
ORD02223,PROD0053,Lipstick Set,Beauty,2,19.34,38.68
ORD02224,PROD0010,Tablet Stand,Electronics,1,16.34,16.34
ORD02225,PROD0079,Multivitamins,Food & Grocery,3,20.74,62.22
ORD02225,PROD0020,Scarf,Clothing,1,12.21,12.21
ORD02226,PROD0043,ML Engineering Guide,Books,2,29.52,59.04
ORD02227,PROD0029,LED Desk Lamp,Home & Kitchen,2,80.09,160.18
ORD02227,PROD0077,Mixed Nuts Pack,Food & Grocery,2,37.44,74.88
ORD02228,PROD0009,Phone Case,Electronics,2,22.66,45.32
ORD02229,PROD0061,LEGO Creator Set,Toys,2,99.16,198.32
ORD02230,PROD0006,Mechanical Keyboard,Electronics,3,151.5,454.5
ORD02230,PROD0002,Smart Watch,Electronics,1,110.0,110.0
ORD02231,PROD0053,Lipstick Set,Beauty,3,19.34,58.02
ORD02232,PROD0076,Artisan Pasta,Food & Grocery,2,10.93,21.86
ORD02233,PROD0005,Webcam,Electronics,3,143.11,429.33
ORD02233,PROD0012,Jeans,Clothing,1,65.37,65.37
ORD02234,PROD0001,Wireless Headphones,Electronics,2,220.67,441.34
ORD02234,PROD0041,Python Programming,Books,3,41.14,123.42
ORD02234,PROD0051,Face Moisturizer,Beauty,2,39.06,78.12
ORD02234,PROD0006,Mechanical Keyboard,Electronics,3,151.5,454.5
ORD02235,PROD0070,Plush Stuffed Animal,Toys,2,16.69,33.38
ORD02235,PROD0034,Water Bottle,Sports,2,49.06,98.12
ORD02236,PROD0012,Jeans,Clothing,2,65.37,130.74
ORD02236,PROD0075,Extra Virgin Olive Oil,Food & Grocery,3,26.39,79.17
ORD02237,PROD0062,Strategy Board Game,Toys,1,43.8,43.8
ORD02237,PROD0034,Water Bottle,Sports,1,49.06,49.06
ORD02237,PROD0003,Bluetooth Speaker,Electronics,1,63.0,63.0
ORD02238,PROD0045,Self-Help Bestseller,Books,3,13.44,40.32
ORD02238,PROD0040,Fitness Tracker,Sports,2,99.28,198.56
ORD02239,PROD0042,Data Science Handbook,Books,3,26.6,79.8
ORD02239,PROD0077,Mixed Nuts Pack,Food & Grocery,3,37.44,112.32
ORD02239,PROD0014,Winter Jacket,Clothing,1,87.84,87.84
ORD02240,PROD0032,Adjustable Dumbbells,Sports,3,159.46,478.38
ORD02240,PROD0073,Matcha Green Tea,Food & Grocery,1,31.91,31.91
ORD02241,PROD0014,Winter Jacket,Clothing,3,87.84,263.52
ORD02241,PROD0073,Matcha Green Tea,Food & Grocery,2,31.91,63.82
ORD02241,PROD0037,Foam Roller,Sports,2,53.18,106.36
ORD02242,PROD0030,Throw Pillow,Home & Kitchen,2,42.17,84.34
ORD02243,PROD0028,Storage Organizer,Home & Kitchen,3,24.84,74.52
ORD02243,PROD0016,Hoodie,Clothing,2,57.25,114.5
ORD02243,PROD0024,Toaster,Home & Kitchen,3,29.33,87.99
ORD02243,PROD0059,Vitamin C Serum,Beauty,1,28.13,28.13
ORD02244,PROD0071,Whey Protein Bar,Food & Grocery,1,22.38,22.38
ORD02244,PROD0012,Jeans,Clothing,1,65.37,65.37
ORD02245,PROD0065,Collectible Doll,Toys,2,52.93,105.86
ORD02245,PROD0026,Cutting Board,Home & Kitchen,1,23.46,23.46
ORD02245,PROD0015,Summer Dress,Clothing,2,67.24,134.48
ORD02245,PROD0058,Eye Cream,Beauty,3,71.04,213.12
ORD02246,PROD0044,Business Strategy,Books,1,25.81,25.81
ORD02247,PROD0012,Jeans,Clothing,2,65.37,130.74
ORD02247,PROD0079,Multivitamins,Food & Grocery,3,20.74,62.22
ORD02247,PROD0011,T-Shirt,Clothing,3,18.75,56.25
ORD02248,PROD0068,Art & Craft Kit,Toys,2,13.06,26.12
ORD02248,PROD0053,Lipstick Set,Beauty,2,19.34,38.68
ORD02248,PROD0025,Knife Set,Home & Kitchen,1,144.87,144.87
ORD02249,PROD0022,Air Fryer,Home & Kitchen,3,143.78,431.34
ORD02249,PROD0039,Protein Shaker,Sports,3,31.54,94.62
ORD02249,PROD0026,Cutting Board,Home & Kitchen,2,23.46,46.92
ORD02250,PROD0012,Jeans,Clothing,3,65.37,196.11
ORD02250,PROD0051,Face Moisturizer,Beauty,3,39.06,117.18
ORD02251,PROD0057,Perfume,Beauty,2,50.54,101.08
ORD02251,PROD0002,Smart Watch,Electronics,3,110.0,330.0
ORD02252,PROD0073,Matcha Green Tea,Food & Grocery,3,31.91,95.73
ORD02252,PROD0025,Knife Set,Home & Kitchen,2,144.87,289.74
ORD02252,PROD0019,Cap,Clothing,1,34.28,34.28
ORD02252,PROD0003,Bluetooth Speaker,Electronics,2,63.0,126.0
ORD02253,PROD0071,Whey Protein Bar,Food & Grocery,1,22.38,22.38
ORD02253,PROD0051,Face Moisturizer,Beauty,3,39.06,117.18
ORD02254,PROD0049,Travel Photography,Books,2,39.07,78.14
ORD02254,PROD0073,Matcha Green Tea,Food & Grocery,2,31.91,63.82
ORD02254,PROD0036,Jump Rope,Sports,1,20.14,20.14
ORD02255,PROD0051,Face Moisturizer,Beauty,2,39.06,78.12
ORD02255,PROD0068,Art & Craft Kit,Toys,2,13.06,26.12
ORD02256,PROD0066,RC Racing Car,Toys,3,74.32,222.96
ORD02256,PROD0041,Python Programming,Books,2,41.14,82.28
ORD02257,PROD0024,Toaster,Home & Kitchen,1,29.33,29.33
ORD02257,PROD0016,Hoodie,Clothing,3,57.25,171.75
ORD02257,PROD0031,Yoga Mat,Sports,2,68.43,136.86
ORD02258,PROD0021,Coffee Maker,Home & Kitchen,3,168.93,506.79
ORD02258,PROD0051,Face Moisturizer,Beauty,1,39.06,39.06
ORD02259,PROD0028,Storage Organizer,Home & Kitchen,1,24.84,24.84
ORD02259,PROD0049,Travel Photography,Books,2,39.07,78.14
ORD02260,PROD0076,Artisan Pasta,Food & Grocery,1,10.93,10.93
ORD02261,PROD0024,Toaster,Home & Kitchen,2,29.33,58.66
ORD02261,PROD0014,Winter Jacket,Clothing,3,87.84,263.52
ORD02262,PROD0037,Foam Roller,Sports,1,53.18,53.18
ORD02262,PROD0074,Granola Mix,Food & Grocery,2,13.35,26.7
ORD02262,PROD0068,Art & Craft Kit,Toys,2,13.06,26.12
ORD02262,PROD0062,Strategy Board Game,Toys,1,43.8,43.8
ORD02263,PROD0061,LEGO Creator Set,Toys,1,99.16,99.16
ORD02263,PROD0060,Nail Polish Set,Beauty,3,16.35,49.05
ORD02263,PROD0040,Fitness Tracker,Sports,2,99.28,198.56
ORD02263,PROD0005,Webcam,Electronics,1,143.11,143.11
ORD02264,PROD0067,Card Game Pack,Toys,1,11.89,11.89
ORD02265,PROD0045,Self-Help Bestseller,Books,1,13.44,13.44
ORD02265,PROD0062,Strategy Board Game,Toys,1,43.8,43.8
ORD02266,PROD0056,Hair Conditioner,Beauty,1,28.27,28.27
ORD02266,PROD0068,Art & Craft Kit,Toys,2,13.06,26.12
ORD02266,PROD0070,Plush Stuffed Animal,Toys,3,16.69,50.07
ORD02267,PROD0058,Eye Cream,Beauty,3,71.04,213.12
ORD02267,PROD0007,Gaming Mouse,Electronics,1,109.76,109.76
ORD02268,PROD0068,Art & Craft Kit,Toys,3,13.06,39.18
ORD02269,PROD0080,Healthy Snack Box,Food & Grocery,2,23.63,47.26
ORD02269,PROD0062,Strategy Board Game,Toys,1,43.8,43.8
ORD02269,PROD0026,Cutting Board,Home & Kitchen,3,23.46,70.38
ORD02269,PROD0004,USB-C Hub,Electronics,2,33.39,66.78
ORD02270,PROD0033,Resistance Bands,Sports,1,26.09,26.09
ORD02271,PROD0021,Coffee Maker,Home & Kitchen,2,168.93,337.86
ORD02271,PROD0066,RC Racing Car,Toys,1,74.32,74.32
ORD02271,PROD0044,Business Strategy,Books,2,25.81,51.62
ORD02271,PROD0046,Science Fiction Novel,Books,2,13.49,26.98
ORD02272,PROD0055,Argan Shampoo,Beauty,3,29.44,88.32
ORD02273,PROD0035,Running Shoes,Sports,2,99.21,198.42
ORD02273,PROD0059,Vitamin C Serum,Beauty,1,28.13,28.13
ORD02273,PROD0046,Science Fiction Novel,Books,1,13.49,13.49
ORD02274,PROD0051,Face Moisturizer,Beauty,2,39.06,78.12
ORD02275,PROD0020,Scarf,Clothing,3,12.21,36.63
ORD02275,PROD0011,T-Shirt,Clothing,1,18.75,18.75
ORD02275,PROD0013,Sneakers,Clothing,1,42.92,42.92
ORD02276,PROD0009,Phone Case,Electronics,3,22.66,67.98
ORD02276,PROD0055,Argan Shampoo,Beauty,1,29.44,29.44
ORD02277,PROD0012,Jeans,Clothing,3,65.37,196.11
ORD02278,PROD0025,Knife Set,Home & Kitchen,3,144.87,434.61
ORD02279,PROD0076,Artisan Pasta,Food & Grocery,1,10.93,10.93
ORD02279,PROD0072,Premium Coffee Beans,Food & Grocery,2,43.12,86.24
ORD02280,PROD0014,Winter Jacket,Clothing,3,87.84,263.52
ORD02280,PROD0032,Adjustable Dumbbells,Sports,3,159.46,478.38
ORD02281,PROD0067,Card Game Pack,Toys,1,11.89,11.89
ORD02281,PROD0070,Plush Stuffed Animal,Toys,1,16.69,16.69
ORD02282,PROD0010,Tablet Stand,Electronics,2,16.34,32.68
ORD02282,PROD0024,Toaster,Home & Kitchen,1,29.33,29.33
ORD02282,PROD0069,Science Experiment Kit,Toys,1,27.62,27.62
ORD02283,PROD0001,Wireless Headphones,Electronics,2,220.67,441.34
ORD02283,PROD0048,World History,Books,1,25.51,25.51
ORD02284,PROD0065,Collectible Doll,Toys,2,52.93,105.86
ORD02285,PROD0047,Cook Book,Books,3,17.53,52.59
ORD02286,PROD0059,Vitamin C Serum,Beauty,2,28.13,56.26
ORD02286,PROD0069,Science Experiment Kit,Toys,2,27.62,55.24
ORD02287,PROD0003,Bluetooth Speaker,Electronics,2,63.0,126.0
ORD02288,PROD0040,Fitness Tracker,Sports,2,99.28,198.56
ORD02288,PROD0028,Storage Organizer,Home & Kitchen,2,24.84,49.68
ORD02288,PROD0018,Ankle Socks,Clothing,1,13.84,13.84
ORD02288,PROD0026,Cutting Board,Home & Kitchen,3,23.46,70.38
ORD02289,PROD0046,Science Fiction Novel,Books,1,13.49,13.49
ORD02289,PROD0013,Sneakers,Clothing,2,42.92,85.84
ORD02289,PROD0049,Travel Photography,Books,2,39.07,78.14
ORD02289,PROD0073,Matcha Green Tea,Food & Grocery,1,31.91,31.91
ORD02290,PROD0014,Winter Jacket,Clothing,2,87.84,175.68
ORD02290,PROD0041,Python Programming,Books,1,41.14,41.14
ORD02290,PROD0080,Healthy Snack Box,Food & Grocery,3,23.63,70.89
ORD02290,PROD0074,Granola Mix,Food & Grocery,3,13.35,40.05
ORD02291,PROD0015,Summer Dress,Clothing,1,67.24,67.24
ORD02291,PROD0068,Art & Craft Kit,Toys,1,13.06,13.06
ORD02291,PROD0007,Gaming Mouse,Electronics,3,109.76,329.28
ORD02292,PROD0001,Wireless Headphones,Electronics,1,220.67,220.67
ORD02292,PROD0005,Webcam,Electronics,2,143.11,286.22
ORD02292,PROD0059,Vitamin C Serum,Beauty,1,28.13,28.13
ORD02293,PROD0072,Premium Coffee Beans,Food & Grocery,2,43.12,86.24
ORD02293,PROD0035,Running Shoes,Sports,2,99.21,198.42
ORD02294,PROD0038,Gym Bag,Sports,2,65.2,130.4
ORD02295,PROD0018,Ankle Socks,Clothing,3,13.84,41.52
ORD02295,PROD0016,Hoodie,Clothing,1,57.25,57.25
ORD02295,PROD0031,Yoga Mat,Sports,1,68.43,68.43
ORD02295,PROD0003,Bluetooth Speaker,Electronics,3,63.0,189.0
ORD02296,PROD0080,Healthy Snack Box,Food & Grocery,1,23.63,23.63
ORD02297,PROD0075,Extra Virgin Olive Oil,Food & Grocery,2,26.39,52.78
ORD02297,PROD0061,LEGO Creator Set,Toys,1,99.16,99.16
ORD02298,PROD0040,Fitness Tracker,Sports,3,99.28,297.84
ORD02299,PROD0025,Knife Set,Home & Kitchen,2,144.87,289.74
ORD02299,PROD0034,Water Bottle,Sports,3,49.06,147.18
ORD02299,PROD0018,Ankle Socks,Clothing,1,13.84,13.84
ORD02300,PROD0051,Face Moisturizer,Beauty,2,39.06,78.12
ORD02300,PROD0002,Smart Watch,Electronics,1,110.0,110.0
ORD02300,PROD0023,Blender,Home & Kitchen,1,60.62,60.62
ORD02300,PROD0001,Wireless Headphones,Electronics,3,220.67,662.01
ORD02301,PROD0013,Sneakers,Clothing,2,42.92,85.84
ORD02302,PROD0032,Adjustable Dumbbells,Sports,2,159.46,318.92
ORD02302,PROD0033,Resistance Bands,Sports,2,26.09,52.18
ORD02302,PROD0018,Ankle Socks,Clothing,1,13.84,13.84
ORD02303,PROD0004,USB-C Hub,Electronics,2,33.39,66.78
ORD02303,PROD0010,Tablet Stand,Electronics,1,16.34,16.34
ORD02304,PROD0052,SPF Sunscreen,Beauty,2,19.96,39.92
ORD02304,PROD0004,USB-C Hub,Electronics,3,33.39,100.17
ORD02304,PROD0002,Smart Watch,Electronics,2,110.0,220.0
ORD02304,PROD0006,Mechanical Keyboard,Electronics,3,151.5,454.5
ORD02305,PROD0031,Yoga Mat,Sports,2,68.43,136.86
ORD02305,PROD0007,Gaming Mouse,Electronics,2,109.76,219.52
ORD02305,PROD0034,Water Bottle,Sports,1,49.06,49.06
ORD02306,PROD0038,Gym Bag,Sports,3,65.2,195.6
ORD02306,PROD0071,Whey Protein Bar,Food & Grocery,1,22.38,22.38
ORD02306,PROD0034,Water Bottle,Sports,2,49.06,98.12
ORD02306,PROD0035,Running Shoes,Sports,3,99.21,297.63
ORD02307,PROD0008,Portable Monitor,Electronics,1,144.34,144.34
ORD02307,PROD0001,Wireless Headphones,Electronics,3,220.67,662.01
ORD02307,PROD0014,Winter Jacket,Clothing,1,87.84,87.84
ORD02308,PROD0056,Hair Conditioner,Beauty,2,28.27,56.54
ORD02308,PROD0079,Multivitamins,Food & Grocery,1,20.74,20.74
ORD02308,PROD0006,Mechanical Keyboard,Electronics,2,151.5,303.0
ORD02309,PROD0059,Vitamin C Serum,Beauty,2,28.13,56.26
ORD02309,PROD0044,Business Strategy,Books,1,25.81,25.81
ORD02309,PROD0074,Granola Mix,Food & Grocery,3,13.35,40.05
ORD02310,PROD0044,Business Strategy,Books,1,25.81,25.81
ORD02310,PROD0047,Cook Book,Books,1,17.53,17.53
ORD02310,PROD0057,Perfume,Beauty,2,50.54,101.08
ORD02310,PROD0040,Fitness Tracker,Sports,3,99.28,297.84
ORD02311,PROD0042,Data Science Handbook,Books,1,26.6,26.6
ORD02311,PROD0055,Argan Shampoo,Beauty,2,29.44,58.88
ORD02312,PROD0067,Card Game Pack,Toys,1,11.89,11.89
ORD02312,PROD0071,Whey Protein Bar,Food & Grocery,1,22.38,22.38
ORD02313,PROD0013,Sneakers,Clothing,3,42.92,128.76
ORD02313,PROD0017,Running Shorts,Clothing,1,23.82,23.82
ORD02313,PROD0062,Strategy Board Game,Toys,2,43.8,87.6
ORD02314,PROD0079,Multivitamins,Food & Grocery,2,20.74,41.48
ORD02314,PROD0064,Action Figure,Toys,2,30.54,61.08
ORD02314,PROD0053,Lipstick Set,Beauty,1,19.34,19.34
ORD02315,PROD0068,Art & Craft Kit,Toys,1,13.06,13.06
ORD02315,PROD0039,Protein Shaker,Sports,1,31.54,31.54
ORD02315,PROD0020,Scarf,Clothing,2,12.21,24.42
ORD02315,PROD0028,Storage Organizer,Home & Kitchen,2,24.84,49.68
ORD02316,PROD0064,Action Figure,Toys,2,30.54,61.08
ORD02316,PROD0019,Cap,Clothing,1,34.28,34.28
ORD02316,PROD0011,T-Shirt,Clothing,3,18.75,56.25
ORD02316,PROD0031,Yoga Mat,Sports,2,68.43,136.86
ORD02317,PROD0077,Mixed Nuts Pack,Food & Grocery,2,37.44,74.88
ORD02317,PROD0036,Jump Rope,Sports,3,20.14,60.42
ORD02317,PROD0052,SPF Sunscreen,Beauty,1,19.96,19.96
ORD02318,PROD0040,Fitness Tracker,Sports,2,99.28,198.56
ORD02318,PROD0066,RC Racing Car,Toys,2,74.32,148.64
ORD02319,PROD0034,Water Bottle,Sports,3,49.06,147.18
ORD02319,PROD0029,LED Desk Lamp,Home & Kitchen,1,80.09,80.09
ORD02319,PROD0053,Lipstick Set,Beauty,2,19.34,38.68
ORD02320,PROD0011,T-Shirt,Clothing,2,18.75,37.5
ORD02320,PROD0075,Extra Virgin Olive Oil,Food & Grocery,3,26.39,79.17
ORD02321,PROD0048,World History,Books,2,25.51,51.02
ORD02322,PROD0063,1000-Piece Puzzle,Toys,1,26.71,26.71
ORD02322,PROD0020,Scarf,Clothing,1,12.21,12.21
ORD02322,PROD0025,Knife Set,Home & Kitchen,3,144.87,434.61
ORD02322,PROD0004,USB-C Hub,Electronics,2,33.39,66.78
ORD02323,PROD0073,Matcha Green Tea,Food & Grocery,1,31.91,31.91
ORD02323,PROD0042,Data Science Handbook,Books,3,26.6,79.8
ORD02323,PROD0047,Cook Book,Books,1,17.53,17.53
ORD02324,PROD0060,Nail Polish Set,Beauty,3,16.35,49.05
ORD02325,PROD0071,Whey Protein Bar,Food & Grocery,1,22.38,22.38
ORD02325,PROD0013,Sneakers,Clothing,3,42.92,128.76
ORD02325,PROD0016,Hoodie,Clothing,2,57.25,114.5
ORD02326,PROD0029,LED Desk Lamp,Home & Kitchen,2,80.09,160.18
ORD02326,PROD0035,Running Shoes,Sports,3,99.21,297.63
ORD02326,PROD0007,Gaming Mouse,Electronics,2,109.76,219.52
ORD02327,PROD0074,Granola Mix,Food & Grocery,1,13.35,13.35
ORD02327,PROD0055,Argan Shampoo,Beauty,2,29.44,58.88
ORD02328,PROD0024,Toaster,Home & Kitchen,1,29.33,29.33
ORD02328,PROD0013,Sneakers,Clothing,2,42.92,85.84
ORD02328,PROD0002,Smart Watch,Electronics,3,110.0,330.0
ORD02329,PROD0011,T-Shirt,Clothing,1,18.75,18.75
ORD02330,PROD0010,Tablet Stand,Electronics,2,16.34,32.68
ORD02330,PROD0064,Action Figure,Toys,3,30.54,91.62
ORD02331,PROD0027,Mug Set,Home & Kitchen,2,18.25,36.5
ORD02332,PROD0056,Hair Conditioner,Beauty,1,28.27,28.27
ORD02332,PROD0031,Yoga Mat,Sports,2,68.43,136.86
ORD02332,PROD0066,RC Racing Car,Toys,2,74.32,148.64
ORD02332,PROD0050,Graphic Novel,Books,3,18.57,55.71
ORD02333,PROD0017,Running Shorts,Clothing,3,23.82,71.46
ORD02333,PROD0066,RC Racing Car,Toys,1,74.32,74.32
ORD02333,PROD0010,Tablet Stand,Electronics,2,16.34,32.68
ORD02333,PROD0062,Strategy Board Game,Toys,1,43.8,43.8
ORD02334,PROD0010,Tablet Stand,Electronics,3,16.34,49.02
ORD02334,PROD0013,Sneakers,Clothing,3,42.92,128.76
ORD02334,PROD0061,LEGO Creator Set,Toys,2,99.16,198.32
ORD02334,PROD0028,Storage Organizer,Home & Kitchen,2,24.84,49.68
ORD02335,PROD0034,Water Bottle,Sports,2,49.06,98.12
ORD02335,PROD0058,Eye Cream,Beauty,1,71.04,71.04
ORD02336,PROD0017,Running Shorts,Clothing,3,23.82,71.46
ORD02336,PROD0009,Phone Case,Electronics,2,22.66,45.32
ORD02336,PROD0001,Wireless Headphones,Electronics,1,220.67,220.67
ORD02336,PROD0078,Raw Honey,Food & Grocery,3,18.09,54.27
ORD02337,PROD0003,Bluetooth Speaker,Electronics,3,63.0,189.0
ORD02337,PROD0014,Winter Jacket,Clothing,2,87.84,175.68
ORD02337,PROD0050,Graphic Novel,Books,2,18.57,37.14
ORD02337,PROD0051,Face Moisturizer,Beauty,2,39.06,78.12
ORD02338,PROD0053,Lipstick Set,Beauty,2,19.34,38.68
ORD02338,PROD0016,Hoodie,Clothing,1,57.25,57.25
ORD02338,PROD0045,Self-Help Bestseller,Books,3,13.44,40.32
ORD02338,PROD0011,T-Shirt,Clothing,2,18.75,37.5
ORD02339,PROD0008,Portable Monitor,Electronics,2,144.34,288.68
ORD02339,PROD0080,Healthy Snack Box,Food & Grocery,3,23.63,70.89
ORD02340,PROD0018,Ankle Socks,Clothing,2,13.84,27.68
ORD02341,PROD0003,Bluetooth Speaker,Electronics,3,63.0,189.0
ORD02341,PROD0033,Resistance Bands,Sports,1,26.09,26.09
ORD02341,PROD0030,Throw Pillow,Home & Kitchen,3,42.17,126.51
ORD02342,PROD0057,Perfume,Beauty,3,50.54,151.62
ORD02342,PROD0043,ML Engineering Guide,Books,3,29.52,88.56
ORD02342,PROD0061,LEGO Creator Set,Toys,3,99.16,297.48
ORD02343,PROD0075,Extra Virgin Olive Oil,Food & Grocery,1,26.39,26.39
ORD02344,PROD0033,Resistance Bands,Sports,2,26.09,52.18
ORD02344,PROD0023,Blender,Home & Kitchen,2,60.62,121.24
ORD02345,PROD0030,Throw Pillow,Home & Kitchen,3,42.17,126.51
ORD02345,PROD0029,LED Desk Lamp,Home & Kitchen,1,80.09,80.09
ORD02346,PROD0067,Card Game Pack,Toys,3,11.89,35.67
ORD02347,PROD0001,Wireless Headphones,Electronics,2,220.67,441.34
ORD02347,PROD0027,Mug Set,Home & Kitchen,1,18.25,18.25
ORD02347,PROD0007,Gaming Mouse,Electronics,3,109.76,329.28
ORD02348,PROD0019,Cap,Clothing,3,34.28,102.84
ORD02348,PROD0003,Bluetooth Speaker,Electronics,3,63.0,189.0
ORD02348,PROD0078,Raw Honey,Food & Grocery,2,18.09,36.18
ORD02348,PROD0037,Foam Roller,Sports,1,53.18,53.18
ORD02349,PROD0071,Whey Protein Bar,Food & Grocery,1,22.38,22.38
ORD02349,PROD0040,Fitness Tracker,Sports,2,99.28,198.56
ORD02349,PROD0043,ML Engineering Guide,Books,2,29.52,59.04
ORD02350,PROD0040,Fitness Tracker,Sports,1,99.28,99.28
ORD02350,PROD0054,Foundation,Beauty,2,57.15,114.3
ORD02350,PROD0075,Extra Virgin Olive Oil,Food & Grocery,1,26.39,26.39
ORD02350,PROD0010,Tablet Stand,Electronics,1,16.34,16.34
ORD02351,PROD0015,Summer Dress,Clothing,2,67.24,134.48
ORD02351,PROD0039,Protein Shaker,Sports,2,31.54,63.08
ORD02352,PROD0071,Whey Protein Bar,Food & Grocery,3,22.38,67.14
ORD02352,PROD0069,Science Experiment Kit,Toys,3,27.62,82.86
ORD02352,PROD0019,Cap,Clothing,1,34.28,34.28
ORD02352,PROD0024,Toaster,Home & Kitchen,1,29.33,29.33
ORD02353,PROD0014,Winter Jacket,Clothing,2,87.84,175.68
ORD02354,PROD0079,Multivitamins,Food & Grocery,3,20.74,62.22
ORD02354,PROD0019,Cap,Clothing,2,34.28,68.56
ORD02354,PROD0069,Science Experiment Kit,Toys,3,27.62,82.86
ORD02354,PROD0026,Cutting Board,Home & Kitchen,1,23.46,23.46
ORD02355,PROD0070,Plush Stuffed Animal,Toys,2,16.69,33.38
ORD02356,PROD0016,Hoodie,Clothing,3,57.25,171.75
ORD02356,PROD0002,Smart Watch,Electronics,1,110.0,110.0
ORD02356,PROD0080,Healthy Snack Box,Food & Grocery,3,23.63,70.89
ORD02356,PROD0003,Bluetooth Speaker,Electronics,1,63.0,63.0
ORD02357,PROD0022,Air Fryer,Home & Kitchen,3,143.78,431.34
ORD02357,PROD0048,World History,Books,1,25.51,25.51
ORD02358,PROD0016,Hoodie,Clothing,2,57.25,114.5
ORD02358,PROD0023,Blender,Home & Kitchen,2,60.62,121.24
ORD02358,PROD0080,Healthy Snack Box,Food & Grocery,3,23.63,70.89
ORD02358,PROD0043,ML Engineering Guide,Books,3,29.52,88.56
ORD02359,PROD0064,Action Figure,Toys,1,30.54,30.54
ORD02359,PROD0007,Gaming Mouse,Electronics,3,109.76,329.28
ORD02359,PROD0012,Jeans,Clothing,1,65.37,65.37
ORD02360,PROD0059,Vitamin C Serum,Beauty,3,28.13,84.39
ORD02360,PROD0071,Whey Protein Bar,Food & Grocery,3,22.38,67.14
ORD02360,PROD0017,Running Shorts,Clothing,3,23.82,71.46
ORD02360,PROD0078,Raw Honey,Food & Grocery,2,18.09,36.18
ORD02361,PROD0035,Running Shoes,Sports,1,99.21,99.21
ORD02361,PROD0034,Water Bottle,Sports,3,49.06,147.18
ORD02361,PROD0070,Plush Stuffed Animal,Toys,2,16.69,33.38
ORD02362,PROD0026,Cutting Board,Home & Kitchen,2,23.46,46.92
ORD02363,PROD0034,Water Bottle,Sports,1,49.06,49.06
ORD02363,PROD0058,Eye Cream,Beauty,3,71.04,213.12
ORD02363,PROD0032,Adjustable Dumbbells,Sports,2,159.46,318.92
ORD02363,PROD0077,Mixed Nuts Pack,Food & Grocery,1,37.44,37.44
ORD02364,PROD0044,Business Strategy,Books,3,25.81,77.43
ORD02364,PROD0020,Scarf,Clothing,1,12.21,12.21
ORD02364,PROD0012,Jeans,Clothing,3,65.37,196.11
ORD02365,PROD0077,Mixed Nuts Pack,Food & Grocery,2,37.44,74.88
ORD02365,PROD0078,Raw Honey,Food & Grocery,1,18.09,18.09
ORD02365,PROD0060,Nail Polish Set,Beauty,3,16.35,49.05
ORD02365,PROD0063,1000-Piece Puzzle,Toys,2,26.71,53.42
ORD02366,PROD0040,Fitness Tracker,Sports,1,99.28,99.28
ORD02366,PROD0005,Webcam,Electronics,3,143.11,429.33
ORD02366,PROD0001,Wireless Headphones,Electronics,3,220.67,662.01
ORD02367,PROD0029,LED Desk Lamp,Home & Kitchen,3,80.09,240.27
ORD02367,PROD0035,Running Shoes,Sports,1,99.21,99.21
ORD02367,PROD0001,Wireless Headphones,Electronics,1,220.67,220.67
ORD02368,PROD0078,Raw Honey,Food & Grocery,3,18.09,54.27
ORD02369,PROD0033,Resistance Bands,Sports,1,26.09,26.09
ORD02369,PROD0045,Self-Help Bestseller,Books,2,13.44,26.88
ORD02369,PROD0062,Strategy Board Game,Toys,3,43.8,131.4
ORD02369,PROD0016,Hoodie,Clothing,3,57.25,171.75
ORD02370,PROD0022,Air Fryer,Home & Kitchen,3,143.78,431.34
ORD02370,PROD0073,Matcha Green Tea,Food & Grocery,1,31.91,31.91
ORD02370,PROD0032,Adjustable Dumbbells,Sports,3,159.46,478.38
ORD02370,PROD0065,Collectible Doll,Toys,2,52.93,105.86
ORD02371,PROD0012,Jeans,Clothing,1,65.37,65.37
ORD02371,PROD0001,Wireless Headphones,Electronics,2,220.67,441.34
ORD02371,PROD0050,Graphic Novel,Books,2,18.57,37.14
ORD02371,PROD0076,Artisan Pasta,Food & Grocery,1,10.93,10.93
ORD02372,PROD0061,LEGO Creator Set,Toys,1,99.16,99.16
ORD02372,PROD0077,Mixed Nuts Pack,Food & Grocery,1,37.44,37.44
ORD02373,PROD0044,Business Strategy,Books,1,25.81,25.81
ORD02373,PROD0029,LED Desk Lamp,Home & Kitchen,3,80.09,240.27
ORD02373,PROD0006,Mechanical Keyboard,Electronics,3,151.5,454.5
ORD02373,PROD0001,Wireless Headphones,Electronics,1,220.67,220.67
ORD02374,PROD0066,RC Racing Car,Toys,1,74.32,74.32
ORD02374,PROD0070,Plush Stuffed Animal,Toys,3,16.69,50.07
ORD02374,PROD0040,Fitness Tracker,Sports,3,99.28,297.84
ORD02374,PROD0007,Gaming Mouse,Electronics,1,109.76,109.76
ORD02375,PROD0044,Business Strategy,Books,3,25.81,77.43
ORD02376,PROD0042,Data Science Handbook,Books,2,26.6,53.2
ORD02376,PROD0076,Artisan Pasta,Food & Grocery,1,10.93,10.93
ORD02377,PROD0065,Collectible Doll,Toys,2,52.93,105.86
ORD02377,PROD0062,Strategy Board Game,Toys,3,43.8,131.4
ORD02378,PROD0059,Vitamin C Serum,Beauty,1,28.13,28.13
ORD02378,PROD0016,Hoodie,Clothing,1,57.25,57.25
ORD02378,PROD0025,Knife Set,Home & Kitchen,2,144.87,289.74
ORD02379,PROD0003,Bluetooth Speaker,Electronics,2,63.0,126.0
ORD02380,PROD0003,Bluetooth Speaker,Electronics,3,63.0,189.0
ORD02381,PROD0044,Business Strategy,Books,2,25.81,51.62
ORD02381,PROD0059,Vitamin C Serum,Beauty,3,28.13,84.39
ORD02381,PROD0070,Plush Stuffed Animal,Toys,2,16.69,33.38
ORD02381,PROD0072,Premium Coffee Beans,Food & Grocery,1,43.12,43.12
ORD02382,PROD0054,Foundation,Beauty,3,57.15,171.45
ORD02382,PROD0042,Data Science Handbook,Books,2,26.6,53.2
ORD02382,PROD0021,Coffee Maker,Home & Kitchen,1,168.93,168.93
ORD02382,PROD0045,Self-Help Bestseller,Books,1,13.44,13.44
ORD02383,PROD0068,Art & Craft Kit,Toys,3,13.06,39.18
ORD02383,PROD0063,1000-Piece Puzzle,Toys,3,26.71,80.13
ORD02384,PROD0025,Knife Set,Home & Kitchen,1,144.87,144.87
ORD02384,PROD0043,ML Engineering Guide,Books,3,29.52,88.56
ORD02385,PROD0017,Running Shorts,Clothing,2,23.82,47.64
ORD02385,PROD0008,Portable Monitor,Electronics,2,144.34,288.68
ORD02386,PROD0077,Mixed Nuts Pack,Food & Grocery,1,37.44,37.44
ORD02387,PROD0038,Gym Bag,Sports,2,65.2,130.4
ORD02387,PROD0014,Winter Jacket,Clothing,3,87.84,263.52
ORD02387,PROD0013,Sneakers,Clothing,3,42.92,128.76
ORD02388,PROD0001,Wireless Headphones,Electronics,2,220.67,441.34
ORD02388,PROD0058,Eye Cream,Beauty,1,71.04,71.04
ORD02388,PROD0011,T-Shirt,Clothing,2,18.75,37.5
ORD02388,PROD0041,Python Programming,Books,3,41.14,123.42
ORD02389,PROD0004,USB-C Hub,Electronics,1,33.39,33.39
ORD02389,PROD0072,Premium Coffee Beans,Food & Grocery,3,43.12,129.36
ORD02390,PROD0050,Graphic Novel,Books,3,18.57,55.71
ORD02390,PROD0002,Smart Watch,Electronics,2,110.0,220.0
ORD02390,PROD0024,Toaster,Home & Kitchen,1,29.33,29.33
ORD02391,PROD0028,Storage Organizer,Home & Kitchen,2,24.84,49.68
ORD02392,PROD0017,Running Shorts,Clothing,3,23.82,71.46
ORD02392,PROD0042,Data Science Handbook,Books,3,26.6,79.8
ORD02392,PROD0074,Granola Mix,Food & Grocery,1,13.35,13.35
ORD02393,PROD0074,Granola Mix,Food & Grocery,1,13.35,13.35
ORD02393,PROD0027,Mug Set,Home & Kitchen,3,18.25,54.75
ORD02393,PROD0021,Coffee Maker,Home & Kitchen,3,168.93,506.79
ORD02394,PROD0001,Wireless Headphones,Electronics,3,220.67,662.01
ORD02394,PROD0032,Adjustable Dumbbells,Sports,1,159.46,159.46
ORD02394,PROD0024,Toaster,Home & Kitchen,1,29.33,29.33
ORD02395,PROD0038,Gym Bag,Sports,3,65.2,195.6
ORD02395,PROD0070,Plush Stuffed Animal,Toys,3,16.69,50.07
ORD02396,PROD0014,Winter Jacket,Clothing,2,87.84,175.68
ORD02397,PROD0077,Mixed Nuts Pack,Food & Grocery,2,37.44,74.88
ORD02398,PROD0067,Card Game Pack,Toys,3,11.89,35.67
ORD02398,PROD0033,Resistance Bands,Sports,1,26.09,26.09
ORD02398,PROD0010,Tablet Stand,Electronics,2,16.34,32.68
ORD02398,PROD0018,Ankle Socks,Clothing,3,13.84,41.52
ORD02399,PROD0025,Knife Set,Home & Kitchen,3,144.87,434.61
ORD02399,PROD0048,World History,Books,2,25.51,51.02
ORD02399,PROD0052,SPF Sunscreen,Beauty,3,19.96,59.88
ORD02399,PROD0054,Foundation,Beauty,1,57.15,57.15
ORD02400,PROD0046,Science Fiction Novel,Books,2,13.49,26.98
ORD02401,PROD0005,Webcam,Electronics,1,143.11,143.11
ORD02402,PROD0029,LED Desk Lamp,Home & Kitchen,3,80.09,240.27
ORD02402,PROD0068,Art & Craft Kit,Toys,2,13.06,26.12
ORD02402,PROD0023,Blender,Home & Kitchen,3,60.62,181.86
ORD02402,PROD0049,Travel Photography,Books,3,39.07,117.21
ORD02403,PROD0004,USB-C Hub,Electronics,3,33.39,100.17
ORD02403,PROD0014,Winter Jacket,Clothing,3,87.84,263.52
ORD02404,PROD0037,Foam Roller,Sports,2,53.18,106.36
ORD02405,PROD0012,Jeans,Clothing,1,65.37,65.37
ORD02406,PROD0012,Jeans,Clothing,1,65.37,65.37
ORD02406,PROD0065,Collectible Doll,Toys,1,52.93,52.93
ORD02406,PROD0044,Business Strategy,Books,2,25.81,51.62
ORD02406,PROD0038,Gym Bag,Sports,1,65.2,65.2
ORD02407,PROD0044,Business Strategy,Books,2,25.81,51.62
ORD02407,PROD0018,Ankle Socks,Clothing,3,13.84,41.52
ORD02408,PROD0015,Summer Dress,Clothing,1,67.24,67.24
ORD02408,PROD0033,Resistance Bands,Sports,2,26.09,52.18
ORD02408,PROD0020,Scarf,Clothing,1,12.21,12.21
ORD02409,PROD0078,Raw Honey,Food & Grocery,1,18.09,18.09
ORD02409,PROD0004,USB-C Hub,Electronics,3,33.39,100.17
ORD02410,PROD0046,Science Fiction Novel,Books,3,13.49,40.47
ORD02411,PROD0016,Hoodie,Clothing,2,57.25,114.5
ORD02412,PROD0038,Gym Bag,Sports,2,65.2,130.4
ORD02412,PROD0014,Winter Jacket,Clothing,1,87.84,87.84
ORD02413,PROD0038,Gym Bag,Sports,3,65.2,195.6
ORD02413,PROD0041,Python Programming,Books,2,41.14,82.28
ORD02414,PROD0073,Matcha Green Tea,Food & Grocery,3,31.91,95.73
ORD02414,PROD0029,LED Desk Lamp,Home & Kitchen,2,80.09,160.18
ORD02415,PROD0054,Foundation,Beauty,3,57.15,171.45
ORD02415,PROD0040,Fitness Tracker,Sports,2,99.28,198.56
ORD02415,PROD0062,Strategy Board Game,Toys,1,43.8,43.8
ORD02416,PROD0013,Sneakers,Clothing,2,42.92,85.84
ORD02417,PROD0005,Webcam,Electronics,3,143.11,429.33
ORD02417,PROD0021,Coffee Maker,Home & Kitchen,3,168.93,506.79
ORD02418,PROD0080,Healthy Snack Box,Food & Grocery,3,23.63,70.89
ORD02418,PROD0073,Matcha Green Tea,Food & Grocery,1,31.91,31.91
ORD02418,PROD0018,Ankle Socks,Clothing,3,13.84,41.52
ORD02419,PROD0017,Running Shorts,Clothing,3,23.82,71.46
ORD02419,PROD0049,Travel Photography,Books,2,39.07,78.14
ORD02419,PROD0069,Science Experiment Kit,Toys,1,27.62,27.62
ORD02419,PROD0055,Argan Shampoo,Beauty,1,29.44,29.44
ORD02420,PROD0035,Running Shoes,Sports,3,99.21,297.63
ORD02420,PROD0045,Self-Help Bestseller,Books,1,13.44,13.44
ORD02420,PROD0072,Premium Coffee Beans,Food & Grocery,2,43.12,86.24
ORD02420,PROD0023,Blender,Home & Kitchen,3,60.62,181.86
ORD02421,PROD0030,Throw Pillow,Home & Kitchen,3,42.17,126.51
ORD02422,PROD0034,Water Bottle,Sports,1,49.06,49.06
ORD02422,PROD0012,Jeans,Clothing,1,65.37,65.37
ORD02422,PROD0044,Business Strategy,Books,2,25.81,51.62
ORD02422,PROD0062,Strategy Board Game,Toys,2,43.8,87.6
ORD02423,PROD0060,Nail Polish Set,Beauty,1,16.35,16.35
ORD02423,PROD0005,Webcam,Electronics,1,143.11,143.11
ORD02423,PROD0064,Action Figure,Toys,3,30.54,91.62
ORD02423,PROD0052,SPF Sunscreen,Beauty,1,19.96,19.96
ORD02424,PROD0018,Ankle Socks,Clothing,1,13.84,13.84
ORD02424,PROD0041,Python Programming,Books,1,41.14,41.14
ORD02425,PROD0051,Face Moisturizer,Beauty,2,39.06,78.12
ORD02426,PROD0053,Lipstick Set,Beauty,3,19.34,58.02
ORD02427,PROD0020,Scarf,Clothing,2,12.21,24.42
ORD02427,PROD0041,Python Programming,Books,1,41.14,41.14
ORD02428,PROD0028,Storage Organizer,Home & Kitchen,2,24.84,49.68
ORD02428,PROD0051,Face Moisturizer,Beauty,2,39.06,78.12
ORD02428,PROD0074,Granola Mix,Food & Grocery,1,13.35,13.35
ORD02429,PROD0025,Knife Set,Home & Kitchen,3,144.87,434.61
ORD02429,PROD0050,Graphic Novel,Books,2,18.57,37.14
ORD02429,PROD0061,LEGO Creator Set,Toys,3,99.16,297.48
ORD02430,PROD0043,ML Engineering Guide,Books,3,29.52,88.56
ORD02430,PROD0013,Sneakers,Clothing,2,42.92,85.84
ORD02431,PROD0033,Resistance Bands,Sports,3,26.09,78.27
ORD02431,PROD0035,Running Shoes,Sports,3,99.21,297.63
ORD02431,PROD0025,Knife Set,Home & Kitchen,2,144.87,289.74
ORD02432,PROD0040,Fitness Tracker,Sports,1,99.28,99.28
ORD02433,PROD0033,Resistance Bands,Sports,1,26.09,26.09
ORD02433,PROD0036,Jump Rope,Sports,3,20.14,60.42
ORD02434,PROD0047,Cook Book,Books,3,17.53,52.59
ORD02434,PROD0074,Granola Mix,Food & Grocery,3,13.35,40.05
ORD02434,PROD0044,Business Strategy,Books,1,25.81,25.81
ORD02435,PROD0026,Cutting Board,Home & Kitchen,1,23.46,23.46
ORD02435,PROD0070,Plush Stuffed Animal,Toys,3,16.69,50.07
ORD02435,PROD0012,Jeans,Clothing,2,65.37,130.74
ORD02436,PROD0044,Business Strategy,Books,2,25.81,51.62
ORD02436,PROD0076,Artisan Pasta,Food & Grocery,3,10.93,32.79
ORD02437,PROD0061,LEGO Creator Set,Toys,3,99.16,297.48
ORD02438,PROD0071,Whey Protein Bar,Food & Grocery,1,22.38,22.38
ORD02439,PROD0061,LEGO Creator Set,Toys,2,99.16,198.32
ORD02439,PROD0032,Adjustable Dumbbells,Sports,2,159.46,318.92
ORD02440,PROD0010,Tablet Stand,Electronics,1,16.34,16.34
ORD02440,PROD0011,T-Shirt,Clothing,1,18.75,18.75
ORD02441,PROD0059,Vitamin C Serum,Beauty,3,28.13,84.39
ORD02441,PROD0072,Premium Coffee Beans,Food & Grocery,2,43.12,86.24
ORD02441,PROD0055,Argan Shampoo,Beauty,2,29.44,58.88
ORD02442,PROD0009,Phone Case,Electronics,1,22.66,22.66
ORD02443,PROD0077,Mixed Nuts Pack,Food & Grocery,3,37.44,112.32
ORD02443,PROD0044,Business Strategy,Books,2,25.81,51.62
ORD02443,PROD0053,Lipstick Set,Beauty,1,19.34,19.34
ORD02443,PROD0040,Fitness Tracker,Sports,1,99.28,99.28
ORD02444,PROD0015,Summer Dress,Clothing,1,67.24,67.24
ORD02444,PROD0026,Cutting Board,Home & Kitchen,2,23.46,46.92
ORD02444,PROD0043,ML Engineering Guide,Books,2,29.52,59.04
ORD02445,PROD0075,Extra Virgin Olive Oil,Food & Grocery,3,26.39,79.17
ORD02445,PROD0047,Cook Book,Books,2,17.53,35.06
ORD02446,PROD0077,Mixed Nuts Pack,Food & Grocery,2,37.44,74.88
ORD02447,PROD0042,Data Science Handbook,Books,1,26.6,26.6
ORD02447,PROD0021,Coffee Maker,Home & Kitchen,3,168.93,506.79
ORD02447,PROD0070,Plush Stuffed Animal,Toys,2,16.69,33.38
ORD02448,PROD0072,Premium Coffee Beans,Food & Grocery,3,43.12,129.36
ORD02448,PROD0039,Protein Shaker,Sports,1,31.54,31.54
ORD02448,PROD0004,USB-C Hub,Electronics,3,33.39,100.17
ORD02449,PROD0025,Knife Set,Home & Kitchen,2,144.87,289.74
ORD02449,PROD0013,Sneakers,Clothing,2,42.92,85.84
ORD02449,PROD0062,Strategy Board Game,Toys,3,43.8,131.4
ORD02449,PROD0036,Jump Rope,Sports,1,20.14,20.14
ORD02450,PROD0075,Extra Virgin Olive Oil,Food & Grocery,2,26.39,52.78
ORD02450,PROD0023,Blender,Home & Kitchen,3,60.62,181.86
ORD02451,PROD0072,Premium Coffee Beans,Food & Grocery,3,43.12,129.36
ORD02451,PROD0042,Data Science Handbook,Books,3,26.6,79.8
ORD02451,PROD0058,Eye Cream,Beauty,1,71.04,71.04
ORD02452,PROD0003,Bluetooth Speaker,Electronics,2,63.0,126.0
ORD02453,PROD0069,Science Experiment Kit,Toys,2,27.62,55.24
ORD02453,PROD0051,Face Moisturizer,Beauty,1,39.06,39.06
ORD02453,PROD0068,Art & Craft Kit,Toys,3,13.06,39.18
ORD02453,PROD0026,Cutting Board,Home & Kitchen,2,23.46,46.92
ORD02454,PROD0079,Multivitamins,Food & Grocery,3,20.74,62.22
ORD02454,PROD0080,Healthy Snack Box,Food & Grocery,2,23.63,47.26
ORD02454,PROD0066,RC Racing Car,Toys,2,74.32,148.64
ORD02455,PROD0072,Premium Coffee Beans,Food & Grocery,1,43.12,43.12
ORD02455,PROD0038,Gym Bag,Sports,1,65.2,65.2
ORD02456,PROD0075,Extra Virgin Olive Oil,Food & Grocery,2,26.39,52.78
ORD02456,PROD0021,Coffee Maker,Home & Kitchen,1,168.93,168.93
ORD02457,PROD0054,Foundation,Beauty,2,57.15,114.3
ORD02457,PROD0015,Summer Dress,Clothing,2,67.24,134.48
ORD02457,PROD0035,Running Shoes,Sports,3,99.21,297.63
ORD02457,PROD0065,Collectible Doll,Toys,3,52.93,158.79
ORD02458,PROD0049,Travel Photography,Books,2,39.07,78.14
ORD02458,PROD0048,World History,Books,3,25.51,76.53
ORD02458,PROD0041,Python Programming,Books,1,41.14,41.14
ORD02458,PROD0080,Healthy Snack Box,Food & Grocery,1,23.63,23.63
ORD02459,PROD0022,Air Fryer,Home & Kitchen,3,143.78,431.34
ORD02459,PROD0037,Foam Roller,Sports,2,53.18,106.36
ORD02459,PROD0024,Toaster,Home & Kitchen,3,29.33,87.99
ORD02460,PROD0080,Healthy Snack Box,Food & Grocery,3,23.63,70.89
ORD02460,PROD0034,Water Bottle,Sports,1,49.06,49.06
ORD02460,PROD0061,LEGO Creator Set,Toys,1,99.16,99.16
ORD02460,PROD0060,Nail Polish Set,Beauty,3,16.35,49.05
ORD02461,PROD0009,Phone Case,Electronics,2,22.66,45.32
ORD02462,PROD0071,Whey Protein Bar,Food & Grocery,3,22.38,67.14
ORD02462,PROD0032,Adjustable Dumbbells,Sports,3,159.46,478.38
ORD02463,PROD0068,Art & Craft Kit,Toys,1,13.06,13.06
ORD02463,PROD0019,Cap,Clothing,1,34.28,34.28
ORD02463,PROD0020,Scarf,Clothing,2,12.21,24.42
ORD02463,PROD0014,Winter Jacket,Clothing,3,87.84,263.52
ORD02464,PROD0062,Strategy Board Game,Toys,1,43.8,43.8
ORD02464,PROD0006,Mechanical Keyboard,Electronics,2,151.5,303.0
ORD02465,PROD0015,Summer Dress,Clothing,2,67.24,134.48
ORD02465,PROD0059,Vitamin C Serum,Beauty,1,28.13,28.13
ORD02465,PROD0008,Portable Monitor,Electronics,2,144.34,288.68
ORD02465,PROD0057,Perfume,Beauty,3,50.54,151.62
ORD02466,PROD0047,Cook Book,Books,1,17.53,17.53
ORD02466,PROD0008,Portable Monitor,Electronics,1,144.34,144.34
ORD02466,PROD0012,Jeans,Clothing,2,65.37,130.74
ORD02466,PROD0070,Plush Stuffed Animal,Toys,2,16.69,33.38
ORD02467,PROD0056,Hair Conditioner,Beauty,3,28.27,84.81
ORD02467,PROD0053,Lipstick Set,Beauty,3,19.34,58.02
ORD02468,PROD0046,Science Fiction Novel,Books,1,13.49,13.49
ORD02468,PROD0059,Vitamin C Serum,Beauty,2,28.13,56.26
ORD02469,PROD0020,Scarf,Clothing,2,12.21,24.42
ORD02469,PROD0049,Travel Photography,Books,3,39.07,117.21
ORD02469,PROD0021,Coffee Maker,Home & Kitchen,3,168.93,506.79
ORD02469,PROD0073,Matcha Green Tea,Food & Grocery,2,31.91,63.82
ORD02470,PROD0018,Ankle Socks,Clothing,2,13.84,27.68
ORD02470,PROD0011,T-Shirt,Clothing,3,18.75,56.25
ORD02470,PROD0066,RC Racing Car,Toys,1,74.32,74.32
ORD02470,PROD0062,Strategy Board Game,Toys,2,43.8,87.6
ORD02471,PROD0045,Self-Help Bestseller,Books,1,13.44,13.44
ORD02471,PROD0033,Resistance Bands,Sports,2,26.09,52.18
ORD02471,PROD0031,Yoga Mat,Sports,1,68.43,68.43
ORD02471,PROD0029,LED Desk Lamp,Home & Kitchen,1,80.09,80.09
ORD02472,PROD0022,Air Fryer,Home & Kitchen,3,143.78,431.34
ORD02472,PROD0051,Face Moisturizer,Beauty,1,39.06,39.06
ORD02472,PROD0046,Science Fiction Novel,Books,1,13.49,13.49
ORD02473,PROD0055,Argan Shampoo,Beauty,3,29.44,88.32
ORD02473,PROD0078,Raw Honey,Food & Grocery,1,18.09,18.09
ORD02473,PROD0007,Gaming Mouse,Electronics,1,109.76,109.76
ORD02474,PROD0030,Throw Pillow,Home & Kitchen,1,42.17,42.17
ORD02474,PROD0063,1000-Piece Puzzle,Toys,3,26.71,80.13
ORD02474,PROD0076,Artisan Pasta,Food & Grocery,3,10.93,32.79
ORD02475,PROD0011,T-Shirt,Clothing,3,18.75,56.25
ORD02475,PROD0008,Portable Monitor,Electronics,1,144.34,144.34
ORD02476,PROD0079,Multivitamins,Food & Grocery,1,20.74,20.74
ORD02476,PROD0018,Ankle Socks,Clothing,2,13.84,27.68
ORD02477,PROD0006,Mechanical Keyboard,Electronics,1,151.5,151.5
ORD02478,PROD0003,Bluetooth Speaker,Electronics,1,63.0,63.0
ORD02479,PROD0071,Whey Protein Bar,Food & Grocery,2,22.38,44.76
ORD02479,PROD0059,Vitamin C Serum,Beauty,1,28.13,28.13
ORD02479,PROD0016,Hoodie,Clothing,3,57.25,171.75
ORD02480,PROD0007,Gaming Mouse,Electronics,2,109.76,219.52
ORD02480,PROD0009,Phone Case,Electronics,1,22.66,22.66
ORD02480,PROD0062,Strategy Board Game,Toys,3,43.8,131.4
ORD02480,PROD0061,LEGO Creator Set,Toys,3,99.16,297.48
ORD02481,PROD0068,Art & Craft Kit,Toys,2,13.06,26.12
ORD02482,PROD0040,Fitness Tracker,Sports,1,99.28,99.28
ORD02482,PROD0030,Throw Pillow,Home & Kitchen,2,42.17,84.34
ORD02483,PROD0020,Scarf,Clothing,1,12.21,12.21
ORD02484,PROD0057,Perfume,Beauty,1,50.54,50.54
ORD02484,PROD0006,Mechanical Keyboard,Electronics,1,151.5,151.5
ORD02484,PROD0021,Coffee Maker,Home & Kitchen,1,168.93,168.93
ORD02485,PROD0074,Granola Mix,Food & Grocery,2,13.35,26.7
ORD02485,PROD0050,Graphic Novel,Books,1,18.57,18.57
ORD02485,PROD0005,Webcam,Electronics,3,143.11,429.33
ORD02485,PROD0039,Protein Shaker,Sports,3,31.54,94.62
ORD02486,PROD0080,Healthy Snack Box,Food & Grocery,1,23.63,23.63
ORD02486,PROD0002,Smart Watch,Electronics,1,110.0,110.0
ORD02486,PROD0053,Lipstick Set,Beauty,3,19.34,58.02
ORD02486,PROD0048,World History,Books,3,25.51,76.53
ORD02487,PROD0008,Portable Monitor,Electronics,3,144.34,433.02
ORD02487,PROD0062,Strategy Board Game,Toys,2,43.8,87.6
ORD02487,PROD0063,1000-Piece Puzzle,Toys,3,26.71,80.13
ORD02487,PROD0025,Knife Set,Home & Kitchen,2,144.87,289.74
ORD02488,PROD0046,Science Fiction Novel,Books,1,13.49,13.49
ORD02488,PROD0067,Card Game Pack,Toys,3,11.89,35.67
ORD02488,PROD0038,Gym Bag,Sports,3,65.2,195.6
ORD02489,PROD0063,1000-Piece Puzzle,Toys,2,26.71,53.42
ORD02489,PROD0033,Resistance Bands,Sports,1,26.09,26.09
ORD02490,PROD0003,Bluetooth Speaker,Electronics,3,63.0,189.0
ORD02490,PROD0071,Whey Protein Bar,Food & Grocery,3,22.38,67.14
ORD02490,PROD0072,Premium Coffee Beans,Food & Grocery,3,43.12,129.36
ORD02491,PROD0003,Bluetooth Speaker,Electronics,1,63.0,63.0
ORD02491,PROD0026,Cutting Board,Home & Kitchen,3,23.46,70.38
ORD02492,PROD0044,Business Strategy,Books,1,25.81,25.81
ORD02492,PROD0077,Mixed Nuts Pack,Food & Grocery,2,37.44,74.88
ORD02493,PROD0077,Mixed Nuts Pack,Food & Grocery,1,37.44,37.44
ORD02493,PROD0076,Artisan Pasta,Food & Grocery,3,10.93,32.79
ORD02494,PROD0050,Graphic Novel,Books,2,18.57,37.14
ORD02494,PROD0039,Protein Shaker,Sports,2,31.54,63.08
ORD02494,PROD0072,Premium Coffee Beans,Food & Grocery,3,43.12,129.36
ORD02494,PROD0024,Toaster,Home & Kitchen,1,29.33,29.33
ORD02495,PROD0033,Resistance Bands,Sports,3,26.09,78.27
ORD02495,PROD0079,Multivitamins,Food & Grocery,3,20.74,62.22
ORD02495,PROD0015,Summer Dress,Clothing,2,67.24,134.48
ORD02496,PROD0057,Perfume,Beauty,3,50.54,151.62
ORD02496,PROD0063,1000-Piece Puzzle,Toys,3,26.71,80.13
ORD02497,PROD0075,Extra Virgin Olive Oil,Food & Grocery,3,26.39,79.17
ORD02498,PROD0061,LEGO Creator Set,Toys,2,99.16,198.32
ORD02498,PROD0001,Wireless Headphones,Electronics,3,220.67,662.01
ORD02498,PROD0031,Yoga Mat,Sports,1,68.43,68.43
ORD02499,PROD0057,Perfume,Beauty,1,50.54,50.54
ORD02500,PROD0039,Protein Shaker,Sports,3,31.54,94.62
ORD02500,PROD0066,RC Racing Car,Toys,2,74.32,148.64
ORD02500,PROD0062,Strategy Board Game,Toys,1,43.8,43.8
ORD02500,PROD0047,Cook Book,Books,3,17.53,52.59
ORD02501,PROD0051,Face Moisturizer,Beauty,2,39.06,78.12
ORD02502,PROD0046,Science Fiction Novel,Books,2,13.49,26.98
ORD02502,PROD0048,World History,Books,1,25.51,25.51
ORD02502,PROD0017,Running Shorts,Clothing,3,23.82,71.46
ORD02502,PROD0028,Storage Organizer,Home & Kitchen,2,24.84,49.68
ORD02503,PROD0073,Matcha Green Tea,Food & Grocery,2,31.91,63.82
ORD02503,PROD0071,Whey Protein Bar,Food & Grocery,1,22.38,22.38
ORD02503,PROD0079,Multivitamins,Food & Grocery,3,20.74,62.22
ORD02504,PROD0061,LEGO Creator Set,Toys,1,99.16,99.16
ORD02504,PROD0062,Strategy Board Game,Toys,2,43.8,87.6
ORD02504,PROD0071,Whey Protein Bar,Food & Grocery,1,22.38,22.38
ORD02505,PROD0069,Science Experiment Kit,Toys,2,27.62,55.24
ORD02505,PROD0060,Nail Polish Set,Beauty,2,16.35,32.7
ORD02505,PROD0039,Protein Shaker,Sports,1,31.54,31.54
ORD02506,PROD0069,Science Experiment Kit,Toys,2,27.62,55.24
ORD02506,PROD0058,Eye Cream,Beauty,1,71.04,71.04
ORD02507,PROD0059,Vitamin C Serum,Beauty,3,28.13,84.39
ORD02508,PROD0027,Mug Set,Home & Kitchen,2,18.25,36.5
ORD02508,PROD0077,Mixed Nuts Pack,Food & Grocery,3,37.44,112.32
ORD02509,PROD0014,Winter Jacket,Clothing,2,87.84,175.68
ORD02509,PROD0044,Business Strategy,Books,1,25.81,25.81
ORD02509,PROD0036,Jump Rope,Sports,1,20.14,20.14
ORD02510,PROD0036,Jump Rope,Sports,2,20.14,40.28
ORD02511,PROD0014,Winter Jacket,Clothing,2,87.84,175.68
ORD02511,PROD0002,Smart Watch,Electronics,1,110.0,110.0
ORD02511,PROD0012,Jeans,Clothing,3,65.37,196.11
ORD02511,PROD0003,Bluetooth Speaker,Electronics,1,63.0,63.0
ORD02512,PROD0001,Wireless Headphones,Electronics,2,220.67,441.34
ORD02513,PROD0061,LEGO Creator Set,Toys,1,99.16,99.16
ORD02513,PROD0029,LED Desk Lamp,Home & Kitchen,1,80.09,80.09
ORD02513,PROD0032,Adjustable Dumbbells,Sports,2,159.46,318.92
ORD02514,PROD0008,Portable Monitor,Electronics,3,144.34,433.02
ORD02515,PROD0026,Cutting Board,Home & Kitchen,1,23.46,23.46
ORD02515,PROD0033,Resistance Bands,Sports,1,26.09,26.09
ORD02516,PROD0013,Sneakers,Clothing,3,42.92,128.76
ORD02516,PROD0050,Graphic Novel,Books,3,18.57,55.71
ORD02516,PROD0007,Gaming Mouse,Electronics,3,109.76,329.28
ORD02517,PROD0014,Winter Jacket,Clothing,3,87.84,263.52
ORD02518,PROD0009,Phone Case,Electronics,3,22.66,67.98
ORD02518,PROD0033,Resistance Bands,Sports,2,26.09,52.18
ORD02519,PROD0048,World History,Books,1,25.51,25.51
ORD02519,PROD0035,Running Shoes,Sports,2,99.21,198.42
ORD02520,PROD0058,Eye Cream,Beauty,1,71.04,71.04
ORD02521,PROD0075,Extra Virgin Olive Oil,Food & Grocery,3,26.39,79.17
ORD02521,PROD0014,Winter Jacket,Clothing,1,87.84,87.84
ORD02521,PROD0010,Tablet Stand,Electronics,2,16.34,32.68
ORD02522,PROD0031,Yoga Mat,Sports,2,68.43,136.86
ORD02522,PROD0067,Card Game Pack,Toys,2,11.89,23.78
ORD02522,PROD0010,Tablet Stand,Electronics,2,16.34,32.68
ORD02523,PROD0063,1000-Piece Puzzle,Toys,2,26.71,53.42
ORD02524,PROD0050,Graphic Novel,Books,2,18.57,37.14
ORD02524,PROD0070,Plush Stuffed Animal,Toys,1,16.69,16.69
ORD02524,PROD0037,Foam Roller,Sports,2,53.18,106.36
ORD02524,PROD0075,Extra Virgin Olive Oil,Food & Grocery,3,26.39,79.17
ORD02525,PROD0013,Sneakers,Clothing,1,42.92,42.92
ORD02525,PROD0018,Ankle Socks,Clothing,1,13.84,13.84
ORD02525,PROD0067,Card Game Pack,Toys,2,11.89,23.78
ORD02525,PROD0050,Graphic Novel,Books,1,18.57,18.57
ORD02526,PROD0022,Air Fryer,Home & Kitchen,3,143.78,431.34
ORD02527,PROD0016,Hoodie,Clothing,2,57.25,114.5
ORD02527,PROD0027,Mug Set,Home & Kitchen,2,18.25,36.5
ORD02527,PROD0013,Sneakers,Clothing,1,42.92,42.92
ORD02527,PROD0057,Perfume,Beauty,3,50.54,151.62
ORD02528,PROD0070,Plush Stuffed Animal,Toys,2,16.69,33.38
ORD02529,PROD0008,Portable Monitor,Electronics,3,144.34,433.02
ORD02530,PROD0063,1000-Piece Puzzle,Toys,1,26.71,26.71
ORD02530,PROD0065,Collectible Doll,Toys,2,52.93,105.86
ORD02530,PROD0006,Mechanical Keyboard,Electronics,3,151.5,454.5
ORD02531,PROD0066,RC Racing Car,Toys,3,74.32,222.96
ORD02531,PROD0012,Jeans,Clothing,1,65.37,65.37
ORD02532,PROD0001,Wireless Headphones,Electronics,1,220.67,220.67
ORD02532,PROD0042,Data Science Handbook,Books,2,26.6,53.2
ORD02532,PROD0033,Resistance Bands,Sports,2,26.09,52.18
ORD02533,PROD0059,Vitamin C Serum,Beauty,1,28.13,28.13
ORD02533,PROD0009,Phone Case,Electronics,2,22.66,45.32
ORD02533,PROD0071,Whey Protein Bar,Food & Grocery,1,22.38,22.38
ORD02533,PROD0012,Jeans,Clothing,3,65.37,196.11
ORD02534,PROD0039,Protein Shaker,Sports,3,31.54,94.62
ORD02535,PROD0042,Data Science Handbook,Books,3,26.6,79.8
ORD02535,PROD0036,Jump Rope,Sports,1,20.14,20.14
ORD02535,PROD0061,LEGO Creator Set,Toys,2,99.16,198.32
ORD02536,PROD0047,Cook Book,Books,3,17.53,52.59
ORD02536,PROD0014,Winter Jacket,Clothing,3,87.84,263.52
ORD02536,PROD0055,Argan Shampoo,Beauty,1,29.44,29.44
ORD02537,PROD0060,Nail Polish Set,Beauty,2,16.35,32.7
ORD02538,PROD0056,Hair Conditioner,Beauty,2,28.27,56.54
ORD02538,PROD0015,Summer Dress,Clothing,2,67.24,134.48
ORD02538,PROD0019,Cap,Clothing,3,34.28,102.84
ORD02538,PROD0076,Artisan Pasta,Food & Grocery,3,10.93,32.79
ORD02539,PROD0071,Whey Protein Bar,Food & Grocery,3,22.38,67.14
ORD02539,PROD0015,Summer Dress,Clothing,2,67.24,134.48
ORD02539,PROD0080,Healthy Snack Box,Food & Grocery,1,23.63,23.63
ORD02539,PROD0002,Smart Watch,Electronics,3,110.0,330.0
ORD02540,PROD0012,Jeans,Clothing,2,65.37,130.74
ORD02541,PROD0073,Matcha Green Tea,Food & Grocery,3,31.91,95.73
ORD02542,PROD0072,Premium Coffee Beans,Food & Grocery,2,43.12,86.24
ORD02542,PROD0057,Perfume,Beauty,1,50.54,50.54
ORD02542,PROD0048,World History,Books,1,25.51,25.51
ORD02542,PROD0034,Water Bottle,Sports,2,49.06,98.12
ORD02543,PROD0034,Water Bottle,Sports,3,49.06,147.18
ORD02544,PROD0062,Strategy Board Game,Toys,1,43.8,43.8
ORD02544,PROD0023,Blender,Home & Kitchen,3,60.62,181.86
ORD02545,PROD0045,Self-Help Bestseller,Books,2,13.44,26.88
ORD02545,PROD0056,Hair Conditioner,Beauty,2,28.27,56.54
ORD02545,PROD0078,Raw Honey,Food & Grocery,1,18.09,18.09
ORD02546,PROD0005,Webcam,Electronics,1,143.11,143.11
ORD02546,PROD0070,Plush Stuffed Animal,Toys,1,16.69,16.69
ORD02546,PROD0026,Cutting Board,Home & Kitchen,3,23.46,70.38
ORD02547,PROD0049,Travel Photography,Books,1,39.07,39.07
ORD02547,PROD0034,Water Bottle,Sports,1,49.06,49.06
ORD02548,PROD0026,Cutting Board,Home & Kitchen,3,23.46,70.38
ORD02549,PROD0005,Webcam,Electronics,3,143.11,429.33
ORD02549,PROD0060,Nail Polish Set,Beauty,2,16.35,32.7
ORD02550,PROD0069,Science Experiment Kit,Toys,1,27.62,27.62
ORD02550,PROD0080,Healthy Snack Box,Food & Grocery,3,23.63,70.89
ORD02550,PROD0058,Eye Cream,Beauty,3,71.04,213.12
ORD02550,PROD0016,Hoodie,Clothing,1,57.25,57.25
ORD02551,PROD0009,Phone Case,Electronics,3,22.66,67.98
ORD02551,PROD0078,Raw Honey,Food & Grocery,2,18.09,36.18
ORD02552,PROD0062,Strategy Board Game,Toys,3,43.8,131.4
ORD02552,PROD0061,LEGO Creator Set,Toys,2,99.16,198.32
ORD02552,PROD0003,Bluetooth Speaker,Electronics,3,63.0,189.0
ORD02552,PROD0021,Coffee Maker,Home & Kitchen,3,168.93,506.79
ORD02553,PROD0075,Extra Virgin Olive Oil,Food & Grocery,3,26.39,79.17
ORD02554,PROD0018,Ankle Socks,Clothing,3,13.84,41.52
ORD02554,PROD0039,Protein Shaker,Sports,3,31.54,94.62
ORD02554,PROD0061,LEGO Creator Set,Toys,1,99.16,99.16
ORD02554,PROD0021,Coffee Maker,Home & Kitchen,1,168.93,168.93
ORD02555,PROD0028,Storage Organizer,Home & Kitchen,2,24.84,49.68
ORD02555,PROD0009,Phone Case,Electronics,1,22.66,22.66
ORD02555,PROD0043,ML Engineering Guide,Books,3,29.52,88.56
ORD02555,PROD0058,Eye Cream,Beauty,3,71.04,213.12
ORD02556,PROD0034,Water Bottle,Sports,1,49.06,49.06
ORD02556,PROD0016,Hoodie,Clothing,2,57.25,114.5
ORD02556,PROD0020,Scarf,Clothing,2,12.21,24.42
ORD02557,PROD0039,Protein Shaker,Sports,3,31.54,94.62
ORD02557,PROD0013,Sneakers,Clothing,3,42.92,128.76
ORD02557,PROD0001,Wireless Headphones,Electronics,1,220.67,220.67
ORD02557,PROD0042,Data Science Handbook,Books,1,26.6,26.6
ORD02558,PROD0067,Card Game Pack,Toys,2,11.89,23.78
ORD02558,PROD0077,Mixed Nuts Pack,Food & Grocery,3,37.44,112.32
ORD02559,PROD0002,Smart Watch,Electronics,1,110.0,110.0
ORD02559,PROD0044,Business Strategy,Books,1,25.81,25.81
ORD02559,PROD0045,Self-Help Bestseller,Books,1,13.44,13.44
ORD02559,PROD0018,Ankle Socks,Clothing,1,13.84,13.84
ORD02560,PROD0037,Foam Roller,Sports,2,53.18,106.36
ORD02560,PROD0008,Portable Monitor,Electronics,2,144.34,288.68
ORD02560,PROD0026,Cutting Board,Home & Kitchen,1,23.46,23.46
ORD02560,PROD0055,Argan Shampoo,Beauty,3,29.44,88.32
ORD02561,PROD0060,Nail Polish Set,Beauty,2,16.35,32.7
ORD02562,PROD0012,Jeans,Clothing,1,65.37,65.37
ORD02562,PROD0020,Scarf,Clothing,3,12.21,36.63
ORD02562,PROD0011,T-Shirt,Clothing,3,18.75,56.25
ORD02562,PROD0035,Running Shoes,Sports,3,99.21,297.63
ORD02563,PROD0052,SPF Sunscreen,Beauty,1,19.96,19.96
ORD02563,PROD0022,Air Fryer,Home & Kitchen,3,143.78,431.34
ORD02563,PROD0060,Nail Polish Set,Beauty,1,16.35,16.35
ORD02563,PROD0001,Wireless Headphones,Electronics,1,220.67,220.67
ORD02564,PROD0002,Smart Watch,Electronics,3,110.0,330.0
ORD02565,PROD0012,Jeans,Clothing,3,65.37,196.11
ORD02566,PROD0041,Python Programming,Books,1,41.14,41.14
ORD02566,PROD0024,Toaster,Home & Kitchen,1,29.33,29.33
ORD02566,PROD0008,Portable Monitor,Electronics,1,144.34,144.34
ORD02567,PROD0038,Gym Bag,Sports,3,65.2,195.6
ORD02567,PROD0076,Artisan Pasta,Food & Grocery,1,10.93,10.93
ORD02568,PROD0048,World History,Books,2,25.51,51.02
ORD02568,PROD0056,Hair Conditioner,Beauty,1,28.27,28.27
ORD02568,PROD0057,Perfume,Beauty,1,50.54,50.54
ORD02568,PROD0015,Summer Dress,Clothing,2,67.24,134.48
ORD02569,PROD0074,Granola Mix,Food & Grocery,3,13.35,40.05
ORD02569,PROD0043,ML Engineering Guide,Books,2,29.52,59.04
ORD02569,PROD0006,Mechanical Keyboard,Electronics,3,151.5,454.5
ORD02570,PROD0001,Wireless Headphones,Electronics,2,220.67,441.34
ORD02571,PROD0032,Adjustable Dumbbells,Sports,2,159.46,318.92
ORD02571,PROD0008,Portable Monitor,Electronics,1,144.34,144.34
ORD02572,PROD0016,Hoodie,Clothing,3,57.25,171.75
ORD02572,PROD0033,Resistance Bands,Sports,1,26.09,26.09
ORD02573,PROD0037,Foam Roller,Sports,3,53.18,159.54
ORD02574,PROD0060,Nail Polish Set,Beauty,1,16.35,16.35
ORD02574,PROD0012,Jeans,Clothing,2,65.37,130.74
ORD02574,PROD0078,Raw Honey,Food & Grocery,2,18.09,36.18
ORD02574,PROD0073,Matcha Green Tea,Food & Grocery,3,31.91,95.73
ORD02575,PROD0077,Mixed Nuts Pack,Food & Grocery,1,37.44,37.44
ORD02575,PROD0023,Blender,Home & Kitchen,1,60.62,60.62
ORD02576,PROD0063,1000-Piece Puzzle,Toys,1,26.71,26.71
ORD02576,PROD0008,Portable Monitor,Electronics,3,144.34,433.02
ORD02576,PROD0047,Cook Book,Books,2,17.53,35.06
ORD02577,PROD0032,Adjustable Dumbbells,Sports,2,159.46,318.92
ORD02578,PROD0065,Collectible Doll,Toys,2,52.93,105.86
ORD02578,PROD0021,Coffee Maker,Home & Kitchen,2,168.93,337.86
ORD02578,PROD0030,Throw Pillow,Home & Kitchen,3,42.17,126.51
ORD02578,PROD0036,Jump Rope,Sports,2,20.14,40.28
ORD02579,PROD0044,Business Strategy,Books,2,25.81,51.62
ORD02579,PROD0060,Nail Polish Set,Beauty,3,16.35,49.05
ORD02579,PROD0030,Throw Pillow,Home & Kitchen,3,42.17,126.51
ORD02580,PROD0079,Multivitamins,Food & Grocery,3,20.74,62.22
ORD02581,PROD0034,Water Bottle,Sports,3,49.06,147.18
ORD02581,PROD0051,Face Moisturizer,Beauty,1,39.06,39.06
ORD02582,PROD0047,Cook Book,Books,2,17.53,35.06
ORD02583,PROD0076,Artisan Pasta,Food & Grocery,2,10.93,21.86
ORD02584,PROD0059,Vitamin C Serum,Beauty,3,28.13,84.39
ORD02584,PROD0023,Blender,Home & Kitchen,1,60.62,60.62
ORD02584,PROD0053,Lipstick Set,Beauty,3,19.34,58.02
ORD02584,PROD0078,Raw Honey,Food & Grocery,3,18.09,54.27
ORD02585,PROD0067,Card Game Pack,Toys,3,11.89,35.67
ORD02585,PROD0034,Water Bottle,Sports,1,49.06,49.06
ORD02585,PROD0058,Eye Cream,Beauty,3,71.04,213.12
ORD02586,PROD0070,Plush Stuffed Animal,Toys,2,16.69,33.38
ORD02586,PROD0073,Matcha Green Tea,Food & Grocery,2,31.91,63.82
ORD02586,PROD0058,Eye Cream,Beauty,2,71.04,142.08
ORD02587,PROD0022,Air Fryer,Home & Kitchen,1,143.78,143.78
ORD02587,PROD0008,Portable Monitor,Electronics,2,144.34,288.68
ORD02587,PROD0065,Collectible Doll,Toys,1,52.93,52.93
ORD02587,PROD0027,Mug Set,Home & Kitchen,1,18.25,18.25
ORD02588,PROD0021,Coffee Maker,Home & Kitchen,3,168.93,506.79
ORD02588,PROD0053,Lipstick Set,Beauty,3,19.34,58.02
ORD02588,PROD0069,Science Experiment Kit,Toys,2,27.62,55.24
ORD02589,PROD0045,Self-Help Bestseller,Books,2,13.44,26.88
ORD02590,PROD0037,Foam Roller,Sports,1,53.18,53.18
ORD02590,PROD0063,1000-Piece Puzzle,Toys,1,26.71,26.71
ORD02591,PROD0018,Ankle Socks,Clothing,1,13.84,13.84
ORD02591,PROD0022,Air Fryer,Home & Kitchen,3,143.78,431.34
ORD02591,PROD0073,Matcha Green Tea,Food & Grocery,3,31.91,95.73
ORD02591,PROD0080,Healthy Snack Box,Food & Grocery,2,23.63,47.26
ORD02592,PROD0009,Phone Case,Electronics,1,22.66,22.66
ORD02593,PROD0072,Premium Coffee Beans,Food & Grocery,2,43.12,86.24
ORD02593,PROD0025,Knife Set,Home & Kitchen,3,144.87,434.61
ORD02593,PROD0065,Collectible Doll,Toys,2,52.93,105.86
ORD02594,PROD0009,Phone Case,Electronics,1,22.66,22.66
ORD02595,PROD0013,Sneakers,Clothing,3,42.92,128.76
ORD02595,PROD0036,Jump Rope,Sports,2,20.14,40.28
ORD02595,PROD0010,Tablet Stand,Electronics,1,16.34,16.34
ORD02595,PROD0061,LEGO Creator Set,Toys,2,99.16,198.32
ORD02596,PROD0031,Yoga Mat,Sports,2,68.43,136.86
ORD02597,PROD0055,Argan Shampoo,Beauty,1,29.44,29.44
ORD02597,PROD0034,Water Bottle,Sports,2,49.06,98.12
ORD02598,PROD0002,Smart Watch,Electronics,1,110.0,110.0
ORD02598,PROD0053,Lipstick Set,Beauty,2,19.34,38.68
ORD02598,PROD0007,Gaming Mouse,Electronics,1,109.76,109.76
ORD02598,PROD0050,Graphic Novel,Books,2,18.57,37.14
ORD02599,PROD0042,Data Science Handbook,Books,1,26.6,26.6
ORD02600,PROD0025,Knife Set,Home & Kitchen,3,144.87,434.61
ORD02601,PROD0044,Business Strategy,Books,2,25.81,51.62
ORD02601,PROD0004,USB-C Hub,Electronics,1,33.39,33.39
ORD02601,PROD0035,Running Shoes,Sports,3,99.21,297.63
ORD02601,PROD0011,T-Shirt,Clothing,3,18.75,56.25
ORD02602,PROD0074,Granola Mix,Food & Grocery,1,13.35,13.35
ORD02603,PROD0032,Adjustable Dumbbells,Sports,3,159.46,478.38
ORD02603,PROD0071,Whey Protein Bar,Food & Grocery,1,22.38,22.38
ORD02604,PROD0046,Science Fiction Novel,Books,1,13.49,13.49
ORD02605,PROD0027,Mug Set,Home & Kitchen,3,18.25,54.75
ORD02606,PROD0009,Phone Case,Electronics,3,22.66,67.98
ORD02606,PROD0074,Granola Mix,Food & Grocery,1,13.35,13.35
ORD02607,PROD0048,World History,Books,2,25.51,51.02
ORD02607,PROD0006,Mechanical Keyboard,Electronics,1,151.5,151.5
ORD02608,PROD0038,Gym Bag,Sports,3,65.2,195.6
ORD02609,PROD0060,Nail Polish Set,Beauty,2,16.35,32.7
ORD02609,PROD0023,Blender,Home & Kitchen,1,60.62,60.62
ORD02609,PROD0077,Mixed Nuts Pack,Food & Grocery,3,37.44,112.32
ORD02610,PROD0009,Phone Case,Electronics,2,22.66,45.32
ORD02610,PROD0005,Webcam,Electronics,2,143.11,286.22
ORD02611,PROD0014,Winter Jacket,Clothing,3,87.84,263.52
ORD02611,PROD0050,Graphic Novel,Books,3,18.57,55.71
ORD02611,PROD0017,Running Shorts,Clothing,2,23.82,47.64
ORD02611,PROD0001,Wireless Headphones,Electronics,1,220.67,220.67
ORD02612,PROD0056,Hair Conditioner,Beauty,3,28.27,84.81
ORD02613,PROD0075,Extra Virgin Olive Oil,Food & Grocery,2,26.39,52.78
ORD02613,PROD0037,Foam Roller,Sports,1,53.18,53.18
ORD02614,PROD0035,Running Shoes,Sports,3,99.21,297.63
ORD02615,PROD0070,Plush Stuffed Animal,Toys,1,16.69,16.69
ORD02615,PROD0007,Gaming Mouse,Electronics,1,109.76,109.76
ORD02615,PROD0075,Extra Virgin Olive Oil,Food & Grocery,2,26.39,52.78
ORD02615,PROD0047,Cook Book,Books,2,17.53,35.06
ORD02616,PROD0031,Yoga Mat,Sports,2,68.43,136.86
ORD02616,PROD0061,LEGO Creator Set,Toys,3,99.16,297.48
ORD02616,PROD0074,Granola Mix,Food & Grocery,2,13.35,26.7
ORD02616,PROD0033,Resistance Bands,Sports,2,26.09,52.18
ORD02617,PROD0078,Raw Honey,Food & Grocery,3,18.09,54.27
ORD02617,PROD0061,LEGO Creator Set,Toys,3,99.16,297.48
ORD02617,PROD0048,World History,Books,1,25.51,25.51
ORD02618,PROD0042,Data Science Handbook,Books,2,26.6,53.2
ORD02619,PROD0023,Blender,Home & Kitchen,3,60.62,181.86
ORD02619,PROD0047,Cook Book,Books,3,17.53,52.59
ORD02619,PROD0061,LEGO Creator Set,Toys,3,99.16,297.48
ORD02620,PROD0055,Argan Shampoo,Beauty,3,29.44,88.32
ORD02620,PROD0026,Cutting Board,Home & Kitchen,2,23.46,46.92
ORD02620,PROD0059,Vitamin C Serum,Beauty,2,28.13,56.26
ORD02621,PROD0020,Scarf,Clothing,3,12.21,36.63
ORD02621,PROD0050,Graphic Novel,Books,1,18.57,18.57
ORD02622,PROD0019,Cap,Clothing,3,34.28,102.84
ORD02623,PROD0036,Jump Rope,Sports,3,20.14,60.42
ORD02624,PROD0033,Resistance Bands,Sports,3,26.09,78.27
ORD02625,PROD0078,Raw Honey,Food & Grocery,2,18.09,36.18
ORD02625,PROD0031,Yoga Mat,Sports,3,68.43,205.29
ORD02625,PROD0007,Gaming Mouse,Electronics,2,109.76,219.52
ORD02625,PROD0071,Whey Protein Bar,Food & Grocery,3,22.38,67.14
ORD02626,PROD0074,Granola Mix,Food & Grocery,2,13.35,26.7
ORD02626,PROD0051,Face Moisturizer,Beauty,2,39.06,78.12
ORD02627,PROD0007,Gaming Mouse,Electronics,2,109.76,219.52
ORD02627,PROD0073,Matcha Green Tea,Food & Grocery,2,31.91,63.82
ORD02627,PROD0074,Granola Mix,Food & Grocery,1,13.35,13.35
ORD02628,PROD0026,Cutting Board,Home & Kitchen,3,23.46,70.38
ORD02628,PROD0078,Raw Honey,Food & Grocery,3,18.09,54.27
ORD02629,PROD0073,Matcha Green Tea,Food & Grocery,1,31.91,31.91
ORD02629,PROD0069,Science Experiment Kit,Toys,1,27.62,27.62
ORD02629,PROD0066,RC Racing Car,Toys,2,74.32,148.64
ORD02630,PROD0076,Artisan Pasta,Food & Grocery,1,10.93,10.93
ORD02630,PROD0017,Running Shorts,Clothing,2,23.82,47.64
ORD02630,PROD0069,Science Experiment Kit,Toys,3,27.62,82.86
ORD02630,PROD0048,World History,Books,2,25.51,51.02
ORD02631,PROD0063,1000-Piece Puzzle,Toys,1,26.71,26.71
ORD02631,PROD0062,Strategy Board Game,Toys,1,43.8,43.8
ORD02631,PROD0043,ML Engineering Guide,Books,2,29.52,59.04
ORD02631,PROD0008,Portable Monitor,Electronics,1,144.34,144.34
ORD02632,PROD0022,Air Fryer,Home & Kitchen,1,143.78,143.78
ORD02632,PROD0068,Art & Craft Kit,Toys,2,13.06,26.12
ORD02632,PROD0026,Cutting Board,Home & Kitchen,3,23.46,70.38
ORD02632,PROD0070,Plush Stuffed Animal,Toys,2,16.69,33.38
ORD02633,PROD0024,Toaster,Home & Kitchen,2,29.33,58.66
ORD02634,PROD0070,Plush Stuffed Animal,Toys,2,16.69,33.38
ORD02635,PROD0020,Scarf,Clothing,3,12.21,36.63
ORD02635,PROD0028,Storage Organizer,Home & Kitchen,1,24.84,24.84
ORD02635,PROD0047,Cook Book,Books,2,17.53,35.06
ORD02635,PROD0005,Webcam,Electronics,2,143.11,286.22
ORD02636,PROD0019,Cap,Clothing,1,34.28,34.28
ORD02637,PROD0007,Gaming Mouse,Electronics,2,109.76,219.52
ORD02637,PROD0013,Sneakers,Clothing,1,42.92,42.92
ORD02638,PROD0056,Hair Conditioner,Beauty,3,28.27,84.81
ORD02638,PROD0055,Argan Shampoo,Beauty,2,29.44,58.88
ORD02638,PROD0036,Jump Rope,Sports,1,20.14,20.14
ORD02639,PROD0034,Water Bottle,Sports,2,49.06,98.12
ORD02640,PROD0027,Mug Set,Home & Kitchen,3,18.25,54.75
ORD02640,PROD0072,Premium Coffee Beans,Food & Grocery,1,43.12,43.12
ORD02641,PROD0019,Cap,Clothing,2,34.28,68.56
ORD02642,PROD0027,Mug Set,Home & Kitchen,3,18.25,54.75
ORD02642,PROD0034,Water Bottle,Sports,3,49.06,147.18
ORD02643,PROD0005,Webcam,Electronics,2,143.11,286.22
ORD02644,PROD0003,Bluetooth Speaker,Electronics,1,63.0,63.0
ORD02644,PROD0020,Scarf,Clothing,2,12.21,24.42
ORD02644,PROD0033,Resistance Bands,Sports,2,26.09,52.18
ORD02644,PROD0008,Portable Monitor,Electronics,1,144.34,144.34
ORD02645,PROD0041,Python Programming,Books,3,41.14,123.42
ORD02645,PROD0006,Mechanical Keyboard,Electronics,2,151.5,303.0
ORD02645,PROD0028,Storage Organizer,Home & Kitchen,3,24.84,74.52
ORD02646,PROD0034,Water Bottle,Sports,2,49.06,98.12
ORD02647,PROD0026,Cutting Board,Home & Kitchen,1,23.46,23.46
ORD02647,PROD0007,Gaming Mouse,Electronics,2,109.76,219.52
ORD02648,PROD0057,Perfume,Beauty,1,50.54,50.54
ORD02648,PROD0068,Art & Craft Kit,Toys,1,13.06,13.06
ORD02648,PROD0031,Yoga Mat,Sports,1,68.43,68.43
ORD02649,PROD0052,SPF Sunscreen,Beauty,2,19.96,39.92
ORD02649,PROD0064,Action Figure,Toys,2,30.54,61.08
ORD02649,PROD0015,Summer Dress,Clothing,3,67.24,201.72
ORD02650,PROD0017,Running Shorts,Clothing,1,23.82,23.82
ORD02650,PROD0031,Yoga Mat,Sports,3,68.43,205.29
ORD02650,PROD0034,Water Bottle,Sports,2,49.06,98.12
ORD02651,PROD0015,Summer Dress,Clothing,3,67.24,201.72
ORD02651,PROD0005,Webcam,Electronics,3,143.11,429.33
ORD02651,PROD0055,Argan Shampoo,Beauty,2,29.44,58.88
ORD02652,PROD0037,Foam Roller,Sports,1,53.18,53.18
ORD02652,PROD0038,Gym Bag,Sports,3,65.2,195.6
ORD02653,PROD0067,Card Game Pack,Toys,3,11.89,35.67
ORD02653,PROD0028,Storage Organizer,Home & Kitchen,2,24.84,49.68
ORD02653,PROD0053,Lipstick Set,Beauty,3,19.34,58.02
ORD02654,PROD0022,Air Fryer,Home & Kitchen,2,143.78,287.56
ORD02655,PROD0019,Cap,Clothing,1,34.28,34.28
ORD02655,PROD0018,Ankle Socks,Clothing,3,13.84,41.52
ORD02655,PROD0036,Jump Rope,Sports,3,20.14,60.42
ORD02655,PROD0009,Phone Case,Electronics,1,22.66,22.66
ORD02656,PROD0078,Raw Honey,Food & Grocery,2,18.09,36.18
ORD02656,PROD0053,Lipstick Set,Beauty,3,19.34,58.02
ORD02656,PROD0037,Foam Roller,Sports,2,53.18,106.36
ORD02656,PROD0003,Bluetooth Speaker,Electronics,3,63.0,189.0
ORD02657,PROD0017,Running Shorts,Clothing,3,23.82,71.46
ORD02657,PROD0057,Perfume,Beauty,1,50.54,50.54
ORD02657,PROD0025,Knife Set,Home & Kitchen,2,144.87,289.74
ORD02657,PROD0034,Water Bottle,Sports,2,49.06,98.12
ORD02658,PROD0027,Mug Set,Home & Kitchen,1,18.25,18.25
ORD02658,PROD0025,Knife Set,Home & Kitchen,3,144.87,434.61
ORD02658,PROD0048,World History,Books,1,25.51,25.51
ORD02658,PROD0067,Card Game Pack,Toys,1,11.89,11.89
ORD02659,PROD0080,Healthy Snack Box,Food & Grocery,3,23.63,70.89
ORD02659,PROD0075,Extra Virgin Olive Oil,Food & Grocery,3,26.39,79.17
ORD02659,PROD0044,Business Strategy,Books,2,25.81,51.62
ORD02660,PROD0039,Protein Shaker,Sports,3,31.54,94.62
ORD02660,PROD0052,SPF Sunscreen,Beauty,3,19.96,59.88
ORD02660,PROD0050,Graphic Novel,Books,3,18.57,55.71
ORD02661,PROD0036,Jump Rope,Sports,2,20.14,40.28
ORD02661,PROD0065,Collectible Doll,Toys,3,52.93,158.79
ORD02661,PROD0080,Healthy Snack Box,Food & Grocery,1,23.63,23.63
ORD02661,PROD0047,Cook Book,Books,2,17.53,35.06
ORD02662,PROD0033,Resistance Bands,Sports,1,26.09,26.09
ORD02662,PROD0055,Argan Shampoo,Beauty,1,29.44,29.44
ORD02662,PROD0057,Perfume,Beauty,1,50.54,50.54
ORD02662,PROD0065,Collectible Doll,Toys,3,52.93,158.79
ORD02663,PROD0025,Knife Set,Home & Kitchen,2,144.87,289.74
ORD02663,PROD0003,Bluetooth Speaker,Electronics,3,63.0,189.0
ORD02663,PROD0031,Yoga Mat,Sports,1,68.43,68.43
ORD02663,PROD0040,Fitness Tracker,Sports,3,99.28,297.84
ORD02664,PROD0008,Portable Monitor,Electronics,1,144.34,144.34
ORD02664,PROD0015,Summer Dress,Clothing,1,67.24,67.24
ORD02664,PROD0064,Action Figure,Toys,3,30.54,91.62
ORD02665,PROD0060,Nail Polish Set,Beauty,3,16.35,49.05
ORD02666,PROD0026,Cutting Board,Home & Kitchen,1,23.46,23.46
ORD02666,PROD0025,Knife Set,Home & Kitchen,1,144.87,144.87
ORD02667,PROD0016,Hoodie,Clothing,2,57.25,114.5
ORD02667,PROD0056,Hair Conditioner,Beauty,2,28.27,56.54
ORD02667,PROD0068,Art & Craft Kit,Toys,1,13.06,13.06
ORD02668,PROD0066,RC Racing Car,Toys,1,74.32,74.32
ORD02668,PROD0052,SPF Sunscreen,Beauty,1,19.96,19.96
ORD02669,PROD0046,Science Fiction Novel,Books,1,13.49,13.49
ORD02669,PROD0042,Data Science Handbook,Books,3,26.6,79.8
ORD02669,PROD0031,Yoga Mat,Sports,1,68.43,68.43
ORD02669,PROD0073,Matcha Green Tea,Food & Grocery,1,31.91,31.91
ORD02670,PROD0034,Water Bottle,Sports,2,49.06,98.12
ORD02670,PROD0042,Data Science Handbook,Books,2,26.6,53.2
ORD02670,PROD0059,Vitamin C Serum,Beauty,1,28.13,28.13
ORD02670,PROD0026,Cutting Board,Home & Kitchen,1,23.46,23.46
ORD02671,PROD0007,Gaming Mouse,Electronics,2,109.76,219.52
ORD02671,PROD0021,Coffee Maker,Home & Kitchen,1,168.93,168.93
ORD02672,PROD0042,Data Science Handbook,Books,2,26.6,53.2
ORD02672,PROD0039,Protein Shaker,Sports,2,31.54,63.08
ORD02673,PROD0028,Storage Organizer,Home & Kitchen,3,24.84,74.52
ORD02673,PROD0067,Card Game Pack,Toys,3,11.89,35.67
ORD02673,PROD0020,Scarf,Clothing,3,12.21,36.63
ORD02673,PROD0006,Mechanical Keyboard,Electronics,1,151.5,151.5
ORD02674,PROD0010,Tablet Stand,Electronics,1,16.34,16.34
ORD02674,PROD0004,USB-C Hub,Electronics,2,33.39,66.78
ORD02674,PROD0069,Science Experiment Kit,Toys,2,27.62,55.24
ORD02675,PROD0030,Throw Pillow,Home & Kitchen,3,42.17,126.51
ORD02675,PROD0007,Gaming Mouse,Electronics,3,109.76,329.28
ORD02676,PROD0045,Self-Help Bestseller,Books,1,13.44,13.44
ORD02676,PROD0052,SPF Sunscreen,Beauty,3,19.96,59.88
ORD02677,PROD0070,Plush Stuffed Animal,Toys,3,16.69,50.07
ORD02677,PROD0017,Running Shorts,Clothing,1,23.82,23.82
ORD02677,PROD0039,Protein Shaker,Sports,1,31.54,31.54
ORD02678,PROD0034,Water Bottle,Sports,1,49.06,49.06
ORD02678,PROD0009,Phone Case,Electronics,3,22.66,67.98
ORD02679,PROD0049,Travel Photography,Books,1,39.07,39.07
ORD02679,PROD0075,Extra Virgin Olive Oil,Food & Grocery,3,26.39,79.17
ORD02680,PROD0004,USB-C Hub,Electronics,2,33.39,66.78
ORD02681,PROD0080,Healthy Snack Box,Food & Grocery,1,23.63,23.63
ORD02682,PROD0049,Travel Photography,Books,3,39.07,117.21
ORD02682,PROD0022,Air Fryer,Home & Kitchen,1,143.78,143.78
ORD02682,PROD0059,Vitamin C Serum,Beauty,1,28.13,28.13
ORD02682,PROD0058,Eye Cream,Beauty,1,71.04,71.04
ORD02683,PROD0061,LEGO Creator Set,Toys,2,99.16,198.32
ORD02683,PROD0036,Jump Rope,Sports,1,20.14,20.14
ORD02683,PROD0012,Jeans,Clothing,1,65.37,65.37
ORD02684,PROD0068,Art & Craft Kit,Toys,2,13.06,26.12
ORD02684,PROD0065,Collectible Doll,Toys,3,52.93,158.79
ORD02684,PROD0038,Gym Bag,Sports,1,65.2,65.2
ORD02685,PROD0044,Business Strategy,Books,3,25.81,77.43
ORD02685,PROD0055,Argan Shampoo,Beauty,1,29.44,29.44
ORD02686,PROD0057,Perfume,Beauty,2,50.54,101.08
ORD02686,PROD0021,Coffee Maker,Home & Kitchen,2,168.93,337.86
ORD02686,PROD0037,Foam Roller,Sports,1,53.18,53.18
ORD02686,PROD0040,Fitness Tracker,Sports,2,99.28,198.56
ORD02687,PROD0069,Science Experiment Kit,Toys,3,27.62,82.86
ORD02687,PROD0038,Gym Bag,Sports,2,65.2,130.4
ORD02687,PROD0056,Hair Conditioner,Beauty,1,28.27,28.27
ORD02688,PROD0063,1000-Piece Puzzle,Toys,1,26.71,26.71
ORD02688,PROD0067,Card Game Pack,Toys,2,11.89,23.78
ORD02688,PROD0045,Self-Help Bestseller,Books,2,13.44,26.88
ORD02688,PROD0027,Mug Set,Home & Kitchen,2,18.25,36.5
ORD02689,PROD0077,Mixed Nuts Pack,Food & Grocery,1,37.44,37.44
ORD02690,PROD0013,Sneakers,Clothing,1,42.92,42.92
ORD02690,PROD0022,Air Fryer,Home & Kitchen,1,143.78,143.78
ORD02691,PROD0020,Scarf,Clothing,3,12.21,36.63
ORD02692,PROD0050,Graphic Novel,Books,2,18.57,37.14
ORD02692,PROD0047,Cook Book,Books,1,17.53,17.53
ORD02692,PROD0054,Foundation,Beauty,1,57.15,57.15
ORD02692,PROD0056,Hair Conditioner,Beauty,3,28.27,84.81
ORD02693,PROD0034,Water Bottle,Sports,1,49.06,49.06
ORD02693,PROD0044,Business Strategy,Books,2,25.81,51.62
ORD02694,PROD0023,Blender,Home & Kitchen,1,60.62,60.62
ORD02694,PROD0033,Resistance Bands,Sports,2,26.09,52.18
ORD02695,PROD0024,Toaster,Home & Kitchen,2,29.33,58.66
ORD02695,PROD0039,Protein Shaker,Sports,2,31.54,63.08
ORD02695,PROD0030,Throw Pillow,Home & Kitchen,1,42.17,42.17
ORD02695,PROD0074,Granola Mix,Food & Grocery,1,13.35,13.35
ORD02696,PROD0005,Webcam,Electronics,2,143.11,286.22
ORD02697,PROD0026,Cutting Board,Home & Kitchen,2,23.46,46.92
ORD02698,PROD0046,Science Fiction Novel,Books,2,13.49,26.98
ORD02698,PROD0080,Healthy Snack Box,Food & Grocery,3,23.63,70.89
ORD02698,PROD0044,Business Strategy,Books,2,25.81,51.62
ORD02698,PROD0059,Vitamin C Serum,Beauty,1,28.13,28.13
ORD02699,PROD0019,Cap,Clothing,1,34.28,34.28
ORD02699,PROD0005,Webcam,Electronics,1,143.11,143.11
ORD02699,PROD0033,Resistance Bands,Sports,3,26.09,78.27
ORD02699,PROD0015,Summer Dress,Clothing,2,67.24,134.48
ORD02700,PROD0078,Raw Honey,Food & Grocery,1,18.09,18.09
ORD02701,PROD0041,Python Programming,Books,1,41.14,41.14
ORD02701,PROD0012,Jeans,Clothing,2,65.37,130.74
ORD02701,PROD0008,Portable Monitor,Electronics,3,144.34,433.02
ORD02701,PROD0045,Self-Help Bestseller,Books,2,13.44,26.88
ORD02702,PROD0042,Data Science Handbook,Books,3,26.6,79.8
ORD02702,PROD0030,Throw Pillow,Home & Kitchen,3,42.17,126.51
ORD02703,PROD0048,World History,Books,1,25.51,25.51
ORD02703,PROD0023,Blender,Home & Kitchen,3,60.62,181.86
ORD02703,PROD0049,Travel Photography,Books,2,39.07,78.14
ORD02704,PROD0034,Water Bottle,Sports,3,49.06,147.18
ORD02705,PROD0022,Air Fryer,Home & Kitchen,3,143.78,431.34
ORD02706,PROD0035,Running Shoes,Sports,3,99.21,297.63
ORD02706,PROD0076,Artisan Pasta,Food & Grocery,2,10.93,21.86
ORD02706,PROD0034,Water Bottle,Sports,3,49.06,147.18
ORD02706,PROD0023,Blender,Home & Kitchen,1,60.62,60.62
ORD02707,PROD0021,Coffee Maker,Home & Kitchen,2,168.93,337.86
ORD02707,PROD0012,Jeans,Clothing,2,65.37,130.74
ORD02708,PROD0053,Lipstick Set,Beauty,3,19.34,58.02
ORD02709,PROD0044,Business Strategy,Books,2,25.81,51.62
ORD02709,PROD0050,Graphic Novel,Books,2,18.57,37.14
ORD02709,PROD0029,LED Desk Lamp,Home & Kitchen,3,80.09,240.27
ORD02709,PROD0007,Gaming Mouse,Electronics,1,109.76,109.76
ORD02710,PROD0036,Jump Rope,Sports,2,20.14,40.28
ORD02710,PROD0069,Science Experiment Kit,Toys,2,27.62,55.24
ORD02710,PROD0045,Self-Help Bestseller,Books,1,13.44,13.44
ORD02710,PROD0025,Knife Set,Home & Kitchen,2,144.87,289.74
ORD02711,PROD0020,Scarf,Clothing,2,12.21,24.42
ORD02712,PROD0019,Cap,Clothing,1,34.28,34.28
ORD02712,PROD0075,Extra Virgin Olive Oil,Food & Grocery,1,26.39,26.39
ORD02713,PROD0057,Perfume,Beauty,3,50.54,151.62
ORD02713,PROD0025,Knife Set,Home & Kitchen,2,144.87,289.74
ORD02714,PROD0033,Resistance Bands,Sports,3,26.09,78.27
ORD02714,PROD0028,Storage Organizer,Home & Kitchen,3,24.84,74.52
ORD02715,PROD0056,Hair Conditioner,Beauty,3,28.27,84.81
ORD02715,PROD0052,SPF Sunscreen,Beauty,2,19.96,39.92
ORD02715,PROD0034,Water Bottle,Sports,2,49.06,98.12
ORD02716,PROD0055,Argan Shampoo,Beauty,3,29.44,88.32
ORD02716,PROD0023,Blender,Home & Kitchen,1,60.62,60.62
ORD02716,PROD0009,Phone Case,Electronics,2,22.66,45.32
ORD02716,PROD0036,Jump Rope,Sports,3,20.14,60.42
ORD02717,PROD0023,Blender,Home & Kitchen,2,60.62,121.24
ORD02717,PROD0015,Summer Dress,Clothing,2,67.24,134.48
ORD02717,PROD0024,Toaster,Home & Kitchen,3,29.33,87.99
ORD02717,PROD0002,Smart Watch,Electronics,2,110.0,220.0
ORD02718,PROD0042,Data Science Handbook,Books,1,26.6,26.6
ORD02718,PROD0033,Resistance Bands,Sports,3,26.09,78.27
ORD02719,PROD0073,Matcha Green Tea,Food & Grocery,3,31.91,95.73
ORD02719,PROD0002,Smart Watch,Electronics,3,110.0,330.0
ORD02720,PROD0072,Premium Coffee Beans,Food & Grocery,3,43.12,129.36
ORD02720,PROD0075,Extra Virgin Olive Oil,Food & Grocery,3,26.39,79.17
ORD02720,PROD0042,Data Science Handbook,Books,3,26.6,79.8
ORD02720,PROD0016,Hoodie,Clothing,3,57.25,171.75
ORD02721,PROD0032,Adjustable Dumbbells,Sports,3,159.46,478.38
ORD02721,PROD0021,Coffee Maker,Home & Kitchen,1,168.93,168.93
ORD02721,PROD0040,Fitness Tracker,Sports,2,99.28,198.56
ORD02722,PROD0052,SPF Sunscreen,Beauty,1,19.96,19.96
ORD02722,PROD0009,Phone Case,Electronics,3,22.66,67.98
ORD02722,PROD0030,Throw Pillow,Home & Kitchen,3,42.17,126.51
ORD02722,PROD0071,Whey Protein Bar,Food & Grocery,3,22.38,67.14
ORD02723,PROD0062,Strategy Board Game,Toys,2,43.8,87.6
ORD02723,PROD0072,Premium Coffee Beans,Food & Grocery,1,43.12,43.12
ORD02723,PROD0070,Plush Stuffed Animal,Toys,2,16.69,33.38
ORD02724,PROD0058,Eye Cream,Beauty,1,71.04,71.04
ORD02724,PROD0036,Jump Rope,Sports,2,20.14,40.28
ORD02725,PROD0058,Eye Cream,Beauty,2,71.04,142.08
ORD02725,PROD0072,Premium Coffee Beans,Food & Grocery,1,43.12,43.12
ORD02725,PROD0025,Knife Set,Home & Kitchen,1,144.87,144.87
ORD02725,PROD0018,Ankle Socks,Clothing,1,13.84,13.84
ORD02726,PROD0010,Tablet Stand,Electronics,3,16.34,49.02
ORD02726,PROD0070,Plush Stuffed Animal,Toys,2,16.69,33.38
ORD02727,PROD0067,Card Game Pack,Toys,1,11.89,11.89
ORD02727,PROD0046,Science Fiction Novel,Books,1,13.49,13.49
ORD02727,PROD0016,Hoodie,Clothing,1,57.25,57.25
ORD02727,PROD0004,USB-C Hub,Electronics,1,33.39,33.39
ORD02728,PROD0050,Graphic Novel,Books,3,18.57,55.71
ORD02729,PROD0053,Lipstick Set,Beauty,2,19.34,38.68
ORD02730,PROD0030,Throw Pillow,Home & Kitchen,3,42.17,126.51
ORD02730,PROD0002,Smart Watch,Electronics,2,110.0,220.0
ORD02730,PROD0036,Jump Rope,Sports,1,20.14,20.14
ORD02731,PROD0012,Jeans,Clothing,1,65.37,65.37
ORD02731,PROD0002,Smart Watch,Electronics,1,110.0,110.0
ORD02731,PROD0051,Face Moisturizer,Beauty,3,39.06,117.18
ORD02732,PROD0062,Strategy Board Game,Toys,1,43.8,43.8
ORD02733,PROD0013,Sneakers,Clothing,2,42.92,85.84
ORD02733,PROD0026,Cutting Board,Home & Kitchen,3,23.46,70.38
ORD02733,PROD0023,Blender,Home & Kitchen,3,60.62,181.86
ORD02733,PROD0004,USB-C Hub,Electronics,1,33.39,33.39
ORD02734,PROD0060,Nail Polish Set,Beauty,1,16.35,16.35
ORD02734,PROD0035,Running Shoes,Sports,3,99.21,297.63
ORD02735,PROD0005,Webcam,Electronics,2,143.11,286.22
ORD02735,PROD0003,Bluetooth Speaker,Electronics,2,63.0,126.0
ORD02735,PROD0044,Business Strategy,Books,1,25.81,25.81
ORD02736,PROD0051,Face Moisturizer,Beauty,2,39.06,78.12
ORD02736,PROD0046,Science Fiction Novel,Books,2,13.49,26.98
ORD02737,PROD0034,Water Bottle,Sports,3,49.06,147.18
ORD02737,PROD0070,Plush Stuffed Animal,Toys,3,16.69,50.07
ORD02737,PROD0007,Gaming Mouse,Electronics,3,109.76,329.28
ORD02737,PROD0058,Eye Cream,Beauty,2,71.04,142.08
ORD02738,PROD0043,ML Engineering Guide,Books,3,29.52,88.56
ORD02739,PROD0047,Cook Book,Books,1,17.53,17.53
ORD02739,PROD0055,Argan Shampoo,Beauty,1,29.44,29.44
ORD02740,PROD0080,Healthy Snack Box,Food & Grocery,3,23.63,70.89
ORD02740,PROD0027,Mug Set,Home & Kitchen,3,18.25,54.75
ORD02740,PROD0054,Foundation,Beauty,3,57.15,171.45
ORD02740,PROD0015,Summer Dress,Clothing,3,67.24,201.72
ORD02741,PROD0006,Mechanical Keyboard,Electronics,1,151.5,151.5
ORD02741,PROD0022,Air Fryer,Home & Kitchen,2,143.78,287.56
ORD02741,PROD0035,Running Shoes,Sports,3,99.21,297.63
ORD02741,PROD0019,Cap,Clothing,3,34.28,102.84
ORD02742,PROD0021,Coffee Maker,Home & Kitchen,1,168.93,168.93
ORD02742,PROD0073,Matcha Green Tea,Food & Grocery,2,31.91,63.82
ORD02742,PROD0035,Running Shoes,Sports,3,99.21,297.63
ORD02743,PROD0040,Fitness Tracker,Sports,2,99.28,198.56
ORD02744,PROD0032,Adjustable Dumbbells,Sports,3,159.46,478.38
ORD02745,PROD0053,Lipstick Set,Beauty,3,19.34,58.02
ORD02745,PROD0024,Toaster,Home & Kitchen,3,29.33,87.99
ORD02746,PROD0013,Sneakers,Clothing,3,42.92,128.76
ORD02746,PROD0068,Art & Craft Kit,Toys,3,13.06,39.18
ORD02746,PROD0080,Healthy Snack Box,Food & Grocery,2,23.63,47.26
ORD02747,PROD0080,Healthy Snack Box,Food & Grocery,2,23.63,47.26
ORD02747,PROD0069,Science Experiment Kit,Toys,2,27.62,55.24
ORD02747,PROD0064,Action Figure,Toys,3,30.54,91.62
ORD02747,PROD0068,Art & Craft Kit,Toys,3,13.06,39.18
ORD02748,PROD0025,Knife Set,Home & Kitchen,2,144.87,289.74
ORD02748,PROD0009,Phone Case,Electronics,1,22.66,22.66
ORD02748,PROD0045,Self-Help Bestseller,Books,3,13.44,40.32
ORD02749,PROD0017,Running Shorts,Clothing,3,23.82,71.46
ORD02749,PROD0039,Protein Shaker,Sports,2,31.54,63.08
ORD02749,PROD0055,Argan Shampoo,Beauty,3,29.44,88.32
ORD02750,PROD0014,Winter Jacket,Clothing,3,87.84,263.52
ORD02750,PROD0041,Python Programming,Books,2,41.14,82.28
ORD02750,PROD0009,Phone Case,Electronics,3,22.66,67.98
ORD02750,PROD0005,Webcam,Electronics,2,143.11,286.22
ORD02751,PROD0071,Whey Protein Bar,Food & Grocery,3,22.38,67.14
ORD02751,PROD0026,Cutting Board,Home & Kitchen,3,23.46,70.38
ORD02752,PROD0030,Throw Pillow,Home & Kitchen,1,42.17,42.17
ORD02752,PROD0046,Science Fiction Novel,Books,3,13.49,40.47
ORD02753,PROD0027,Mug Set,Home & Kitchen,1,18.25,18.25
ORD02753,PROD0020,Scarf,Clothing,1,12.21,12.21
ORD02753,PROD0011,T-Shirt,Clothing,2,18.75,37.5
ORD02753,PROD0051,Face Moisturizer,Beauty,1,39.06,39.06
ORD02754,PROD0046,Science Fiction Novel,Books,3,13.49,40.47
ORD02755,PROD0059,Vitamin C Serum,Beauty,3,28.13,84.39
ORD02756,PROD0004,USB-C Hub,Electronics,2,33.39,66.78
ORD02756,PROD0013,Sneakers,Clothing,1,42.92,42.92
ORD02757,PROD0047,Cook Book,Books,2,17.53,35.06
ORD02757,PROD0064,Action Figure,Toys,1,30.54,30.54
ORD02757,PROD0051,Face Moisturizer,Beauty,1,39.06,39.06
ORD02757,PROD0042,Data Science Handbook,Books,1,26.6,26.6
ORD02758,PROD0016,Hoodie,Clothing,2,57.25,114.5
ORD02758,PROD0013,Sneakers,Clothing,2,42.92,85.84
ORD02758,PROD0080,Healthy Snack Box,Food & Grocery,2,23.63,47.26
ORD02758,PROD0065,Collectible Doll,Toys,3,52.93,158.79
ORD02759,PROD0002,Smart Watch,Electronics,3,110.0,330.0
ORD02759,PROD0044,Business Strategy,Books,3,25.81,77.43
ORD02759,PROD0029,LED Desk Lamp,Home & Kitchen,2,80.09,160.18
ORD02759,PROD0065,Collectible Doll,Toys,2,52.93,105.86
ORD02760,PROD0009,Phone Case,Electronics,2,22.66,45.32
ORD02760,PROD0032,Adjustable Dumbbells,Sports,3,159.46,478.38
ORD02760,PROD0054,Foundation,Beauty,3,57.15,171.45
ORD02761,PROD0021,Coffee Maker,Home & Kitchen,2,168.93,337.86
ORD02761,PROD0035,Running Shoes,Sports,2,99.21,198.42
ORD02761,PROD0072,Premium Coffee Beans,Food & Grocery,2,43.12,86.24
ORD02761,PROD0015,Summer Dress,Clothing,2,67.24,134.48
ORD02762,PROD0041,Python Programming,Books,1,41.14,41.14
ORD02762,PROD0011,T-Shirt,Clothing,1,18.75,18.75
ORD02762,PROD0019,Cap,Clothing,2,34.28,68.56
ORD02763,PROD0003,Bluetooth Speaker,Electronics,2,63.0,126.0
ORD02763,PROD0070,Plush Stuffed Animal,Toys,2,16.69,33.38
ORD02763,PROD0020,Scarf,Clothing,1,12.21,12.21
ORD02763,PROD0053,Lipstick Set,Beauty,1,19.34,19.34
ORD02764,PROD0074,Granola Mix,Food & Grocery,2,13.35,26.7
ORD02765,PROD0052,SPF Sunscreen,Beauty,2,19.96,39.92
ORD02765,PROD0026,Cutting Board,Home & Kitchen,3,23.46,70.38
ORD02765,PROD0079,Multivitamins,Food & Grocery,2,20.74,41.48
ORD02765,PROD0042,Data Science Handbook,Books,3,26.6,79.8
ORD02766,PROD0070,Plush Stuffed Animal,Toys,2,16.69,33.38
ORD02766,PROD0056,Hair Conditioner,Beauty,3,28.27,84.81
ORD02767,PROD0067,Card Game Pack,Toys,2,11.89,23.78
ORD02768,PROD0045,Self-Help Bestseller,Books,2,13.44,26.88
ORD02769,PROD0004,USB-C Hub,Electronics,2,33.39,66.78
ORD02769,PROD0042,Data Science Handbook,Books,2,26.6,53.2
ORD02769,PROD0052,SPF Sunscreen,Beauty,2,19.96,39.92
ORD02769,PROD0007,Gaming Mouse,Electronics,1,109.76,109.76
ORD02770,PROD0017,Running Shorts,Clothing,1,23.82,23.82
ORD02770,PROD0015,Summer Dress,Clothing,2,67.24,134.48
ORD02771,PROD0020,Scarf,Clothing,2,12.21,24.42
ORD02771,PROD0055,Argan Shampoo,Beauty,1,29.44,29.44
ORD02771,PROD0069,Science Experiment Kit,Toys,3,27.62,82.86
ORD02772,PROD0056,Hair Conditioner,Beauty,2,28.27,56.54
ORD02772,PROD0078,Raw Honey,Food & Grocery,1,18.09,18.09
ORD02772,PROD0059,Vitamin C Serum,Beauty,1,28.13,28.13
ORD02772,PROD0023,Blender,Home & Kitchen,1,60.62,60.62
ORD02773,PROD0011,T-Shirt,Clothing,3,18.75,56.25
ORD02773,PROD0058,Eye Cream,Beauty,2,71.04,142.08
ORD02774,PROD0027,Mug Set,Home & Kitchen,1,18.25,18.25
ORD02774,PROD0071,Whey Protein Bar,Food & Grocery,3,22.38,67.14
ORD02774,PROD0049,Travel Photography,Books,1,39.07,39.07
ORD02774,PROD0070,Plush Stuffed Animal,Toys,2,16.69,33.38
ORD02775,PROD0047,Cook Book,Books,1,17.53,17.53
ORD02775,PROD0011,T-Shirt,Clothing,3,18.75,56.25
ORD02775,PROD0022,Air Fryer,Home & Kitchen,1,143.78,143.78
ORD02775,PROD0013,Sneakers,Clothing,2,42.92,85.84
ORD02776,PROD0016,Hoodie,Clothing,1,57.25,57.25
ORD02777,PROD0017,Running Shorts,Clothing,1,23.82,23.82
ORD02777,PROD0076,Artisan Pasta,Food & Grocery,1,10.93,10.93
ORD02777,PROD0074,Granola Mix,Food & Grocery,3,13.35,40.05
ORD02777,PROD0032,Adjustable Dumbbells,Sports,2,159.46,318.92
ORD02778,PROD0033,Resistance Bands,Sports,1,26.09,26.09
ORD02778,PROD0043,ML Engineering Guide,Books,1,29.52,29.52
ORD02778,PROD0018,Ankle Socks,Clothing,3,13.84,41.52
ORD02779,PROD0007,Gaming Mouse,Electronics,1,109.76,109.76
ORD02779,PROD0079,Multivitamins,Food & Grocery,1,20.74,20.74
ORD02779,PROD0008,Portable Monitor,Electronics,1,144.34,144.34
ORD02779,PROD0040,Fitness Tracker,Sports,3,99.28,297.84
ORD02780,PROD0031,Yoga Mat,Sports,3,68.43,205.29
ORD02780,PROD0042,Data Science Handbook,Books,1,26.6,26.6
ORD02780,PROD0068,Art & Craft Kit,Toys,3,13.06,39.18
ORD02781,PROD0021,Coffee Maker,Home & Kitchen,1,168.93,168.93
ORD02781,PROD0080,Healthy Snack Box,Food & Grocery,3,23.63,70.89
ORD02782,PROD0010,Tablet Stand,Electronics,3,16.34,49.02
ORD02782,PROD0072,Premium Coffee Beans,Food & Grocery,1,43.12,43.12
ORD02782,PROD0045,Self-Help Bestseller,Books,1,13.44,13.44
ORD02783,PROD0071,Whey Protein Bar,Food & Grocery,3,22.38,67.14
ORD02783,PROD0005,Webcam,Electronics,3,143.11,429.33
ORD02783,PROD0024,Toaster,Home & Kitchen,1,29.33,29.33
ORD02784,PROD0064,Action Figure,Toys,3,30.54,91.62
ORD02784,PROD0004,USB-C Hub,Electronics,1,33.39,33.39
ORD02784,PROD0073,Matcha Green Tea,Food & Grocery,3,31.91,95.73
ORD02784,PROD0057,Perfume,Beauty,2,50.54,101.08
ORD02785,PROD0050,Graphic Novel,Books,3,18.57,55.71
ORD02785,PROD0047,Cook Book,Books,2,17.53,35.06
ORD02785,PROD0011,T-Shirt,Clothing,1,18.75,18.75
ORD02785,PROD0032,Adjustable Dumbbells,Sports,2,159.46,318.92
ORD02786,PROD0022,Air Fryer,Home & Kitchen,1,143.78,143.78
ORD02786,PROD0045,Self-Help Bestseller,Books,3,13.44,40.32
ORD02786,PROD0025,Knife Set,Home & Kitchen,2,144.87,289.74
ORD02787,PROD0020,Scarf,Clothing,1,12.21,12.21
ORD02788,PROD0013,Sneakers,Clothing,2,42.92,85.84
ORD02788,PROD0001,Wireless Headphones,Electronics,3,220.67,662.01
ORD02788,PROD0044,Business Strategy,Books,2,25.81,51.62
ORD02789,PROD0076,Artisan Pasta,Food & Grocery,2,10.93,21.86
ORD02790,PROD0072,Premium Coffee Beans,Food & Grocery,1,43.12,43.12
ORD02790,PROD0043,ML Engineering Guide,Books,2,29.52,59.04
ORD02790,PROD0030,Throw Pillow,Home & Kitchen,1,42.17,42.17
ORD02791,PROD0023,Blender,Home & Kitchen,2,60.62,121.24
ORD02791,PROD0021,Coffee Maker,Home & Kitchen,3,168.93,506.79
ORD02791,PROD0069,Science Experiment Kit,Toys,2,27.62,55.24
ORD02792,PROD0032,Adjustable Dumbbells,Sports,3,159.46,478.38
ORD02792,PROD0071,Whey Protein Bar,Food & Grocery,1,22.38,22.38
ORD02792,PROD0069,Science Experiment Kit,Toys,3,27.62,82.86
ORD02793,PROD0075,Extra Virgin Olive Oil,Food & Grocery,2,26.39,52.78
ORD02793,PROD0046,Science Fiction Novel,Books,3,13.49,40.47
ORD02793,PROD0062,Strategy Board Game,Toys,3,43.8,131.4
ORD02794,PROD0054,Foundation,Beauty,3,57.15,171.45
ORD02794,PROD0075,Extra Virgin Olive Oil,Food & Grocery,2,26.39,52.78
ORD02795,PROD0035,Running Shoes,Sports,2,99.21,198.42
ORD02796,PROD0049,Travel Photography,Books,1,39.07,39.07
ORD02797,PROD0069,Science Experiment Kit,Toys,1,27.62,27.62
ORD02797,PROD0031,Yoga Mat,Sports,1,68.43,68.43
ORD02797,PROD0076,Artisan Pasta,Food & Grocery,3,10.93,32.79
ORD02797,PROD0073,Matcha Green Tea,Food & Grocery,3,31.91,95.73
ORD02798,PROD0023,Blender,Home & Kitchen,2,60.62,121.24
ORD02798,PROD0061,LEGO Creator Set,Toys,1,99.16,99.16
ORD02798,PROD0001,Wireless Headphones,Electronics,3,220.67,662.01
ORD02799,PROD0065,Collectible Doll,Toys,1,52.93,52.93
ORD02800,PROD0007,Gaming Mouse,Electronics,2,109.76,219.52
ORD02801,PROD0070,Plush Stuffed Animal,Toys,2,16.69,33.38
ORD02801,PROD0010,Tablet Stand,Electronics,3,16.34,49.02
ORD02802,PROD0070,Plush Stuffed Animal,Toys,3,16.69,50.07
ORD02802,PROD0009,Phone Case,Electronics,1,22.66,22.66
ORD02802,PROD0016,Hoodie,Clothing,2,57.25,114.5
ORD02803,PROD0014,Winter Jacket,Clothing,2,87.84,175.68
ORD02803,PROD0045,Self-Help Bestseller,Books,1,13.44,13.44
ORD02804,PROD0002,Smart Watch,Electronics,1,110.0,110.0
ORD02805,PROD0033,Resistance Bands,Sports,3,26.09,78.27
ORD02806,PROD0012,Jeans,Clothing,3,65.37,196.11
ORD02806,PROD0052,SPF Sunscreen,Beauty,2,19.96,39.92
ORD02806,PROD0034,Water Bottle,Sports,2,49.06,98.12
ORD02806,PROD0040,Fitness Tracker,Sports,2,99.28,198.56
ORD02807,PROD0052,SPF Sunscreen,Beauty,2,19.96,39.92
ORD02807,PROD0036,Jump Rope,Sports,2,20.14,40.28
ORD02807,PROD0023,Blender,Home & Kitchen,3,60.62,181.86
ORD02807,PROD0042,Data Science Handbook,Books,2,26.6,53.2
ORD02808,PROD0033,Resistance Bands,Sports,3,26.09,78.27
ORD02809,PROD0029,LED Desk Lamp,Home & Kitchen,1,80.09,80.09
ORD02809,PROD0050,Graphic Novel,Books,3,18.57,55.71
ORD02809,PROD0075,Extra Virgin Olive Oil,Food & Grocery,2,26.39,52.78
ORD02810,PROD0056,Hair Conditioner,Beauty,3,28.27,84.81
ORD02810,PROD0018,Ankle Socks,Clothing,3,13.84,41.52
ORD02810,PROD0021,Coffee Maker,Home & Kitchen,3,168.93,506.79
ORD02811,PROD0070,Plush Stuffed Animal,Toys,1,16.69,16.69
ORD02811,PROD0004,USB-C Hub,Electronics,1,33.39,33.39
ORD02812,PROD0046,Science Fiction Novel,Books,3,13.49,40.47
ORD02812,PROD0015,Summer Dress,Clothing,2,67.24,134.48
ORD02813,PROD0003,Bluetooth Speaker,Electronics,3,63.0,189.0
ORD02813,PROD0014,Winter Jacket,Clothing,3,87.84,263.52
ORD02813,PROD0017,Running Shorts,Clothing,2,23.82,47.64
ORD02813,PROD0040,Fitness Tracker,Sports,1,99.28,99.28
ORD02814,PROD0007,Gaming Mouse,Electronics,1,109.76,109.76
ORD02814,PROD0016,Hoodie,Clothing,1,57.25,57.25
ORD02814,PROD0051,Face Moisturizer,Beauty,3,39.06,117.18
ORD02814,PROD0057,Perfume,Beauty,1,50.54,50.54
ORD02815,PROD0014,Winter Jacket,Clothing,2,87.84,175.68
ORD02815,PROD0050,Graphic Novel,Books,1,18.57,18.57
ORD02816,PROD0004,USB-C Hub,Electronics,3,33.39,100.17
ORD02816,PROD0023,Blender,Home & Kitchen,3,60.62,181.86
ORD02816,PROD0052,SPF Sunscreen,Beauty,2,19.96,39.92
ORD02817,PROD0045,Self-Help Bestseller,Books,1,13.44,13.44
ORD02817,PROD0012,Jeans,Clothing,2,65.37,130.74
ORD02817,PROD0028,Storage Organizer,Home & Kitchen,2,24.84,49.68
ORD02818,PROD0041,Python Programming,Books,2,41.14,82.28
ORD02818,PROD0020,Scarf,Clothing,3,12.21,36.63
ORD02818,PROD0044,Business Strategy,Books,1,25.81,25.81
ORD02818,PROD0071,Whey Protein Bar,Food & Grocery,1,22.38,22.38
ORD02819,PROD0049,Travel Photography,Books,1,39.07,39.07
ORD02819,PROD0011,T-Shirt,Clothing,3,18.75,56.25
ORD02819,PROD0001,Wireless Headphones,Electronics,1,220.67,220.67
ORD02819,PROD0003,Bluetooth Speaker,Electronics,2,63.0,126.0
ORD02820,PROD0063,1000-Piece Puzzle,Toys,1,26.71,26.71
ORD02820,PROD0015,Summer Dress,Clothing,3,67.24,201.72
ORD02820,PROD0036,Jump Rope,Sports,1,20.14,20.14
ORD02820,PROD0004,USB-C Hub,Electronics,3,33.39,100.17
ORD02821,PROD0006,Mechanical Keyboard,Electronics,2,151.5,303.0
ORD02822,PROD0020,Scarf,Clothing,3,12.21,36.63
ORD02823,PROD0075,Extra Virgin Olive Oil,Food & Grocery,2,26.39,52.78
ORD02824,PROD0042,Data Science Handbook,Books,2,26.6,53.2
ORD02824,PROD0077,Mixed Nuts Pack,Food & Grocery,1,37.44,37.44
ORD02825,PROD0059,Vitamin C Serum,Beauty,2,28.13,56.26
ORD02825,PROD0030,Throw Pillow,Home & Kitchen,2,42.17,84.34
ORD02825,PROD0014,Winter Jacket,Clothing,3,87.84,263.52
ORD02825,PROD0044,Business Strategy,Books,2,25.81,51.62
ORD02826,PROD0056,Hair Conditioner,Beauty,3,28.27,84.81
ORD02826,PROD0050,Graphic Novel,Books,3,18.57,55.71
ORD02826,PROD0017,Running Shorts,Clothing,3,23.82,71.46
ORD02826,PROD0062,Strategy Board Game,Toys,1,43.8,43.8
ORD02827,PROD0074,Granola Mix,Food & Grocery,1,13.35,13.35
ORD02827,PROD0060,Nail Polish Set,Beauty,1,16.35,16.35
ORD02827,PROD0070,Plush Stuffed Animal,Toys,1,16.69,16.69
ORD02827,PROD0077,Mixed Nuts Pack,Food & Grocery,2,37.44,74.88
ORD02828,PROD0002,Smart Watch,Electronics,1,110.0,110.0
ORD02828,PROD0033,Resistance Bands,Sports,3,26.09,78.27
ORD02829,PROD0028,Storage Organizer,Home & Kitchen,1,24.84,24.84
ORD02829,PROD0060,Nail Polish Set,Beauty,2,16.35,32.7
ORD02829,PROD0045,Self-Help Bestseller,Books,3,13.44,40.32
ORD02829,PROD0010,Tablet Stand,Electronics,3,16.34,49.02
ORD02830,PROD0007,Gaming Mouse,Electronics,1,109.76,109.76
ORD02831,PROD0042,Data Science Handbook,Books,1,26.6,26.6
ORD02831,PROD0033,Resistance Bands,Sports,2,26.09,52.18
ORD02832,PROD0020,Scarf,Clothing,1,12.21,12.21
ORD02833,PROD0005,Webcam,Electronics,2,143.11,286.22
ORD02833,PROD0010,Tablet Stand,Electronics,2,16.34,32.68
ORD02833,PROD0041,Python Programming,Books,3,41.14,123.42
ORD02833,PROD0018,Ankle Socks,Clothing,3,13.84,41.52
ORD02834,PROD0071,Whey Protein Bar,Food & Grocery,1,22.38,22.38
ORD02834,PROD0036,Jump Rope,Sports,3,20.14,60.42
ORD02834,PROD0041,Python Programming,Books,3,41.14,123.42
ORD02834,PROD0017,Running Shorts,Clothing,2,23.82,47.64
ORD02835,PROD0055,Argan Shampoo,Beauty,2,29.44,58.88
ORD02835,PROD0065,Collectible Doll,Toys,3,52.93,158.79
ORD02835,PROD0008,Portable Monitor,Electronics,2,144.34,288.68
ORD02835,PROD0035,Running Shoes,Sports,3,99.21,297.63
ORD02836,PROD0069,Science Experiment Kit,Toys,1,27.62,27.62
ORD02836,PROD0045,Self-Help Bestseller,Books,3,13.44,40.32
ORD02836,PROD0052,SPF Sunscreen,Beauty,2,19.96,39.92
ORD02837,PROD0056,Hair Conditioner,Beauty,2,28.27,56.54
ORD02837,PROD0033,Resistance Bands,Sports,2,26.09,52.18
ORD02837,PROD0023,Blender,Home & Kitchen,2,60.62,121.24
ORD02837,PROD0031,Yoga Mat,Sports,1,68.43,68.43
ORD02838,PROD0012,Jeans,Clothing,3,65.37,196.11
ORD02839,PROD0012,Jeans,Clothing,2,65.37,130.74
ORD02840,PROD0060,Nail Polish Set,Beauty,2,16.35,32.7
ORD02840,PROD0052,SPF Sunscreen,Beauty,3,19.96,59.88
ORD02841,PROD0012,Jeans,Clothing,2,65.37,130.74
ORD02842,PROD0080,Healthy Snack Box,Food & Grocery,2,23.63,47.26
ORD02843,PROD0059,Vitamin C Serum,Beauty,3,28.13,84.39
ORD02843,PROD0078,Raw Honey,Food & Grocery,1,18.09,18.09
ORD02843,PROD0048,World History,Books,3,25.51,76.53
ORD02843,PROD0026,Cutting Board,Home & Kitchen,3,23.46,70.38
ORD02844,PROD0038,Gym Bag,Sports,2,65.2,130.4
ORD02844,PROD0052,SPF Sunscreen,Beauty,3,19.96,59.88
ORD02844,PROD0054,Foundation,Beauty,3,57.15,171.45
ORD02845,PROD0013,Sneakers,Clothing,1,42.92,42.92
ORD02845,PROD0025,Knife Set,Home & Kitchen,2,144.87,289.74
ORD02845,PROD0059,Vitamin C Serum,Beauty,3,28.13,84.39
ORD02845,PROD0040,Fitness Tracker,Sports,1,99.28,99.28
ORD02846,PROD0002,Smart Watch,Electronics,3,110.0,330.0
ORD02846,PROD0063,1000-Piece Puzzle,Toys,3,26.71,80.13
ORD02846,PROD0058,Eye Cream,Beauty,2,71.04,142.08
ORD02847,PROD0065,Collectible Doll,Toys,1,52.93,52.93
ORD02847,PROD0032,Adjustable Dumbbells,Sports,3,159.46,478.38
ORD02847,PROD0031,Yoga Mat,Sports,1,68.43,68.43
ORD02847,PROD0055,Argan Shampoo,Beauty,1,29.44,29.44
ORD02848,PROD0002,Smart Watch,Electronics,3,110.0,330.0
ORD02849,PROD0051,Face Moisturizer,Beauty,2,39.06,78.12
ORD02849,PROD0047,Cook Book,Books,1,17.53,17.53
ORD02849,PROD0042,Data Science Handbook,Books,1,26.6,26.6
ORD02849,PROD0040,Fitness Tracker,Sports,1,99.28,99.28
ORD02850,PROD0079,Multivitamins,Food & Grocery,3,20.74,62.22
ORD02850,PROD0055,Argan Shampoo,Beauty,1,29.44,29.44
ORD02850,PROD0044,Business Strategy,Books,1,25.81,25.81
ORD02850,PROD0066,RC Racing Car,Toys,1,74.32,74.32
ORD02851,PROD0009,Phone Case,Electronics,3,22.66,67.98
ORD02852,PROD0009,Phone Case,Electronics,3,22.66,67.98
ORD02852,PROD0058,Eye Cream,Beauty,1,71.04,71.04
ORD02852,PROD0033,Resistance Bands,Sports,3,26.09,78.27
ORD02853,PROD0045,Self-Help Bestseller,Books,1,13.44,13.44
ORD02854,PROD0079,Multivitamins,Food & Grocery,3,20.74,62.22
ORD02854,PROD0036,Jump Rope,Sports,1,20.14,20.14
ORD02854,PROD0029,LED Desk Lamp,Home & Kitchen,3,80.09,240.27
ORD02854,PROD0028,Storage Organizer,Home & Kitchen,1,24.84,24.84
ORD02855,PROD0080,Healthy Snack Box,Food & Grocery,3,23.63,70.89
ORD02856,PROD0073,Matcha Green Tea,Food & Grocery,1,31.91,31.91
ORD02856,PROD0051,Face Moisturizer,Beauty,2,39.06,78.12
ORD02856,PROD0013,Sneakers,Clothing,2,42.92,85.84
ORD02856,PROD0005,Webcam,Electronics,3,143.11,429.33
ORD02857,PROD0011,T-Shirt,Clothing,1,18.75,18.75
ORD02858,PROD0039,Protein Shaker,Sports,2,31.54,63.08
ORD02859,PROD0050,Graphic Novel,Books,1,18.57,18.57
ORD02859,PROD0010,Tablet Stand,Electronics,2,16.34,32.68
ORD02860,PROD0005,Webcam,Electronics,3,143.11,429.33
ORD02860,PROD0044,Business Strategy,Books,3,25.81,77.43
ORD02861,PROD0022,Air Fryer,Home & Kitchen,2,143.78,287.56
ORD02861,PROD0047,Cook Book,Books,3,17.53,52.59
ORD02862,PROD0040,Fitness Tracker,Sports,1,99.28,99.28
ORD02862,PROD0044,Business Strategy,Books,2,25.81,51.62
ORD02863,PROD0045,Self-Help Bestseller,Books,3,13.44,40.32
ORD02863,PROD0078,Raw Honey,Food & Grocery,2,18.09,36.18
ORD02863,PROD0075,Extra Virgin Olive Oil,Food & Grocery,3,26.39,79.17
ORD02863,PROD0044,Business Strategy,Books,2,25.81,51.62
ORD02864,PROD0007,Gaming Mouse,Electronics,1,109.76,109.76
ORD02865,PROD0028,Storage Organizer,Home & Kitchen,1,24.84,24.84
ORD02865,PROD0076,Artisan Pasta,Food & Grocery,2,10.93,21.86
ORD02865,PROD0011,T-Shirt,Clothing,2,18.75,37.5
ORD02866,PROD0003,Bluetooth Speaker,Electronics,2,63.0,126.0
ORD02866,PROD0043,ML Engineering Guide,Books,3,29.52,88.56
ORD02866,PROD0028,Storage Organizer,Home & Kitchen,3,24.84,74.52
ORD02867,PROD0066,RC Racing Car,Toys,3,74.32,222.96
ORD02867,PROD0006,Mechanical Keyboard,Electronics,3,151.5,454.5
ORD02867,PROD0078,Raw Honey,Food & Grocery,1,18.09,18.09
ORD02867,PROD0029,LED Desk Lamp,Home & Kitchen,1,80.09,80.09
ORD02868,PROD0078,Raw Honey,Food & Grocery,2,18.09,36.18
ORD02868,PROD0009,Phone Case,Electronics,3,22.66,67.98
ORD02868,PROD0029,LED Desk Lamp,Home & Kitchen,2,80.09,160.18
ORD02869,PROD0006,Mechanical Keyboard,Electronics,2,151.5,303.0
ORD02870,PROD0050,Graphic Novel,Books,1,18.57,18.57
ORD02870,PROD0054,Foundation,Beauty,3,57.15,171.45
ORD02870,PROD0069,Science Experiment Kit,Toys,1,27.62,27.62
ORD02870,PROD0063,1000-Piece Puzzle,Toys,1,26.71,26.71
ORD02871,PROD0003,Bluetooth Speaker,Electronics,1,63.0,63.0
ORD02871,PROD0074,Granola Mix,Food & Grocery,2,13.35,26.7
ORD02872,PROD0044,Business Strategy,Books,2,25.81,51.62
ORD02872,PROD0045,Self-Help Bestseller,Books,3,13.44,40.32
ORD02872,PROD0026,Cutting Board,Home & Kitchen,1,23.46,23.46
ORD02873,PROD0071,Whey Protein Bar,Food & Grocery,2,22.38,44.76
ORD02873,PROD0008,Portable Monitor,Electronics,3,144.34,433.02
ORD02873,PROD0047,Cook Book,Books,1,17.53,17.53
ORD02874,PROD0021,Coffee Maker,Home & Kitchen,1,168.93,168.93
ORD02874,PROD0079,Multivitamins,Food & Grocery,3,20.74,62.22
ORD02874,PROD0044,Business Strategy,Books,1,25.81,25.81
ORD02875,PROD0066,RC Racing Car,Toys,3,74.32,222.96
ORD02875,PROD0053,Lipstick Set,Beauty,3,19.34,58.02
ORD02875,PROD0027,Mug Set,Home & Kitchen,3,18.25,54.75
ORD02875,PROD0017,Running Shorts,Clothing,3,23.82,71.46
ORD02876,PROD0039,Protein Shaker,Sports,3,31.54,94.62
ORD02876,PROD0071,Whey Protein Bar,Food & Grocery,2,22.38,44.76
ORD02877,PROD0037,Foam Roller,Sports,2,53.18,106.36
ORD02877,PROD0050,Graphic Novel,Books,1,18.57,18.57
ORD02877,PROD0058,Eye Cream,Beauty,2,71.04,142.08
ORD02878,PROD0075,Extra Virgin Olive Oil,Food & Grocery,3,26.39,79.17
ORD02878,PROD0051,Face Moisturizer,Beauty,3,39.06,117.18
ORD02878,PROD0056,Hair Conditioner,Beauty,1,28.27,28.27
ORD02879,PROD0037,Foam Roller,Sports,1,53.18,53.18
ORD02880,PROD0045,Self-Help Bestseller,Books,1,13.44,13.44
ORD02880,PROD0006,Mechanical Keyboard,Electronics,2,151.5,303.0
ORD02880,PROD0068,Art & Craft Kit,Toys,2,13.06,26.12
ORD02881,PROD0020,Scarf,Clothing,3,12.21,36.63
ORD02882,PROD0023,Blender,Home & Kitchen,1,60.62,60.62
ORD02883,PROD0062,Strategy Board Game,Toys,3,43.8,131.4
ORD02883,PROD0013,Sneakers,Clothing,2,42.92,85.84
ORD02884,PROD0013,Sneakers,Clothing,1,42.92,42.92
ORD02885,PROD0071,Whey Protein Bar,Food & Grocery,3,22.38,67.14
ORD02885,PROD0047,Cook Book,Books,2,17.53,35.06
ORD02885,PROD0067,Card Game Pack,Toys,1,11.89,11.89
ORD02885,PROD0064,Action Figure,Toys,2,30.54,61.08
ORD02886,PROD0021,Coffee Maker,Home & Kitchen,3,168.93,506.79
ORD02886,PROD0001,Wireless Headphones,Electronics,3,220.67,662.01
ORD02886,PROD0023,Blender,Home & Kitchen,1,60.62,60.62
ORD02886,PROD0076,Artisan Pasta,Food & Grocery,3,10.93,32.79
ORD02887,PROD0004,USB-C Hub,Electronics,3,33.39,100.17
ORD02888,PROD0053,Lipstick Set,Beauty,2,19.34,38.68
ORD02888,PROD0027,Mug Set,Home & Kitchen,3,18.25,54.75
ORD02888,PROD0009,Phone Case,Electronics,2,22.66,45.32
ORD02888,PROD0006,Mechanical Keyboard,Electronics,3,151.5,454.5
ORD02889,PROD0016,Hoodie,Clothing,1,57.25,57.25
ORD02890,PROD0027,Mug Set,Home & Kitchen,3,18.25,54.75
ORD02890,PROD0053,Lipstick Set,Beauty,2,19.34,38.68
ORD02891,PROD0080,Healthy Snack Box,Food & Grocery,2,23.63,47.26
ORD02891,PROD0002,Smart Watch,Electronics,2,110.0,220.0
ORD02891,PROD0036,Jump Rope,Sports,3,20.14,60.42
ORD02892,PROD0041,Python Programming,Books,2,41.14,82.28
ORD02892,PROD0046,Science Fiction Novel,Books,2,13.49,26.98
ORD02892,PROD0068,Art & Craft Kit,Toys,2,13.06,26.12
ORD02893,PROD0042,Data Science Handbook,Books,1,26.6,26.6
ORD02893,PROD0006,Mechanical Keyboard,Electronics,1,151.5,151.5
ORD02893,PROD0036,Jump Rope,Sports,2,20.14,40.28
ORD02894,PROD0052,SPF Sunscreen,Beauty,2,19.96,39.92
ORD02894,PROD0018,Ankle Socks,Clothing,1,13.84,13.84
ORD02894,PROD0061,LEGO Creator Set,Toys,1,99.16,99.16
ORD02894,PROD0077,Mixed Nuts Pack,Food & Grocery,2,37.44,74.88
ORD02895,PROD0032,Adjustable Dumbbells,Sports,1,159.46,159.46
ORD02895,PROD0063,1000-Piece Puzzle,Toys,3,26.71,80.13
ORD02896,PROD0054,Foundation,Beauty,2,57.15,114.3
ORD02896,PROD0071,Whey Protein Bar,Food & Grocery,1,22.38,22.38
ORD02896,PROD0035,Running Shoes,Sports,2,99.21,198.42
ORD02897,PROD0018,Ankle Socks,Clothing,1,13.84,13.84
ORD02897,PROD0052,SPF Sunscreen,Beauty,2,19.96,39.92
ORD02898,PROD0038,Gym Bag,Sports,2,65.2,130.4
ORD02898,PROD0078,Raw Honey,Food & Grocery,2,18.09,36.18
ORD02898,PROD0030,Throw Pillow,Home & Kitchen,3,42.17,126.51
ORD02898,PROD0004,USB-C Hub,Electronics,1,33.39,33.39
ORD02899,PROD0059,Vitamin C Serum,Beauty,3,28.13,84.39
ORD02899,PROD0025,Knife Set,Home & Kitchen,2,144.87,289.74
ORD02900,PROD0051,Face Moisturizer,Beauty,1,39.06,39.06
ORD02900,PROD0046,Science Fiction Novel,Books,3,13.49,40.47
ORD02901,PROD0060,Nail Polish Set,Beauty,3,16.35,49.05
ORD02901,PROD0009,Phone Case,Electronics,3,22.66,67.98
ORD02901,PROD0064,Action Figure,Toys,1,30.54,30.54
ORD02901,PROD0029,LED Desk Lamp,Home & Kitchen,3,80.09,240.27
ORD02902,PROD0041,Python Programming,Books,1,41.14,41.14
ORD02903,PROD0069,Science Experiment Kit,Toys,2,27.62,55.24
ORD02904,PROD0071,Whey Protein Bar,Food & Grocery,3,22.38,67.14
ORD02904,PROD0072,Premium Coffee Beans,Food & Grocery,3,43.12,129.36
ORD02904,PROD0046,Science Fiction Novel,Books,2,13.49,26.98
ORD02905,PROD0079,Multivitamins,Food & Grocery,1,20.74,20.74
ORD02905,PROD0046,Science Fiction Novel,Books,1,13.49,13.49
ORD02906,PROD0001,Wireless Headphones,Electronics,2,220.67,441.34
ORD02906,PROD0019,Cap,Clothing,1,34.28,34.28
ORD02907,PROD0063,1000-Piece Puzzle,Toys,3,26.71,80.13
ORD02907,PROD0028,Storage Organizer,Home & Kitchen,2,24.84,49.68
ORD02907,PROD0004,USB-C Hub,Electronics,1,33.39,33.39
ORD02907,PROD0062,Strategy Board Game,Toys,3,43.8,131.4
ORD02908,PROD0072,Premium Coffee Beans,Food & Grocery,3,43.12,129.36
ORD02908,PROD0070,Plush Stuffed Animal,Toys,3,16.69,50.07
ORD02908,PROD0006,Mechanical Keyboard,Electronics,2,151.5,303.0
ORD02909,PROD0014,Winter Jacket,Clothing,3,87.84,263.52
ORD02909,PROD0058,Eye Cream,Beauty,2,71.04,142.08
ORD02910,PROD0020,Scarf,Clothing,1,12.21,12.21
ORD02910,PROD0045,Self-Help Bestseller,Books,2,13.44,26.88
ORD02910,PROD0053,Lipstick Set,Beauty,1,19.34,19.34
ORD02910,PROD0061,LEGO Creator Set,Toys,2,99.16,198.32
ORD02911,PROD0069,Science Experiment Kit,Toys,2,27.62,55.24
ORD02911,PROD0015,Summer Dress,Clothing,2,67.24,134.48
ORD02911,PROD0079,Multivitamins,Food & Grocery,3,20.74,62.22
ORD02912,PROD0005,Webcam,Electronics,2,143.11,286.22
ORD02912,PROD0016,Hoodie,Clothing,1,57.25,57.25
ORD02912,PROD0079,Multivitamins,Food & Grocery,3,20.74,62.22
ORD02913,PROD0027,Mug Set,Home & Kitchen,2,18.25,36.5
ORD02914,PROD0071,Whey Protein Bar,Food & Grocery,3,22.38,67.14
ORD02914,PROD0068,Art & Craft Kit,Toys,2,13.06,26.12
ORD02914,PROD0011,T-Shirt,Clothing,3,18.75,56.25
ORD02915,PROD0008,Portable Monitor,Electronics,3,144.34,433.02
ORD02916,PROD0011,T-Shirt,Clothing,2,18.75,37.5
ORD02916,PROD0024,Toaster,Home & Kitchen,3,29.33,87.99
ORD02916,PROD0066,RC Racing Car,Toys,3,74.32,222.96
ORD02916,PROD0061,LEGO Creator Set,Toys,1,99.16,99.16
ORD02917,PROD0034,Water Bottle,Sports,1,49.06,49.06
ORD02917,PROD0076,Artisan Pasta,Food & Grocery,2,10.93,21.86
ORD02917,PROD0009,Phone Case,Electronics,1,22.66,22.66
ORD02917,PROD0059,Vitamin C Serum,Beauty,2,28.13,56.26
ORD02918,PROD0009,Phone Case,Electronics,1,22.66,22.66
ORD02919,PROD0003,Bluetooth Speaker,Electronics,1,63.0,63.0
ORD02919,PROD0043,ML Engineering Guide,Books,3,29.52,88.56
ORD02920,PROD0013,Sneakers,Clothing,2,42.92,85.84
ORD02921,PROD0032,Adjustable Dumbbells,Sports,3,159.46,478.38
ORD02922,PROD0034,Water Bottle,Sports,1,49.06,49.06
ORD02922,PROD0044,Business Strategy,Books,1,25.81,25.81
ORD02922,PROD0024,Toaster,Home & Kitchen,2,29.33,58.66
ORD02923,PROD0079,Multivitamins,Food & Grocery,3,20.74,62.22
ORD02923,PROD0039,Protein Shaker,Sports,2,31.54,63.08
ORD02923,PROD0074,Granola Mix,Food & Grocery,2,13.35,26.7
ORD02924,PROD0008,Portable Monitor,Electronics,3,144.34,433.02
ORD02925,PROD0039,Protein Shaker,Sports,3,31.54,94.62
ORD02925,PROD0033,Resistance Bands,Sports,1,26.09,26.09
ORD02925,PROD0077,Mixed Nuts Pack,Food & Grocery,3,37.44,112.32
ORD02926,PROD0029,LED Desk Lamp,Home & Kitchen,2,80.09,160.18
ORD02926,PROD0060,Nail Polish Set,Beauty,2,16.35,32.7
ORD02926,PROD0064,Action Figure,Toys,1,30.54,30.54
ORD02926,PROD0070,Plush Stuffed Animal,Toys,3,16.69,50.07
ORD02927,PROD0062,Strategy Board Game,Toys,3,43.8,131.4
ORD02927,PROD0021,Coffee Maker,Home & Kitchen,3,168.93,506.79
ORD02928,PROD0041,Python Programming,Books,3,41.14,123.42
ORD02928,PROD0035,Running Shoes,Sports,2,99.21,198.42
ORD02929,PROD0025,Knife Set,Home & Kitchen,3,144.87,434.61
ORD02929,PROD0027,Mug Set,Home & Kitchen,3,18.25,54.75
ORD02929,PROD0048,World History,Books,1,25.51,25.51
ORD02930,PROD0030,Throw Pillow,Home & Kitchen,1,42.17,42.17
ORD02930,PROD0010,Tablet Stand,Electronics,1,16.34,16.34
ORD02931,PROD0013,Sneakers,Clothing,3,42.92,128.76
ORD02931,PROD0044,Business Strategy,Books,2,25.81,51.62
ORD02931,PROD0075,Extra Virgin Olive Oil,Food & Grocery,3,26.39,79.17
ORD02931,PROD0008,Portable Monitor,Electronics,1,144.34,144.34
ORD02932,PROD0080,Healthy Snack Box,Food & Grocery,3,23.63,70.89
ORD02932,PROD0019,Cap,Clothing,1,34.28,34.28
ORD02932,PROD0004,USB-C Hub,Electronics,1,33.39,33.39
ORD02932,PROD0045,Self-Help Bestseller,Books,3,13.44,40.32
ORD02933,PROD0077,Mixed Nuts Pack,Food & Grocery,2,37.44,74.88
ORD02933,PROD0029,LED Desk Lamp,Home & Kitchen,2,80.09,160.18
ORD02934,PROD0035,Running Shoes,Sports,2,99.21,198.42
ORD02934,PROD0066,RC Racing Car,Toys,1,74.32,74.32
ORD02934,PROD0079,Multivitamins,Food & Grocery,3,20.74,62.22
ORD02934,PROD0058,Eye Cream,Beauty,3,71.04,213.12
ORD02935,PROD0054,Foundation,Beauty,2,57.15,114.3
ORD02935,PROD0046,Science Fiction Novel,Books,2,13.49,26.98
ORD02935,PROD0021,Coffee Maker,Home & Kitchen,2,168.93,337.86
ORD02935,PROD0014,Winter Jacket,Clothing,1,87.84,87.84
ORD02936,PROD0026,Cutting Board,Home & Kitchen,1,23.46,23.46
ORD02937,PROD0037,Foam Roller,Sports,3,53.18,159.54
ORD02937,PROD0058,Eye Cream,Beauty,2,71.04,142.08
ORD02937,PROD0033,Resistance Bands,Sports,1,26.09,26.09
ORD02938,PROD0050,Graphic Novel,Books,1,18.57,18.57
ORD02938,PROD0024,Toaster,Home & Kitchen,1,29.33,29.33
ORD02938,PROD0072,Premium Coffee Beans,Food & Grocery,1,43.12,43.12
ORD02939,PROD0038,Gym Bag,Sports,1,65.2,65.2
ORD02939,PROD0027,Mug Set,Home & Kitchen,3,18.25,54.75
ORD02940,PROD0031,Yoga Mat,Sports,2,68.43,136.86
ORD02940,PROD0041,Python Programming,Books,3,41.14,123.42
ORD02941,PROD0045,Self-Help Bestseller,Books,1,13.44,13.44
ORD02942,PROD0058,Eye Cream,Beauty,3,71.04,213.12
ORD02942,PROD0076,Artisan Pasta,Food & Grocery,2,10.93,21.86
ORD02943,PROD0022,Air Fryer,Home & Kitchen,3,143.78,431.34
ORD02943,PROD0015,Summer Dress,Clothing,1,67.24,67.24
ORD02943,PROD0070,Plush Stuffed Animal,Toys,2,16.69,33.38
ORD02943,PROD0061,LEGO Creator Set,Toys,2,99.16,198.32
ORD02944,PROD0061,LEGO Creator Set,Toys,3,99.16,297.48
ORD02944,PROD0058,Eye Cream,Beauty,3,71.04,213.12
ORD02944,PROD0065,Collectible Doll,Toys,1,52.93,52.93
ORD02945,PROD0057,Perfume,Beauty,2,50.54,101.08
ORD02946,PROD0057,Perfume,Beauty,3,50.54,151.62
ORD02946,PROD0012,Jeans,Clothing,1,65.37,65.37
ORD02946,PROD0035,Running Shoes,Sports,2,99.21,198.42
ORD02946,PROD0080,Healthy Snack Box,Food & Grocery,1,23.63,23.63
ORD02947,PROD0003,Bluetooth Speaker,Electronics,2,63.0,126.0
ORD02947,PROD0009,Phone Case,Electronics,2,22.66,45.32
ORD02947,PROD0038,Gym Bag,Sports,1,65.2,65.2
ORD02948,PROD0038,Gym Bag,Sports,2,65.2,130.4
ORD02948,PROD0031,Yoga Mat,Sports,1,68.43,68.43
ORD02948,PROD0055,Argan Shampoo,Beauty,3,29.44,88.32
ORD02949,PROD0071,Whey Protein Bar,Food & Grocery,1,22.38,22.38
ORD02949,PROD0013,Sneakers,Clothing,1,42.92,42.92
ORD02950,PROD0012,Jeans,Clothing,1,65.37,65.37
ORD02950,PROD0070,Plush Stuffed Animal,Toys,2,16.69,33.38
ORD02950,PROD0047,Cook Book,Books,2,17.53,35.06
ORD02951,PROD0019,Cap,Clothing,2,34.28,68.56
ORD02951,PROD0043,ML Engineering Guide,Books,2,29.52,59.04
ORD02951,PROD0074,Granola Mix,Food & Grocery,2,13.35,26.7
ORD02951,PROD0042,Data Science Handbook,Books,1,26.6,26.6
ORD02952,PROD0064,Action Figure,Toys,1,30.54,30.54
ORD02952,PROD0060,Nail Polish Set,Beauty,1,16.35,16.35
ORD02952,PROD0072,Premium Coffee Beans,Food & Grocery,3,43.12,129.36
ORD02952,PROD0079,Multivitamins,Food & Grocery,2,20.74,41.48
ORD02953,PROD0019,Cap,Clothing,2,34.28,68.56
ORD02953,PROD0060,Nail Polish Set,Beauty,1,16.35,16.35
ORD02954,PROD0018,Ankle Socks,Clothing,1,13.84,13.84
ORD02954,PROD0037,Foam Roller,Sports,1,53.18,53.18
ORD02954,PROD0005,Webcam,Electronics,3,143.11,429.33
ORD02954,PROD0047,Cook Book,Books,3,17.53,52.59
ORD02955,PROD0068,Art & Craft Kit,Toys,3,13.06,39.18
ORD02955,PROD0078,Raw Honey,Food & Grocery,3,18.09,54.27
ORD02955,PROD0010,Tablet Stand,Electronics,2,16.34,32.68
ORD02956,PROD0054,Foundation,Beauty,2,57.15,114.3
ORD02956,PROD0030,Throw Pillow,Home & Kitchen,3,42.17,126.51
ORD02956,PROD0008,Portable Monitor,Electronics,1,144.34,144.34
ORD02957,PROD0027,Mug Set,Home & Kitchen,2,18.25,36.5
ORD02957,PROD0034,Water Bottle,Sports,3,49.06,147.18
ORD02958,PROD0043,ML Engineering Guide,Books,2,29.52,59.04
ORD02958,PROD0058,Eye Cream,Beauty,2,71.04,142.08
ORD02958,PROD0001,Wireless Headphones,Electronics,1,220.67,220.67
ORD02958,PROD0024,Toaster,Home & Kitchen,2,29.33,58.66
ORD02959,PROD0076,Artisan Pasta,Food & Grocery,1,10.93,10.93
ORD02960,PROD0056,Hair Conditioner,Beauty,3,28.27,84.81
ORD02960,PROD0070,Plush Stuffed Animal,Toys,2,16.69,33.38
ORD02961,PROD0055,Argan Shampoo,Beauty,1,29.44,29.44
ORD02962,PROD0057,Perfume,Beauty,2,50.54,101.08
ORD02962,PROD0019,Cap,Clothing,1,34.28,34.28
ORD02962,PROD0059,Vitamin C Serum,Beauty,3,28.13,84.39
ORD02963,PROD0060,Nail Polish Set,Beauty,2,16.35,32.7
ORD02963,PROD0065,Collectible Doll,Toys,2,52.93,105.86
ORD02964,PROD0061,LEGO Creator Set,Toys,3,99.16,297.48
ORD02964,PROD0077,Mixed Nuts Pack,Food & Grocery,2,37.44,74.88
ORD02964,PROD0019,Cap,Clothing,2,34.28,68.56
ORD02965,PROD0025,Knife Set,Home & Kitchen,1,144.87,144.87
ORD02965,PROD0035,Running Shoes,Sports,3,99.21,297.63
ORD02966,PROD0017,Running Shorts,Clothing,3,23.82,71.46
ORD02966,PROD0029,LED Desk Lamp,Home & Kitchen,1,80.09,80.09
ORD02967,PROD0021,Coffee Maker,Home & Kitchen,2,168.93,337.86
ORD02967,PROD0055,Argan Shampoo,Beauty,1,29.44,29.44
ORD02967,PROD0011,T-Shirt,Clothing,1,18.75,18.75
ORD02968,PROD0048,World History,Books,2,25.51,51.02
ORD02969,PROD0007,Gaming Mouse,Electronics,2,109.76,219.52
ORD02969,PROD0054,Foundation,Beauty,2,57.15,114.3
ORD02969,PROD0051,Face Moisturizer,Beauty,3,39.06,117.18
ORD02970,PROD0078,Raw Honey,Food & Grocery,2,18.09,36.18
ORD02971,PROD0045,Self-Help Bestseller,Books,2,13.44,26.88
ORD02971,PROD0017,Running Shorts,Clothing,3,23.82,71.46
ORD02971,PROD0003,Bluetooth Speaker,Electronics,1,63.0,63.0
ORD02971,PROD0054,Foundation,Beauty,1,57.15,57.15
ORD02972,PROD0054,Foundation,Beauty,1,57.15,57.15
ORD02972,PROD0032,Adjustable Dumbbells,Sports,1,159.46,159.46
ORD02972,PROD0041,Python Programming,Books,2,41.14,82.28
ORD02973,PROD0037,Foam Roller,Sports,3,53.18,159.54
ORD02973,PROD0062,Strategy Board Game,Toys,3,43.8,131.4
ORD02973,PROD0074,Granola Mix,Food & Grocery,2,13.35,26.7
ORD02973,PROD0006,Mechanical Keyboard,Electronics,3,151.5,454.5
ORD02974,PROD0018,Ankle Socks,Clothing,1,13.84,13.84
ORD02974,PROD0076,Artisan Pasta,Food & Grocery,1,10.93,10.93
ORD02974,PROD0044,Business Strategy,Books,1,25.81,25.81
ORD02975,PROD0058,Eye Cream,Beauty,2,71.04,142.08
ORD02976,PROD0049,Travel Photography,Books,3,39.07,117.21
ORD02977,PROD0046,Science Fiction Novel,Books,2,13.49,26.98
ORD02977,PROD0068,Art & Craft Kit,Toys,1,13.06,13.06
ORD02977,PROD0069,Science Experiment Kit,Toys,2,27.62,55.24
ORD02978,PROD0077,Mixed Nuts Pack,Food & Grocery,3,37.44,112.32
ORD02978,PROD0068,Art & Craft Kit,Toys,2,13.06,26.12
ORD02978,PROD0080,Healthy Snack Box,Food & Grocery,2,23.63,47.26
ORD02978,PROD0052,SPF Sunscreen,Beauty,1,19.96,19.96
ORD02979,PROD0016,Hoodie,Clothing,1,57.25,57.25
ORD02979,PROD0032,Adjustable Dumbbells,Sports,3,159.46,478.38
ORD02980,PROD0050,Graphic Novel,Books,3,18.57,55.71
ORD02980,PROD0001,Wireless Headphones,Electronics,1,220.67,220.67
ORD02980,PROD0043,ML Engineering Guide,Books,1,29.52,29.52
ORD02981,PROD0032,Adjustable Dumbbells,Sports,3,159.46,478.38
ORD02982,PROD0008,Portable Monitor,Electronics,1,144.34,144.34
ORD02982,PROD0040,Fitness Tracker,Sports,1,99.28,99.28
ORD02982,PROD0031,Yoga Mat,Sports,2,68.43,136.86
ORD02982,PROD0042,Data Science Handbook,Books,1,26.6,26.6
ORD02983,PROD0064,Action Figure,Toys,2,30.54,61.08
ORD02984,PROD0052,SPF Sunscreen,Beauty,1,19.96,19.96
ORD02985,PROD0074,Granola Mix,Food & Grocery,1,13.35,13.35
ORD02985,PROD0045,Self-Help Bestseller,Books,2,13.44,26.88
ORD02985,PROD0015,Summer Dress,Clothing,2,67.24,134.48
ORD02986,PROD0023,Blender,Home & Kitchen,1,60.62,60.62
ORD02986,PROD0064,Action Figure,Toys,3,30.54,91.62
ORD02986,PROD0037,Foam Roller,Sports,1,53.18,53.18
ORD02986,PROD0033,Resistance Bands,Sports,1,26.09,26.09
ORD02987,PROD0022,Air Fryer,Home & Kitchen,3,143.78,431.34
ORD02987,PROD0028,Storage Organizer,Home & Kitchen,1,24.84,24.84
ORD02987,PROD0020,Scarf,Clothing,3,12.21,36.63
ORD02987,PROD0056,Hair Conditioner,Beauty,2,28.27,56.54
ORD02988,PROD0040,Fitness Tracker,Sports,1,99.28,99.28
ORD02989,PROD0044,Business Strategy,Books,3,25.81,77.43
ORD02989,PROD0045,Self-Help Bestseller,Books,3,13.44,40.32
ORD02989,PROD0072,Premium Coffee Beans,Food & Grocery,2,43.12,86.24
ORD02989,PROD0033,Resistance Bands,Sports,2,26.09,52.18
ORD02990,PROD0060,Nail Polish Set,Beauty,1,16.35,16.35
ORD02990,PROD0054,Foundation,Beauty,2,57.15,114.3
ORD02990,PROD0010,Tablet Stand,Electronics,2,16.34,32.68
ORD02991,PROD0054,Foundation,Beauty,2,57.15,114.3
ORD02992,PROD0004,USB-C Hub,Electronics,1,33.39,33.39
ORD02993,PROD0044,Business Strategy,Books,3,25.81,77.43
ORD02993,PROD0058,Eye Cream,Beauty,3,71.04,213.12
ORD02993,PROD0070,Plush Stuffed Animal,Toys,1,16.69,16.69
ORD02993,PROD0010,Tablet Stand,Electronics,1,16.34,16.34
ORD02994,PROD0044,Business Strategy,Books,2,25.81,51.62
ORD02995,PROD0075,Extra Virgin Olive Oil,Food & Grocery,1,26.39,26.39
ORD02995,PROD0037,Foam Roller,Sports,3,53.18,159.54
ORD02995,PROD0071,Whey Protein Bar,Food & Grocery,3,22.38,67.14
ORD02996,PROD0016,Hoodie,Clothing,1,57.25,57.25
ORD02996,PROD0008,Portable Monitor,Electronics,2,144.34,288.68
ORD02997,PROD0080,Healthy Snack Box,Food & Grocery,1,23.63,23.63
ORD02998,PROD0074,Granola Mix,Food & Grocery,1,13.35,13.35
ORD02998,PROD0027,Mug Set,Home & Kitchen,1,18.25,18.25
ORD02999,PROD0025,Knife Set,Home & Kitchen,3,144.87,434.61
ORD02999,PROD0070,Plush Stuffed Animal,Toys,2,16.69,33.38
ORD03000,PROD0028,Storage Organizer,Home & Kitchen,3,24.84,74.52
ORD03000,PROD0032,Adjustable Dumbbells,Sports,3,159.46,478.38
ORD03000,PROD0029,LED Desk Lamp,Home & Kitchen,2,80.09,160.18
ORD03001,PROD0052,SPF Sunscreen,Beauty,3,19.96,59.88
ORD03002,PROD0066,RC Racing Car,Toys,1,74.32,74.32
ORD03002,PROD0027,Mug Set,Home & Kitchen,1,18.25,18.25
ORD03002,PROD0049,Travel Photography,Books,2,39.07,78.14
ORD03003,PROD0014,Winter Jacket,Clothing,1,87.84,87.84
ORD03004,PROD0015,Summer Dress,Clothing,1,67.24,67.24
ORD03004,PROD0033,Resistance Bands,Sports,1,26.09,26.09
ORD03004,PROD0026,Cutting Board,Home & Kitchen,2,23.46,46.92
ORD03005,PROD0047,Cook Book,Books,2,17.53,35.06
ORD03005,PROD0063,1000-Piece Puzzle,Toys,1,26.71,26.71
ORD03005,PROD0025,Knife Set,Home & Kitchen,1,144.87,144.87
ORD03005,PROD0048,World History,Books,2,25.51,51.02
ORD03006,PROD0011,T-Shirt,Clothing,2,18.75,37.5
ORD03007,PROD0059,Vitamin C Serum,Beauty,3,28.13,84.39
ORD03007,PROD0029,LED Desk Lamp,Home & Kitchen,3,80.09,240.27
ORD03007,PROD0074,Granola Mix,Food & Grocery,3,13.35,40.05
ORD03008,PROD0046,Science Fiction Novel,Books,1,13.49,13.49
ORD03008,PROD0035,Running Shoes,Sports,1,99.21,99.21
ORD03009,PROD0071,Whey Protein Bar,Food & Grocery,2,22.38,44.76
ORD03009,PROD0030,Throw Pillow,Home & Kitchen,1,42.17,42.17
ORD03009,PROD0078,Raw Honey,Food & Grocery,1,18.09,18.09
ORD03009,PROD0029,LED Desk Lamp,Home & Kitchen,3,80.09,240.27
ORD03010,PROD0017,Running Shorts,Clothing,1,23.82,23.82
ORD03010,PROD0061,LEGO Creator Set,Toys,1,99.16,99.16
ORD03011,PROD0024,Toaster,Home & Kitchen,2,29.33,58.66
ORD03011,PROD0001,Wireless Headphones,Electronics,1,220.67,220.67
ORD03012,PROD0056,Hair Conditioner,Beauty,2,28.27,56.54
ORD03013,PROD0080,Healthy Snack Box,Food & Grocery,3,23.63,70.89
ORD03013,PROD0075,Extra Virgin Olive Oil,Food & Grocery,1,26.39,26.39
ORD03014,PROD0049,Travel Photography,Books,3,39.07,117.21
ORD03014,PROD0044,Business Strategy,Books,1,25.81,25.81
ORD03015,PROD0046,Science Fiction Novel,Books,2,13.49,26.98
ORD03016,PROD0062,Strategy Board Game,Toys,1,43.8,43.8
ORD03016,PROD0040,Fitness Tracker,Sports,3,99.28,297.84
ORD03016,PROD0013,Sneakers,Clothing,1,42.92,42.92
ORD03016,PROD0009,Phone Case,Electronics,1,22.66,22.66
ORD03017,PROD0045,Self-Help Bestseller,Books,1,13.44,13.44
ORD03018,PROD0044,Business Strategy,Books,1,25.81,25.81
ORD03019,PROD0029,LED Desk Lamp,Home & Kitchen,3,80.09,240.27
ORD03019,PROD0077,Mixed Nuts Pack,Food & Grocery,2,37.44,74.88
ORD03019,PROD0075,Extra Virgin Olive Oil,Food & Grocery,1,26.39,26.39
ORD03020,PROD0079,Multivitamins,Food & Grocery,3,20.74,62.22
ORD03020,PROD0009,Phone Case,Electronics,1,22.66,22.66
ORD03021,PROD0019,Cap,Clothing,1,34.28,34.28
ORD03021,PROD0024,Toaster,Home & Kitchen,3,29.33,87.99
ORD03022,PROD0066,RC Racing Car,Toys,2,74.32,148.64
ORD03022,PROD0037,Foam Roller,Sports,1,53.18,53.18
ORD03023,PROD0017,Running Shorts,Clothing,1,23.82,23.82
ORD03023,PROD0020,Scarf,Clothing,1,12.21,12.21
ORD03023,PROD0068,Art & Craft Kit,Toys,1,13.06,13.06
ORD03023,PROD0026,Cutting Board,Home & Kitchen,1,23.46,23.46
ORD03024,PROD0065,Collectible Doll,Toys,2,52.93,105.86
ORD03024,PROD0039,Protein Shaker,Sports,2,31.54,63.08
ORD03024,PROD0076,Artisan Pasta,Food & Grocery,3,10.93,32.79
ORD03025,PROD0021,Coffee Maker,Home & Kitchen,2,168.93,337.86
ORD03025,PROD0057,Perfume,Beauty,1,50.54,50.54
ORD03025,PROD0022,Air Fryer,Home & Kitchen,1,143.78,143.78
ORD03026,PROD0045,Self-Help Bestseller,Books,1,13.44,13.44
ORD03026,PROD0068,Art & Craft Kit,Toys,3,13.06,39.18
ORD03026,PROD0048,World History,Books,2,25.51,51.02
ORD03027,PROD0029,LED Desk Lamp,Home & Kitchen,2,80.09,160.18
ORD03027,PROD0056,Hair Conditioner,Beauty,3,28.27,84.81
ORD03027,PROD0005,Webcam,Electronics,2,143.11,286.22
ORD03028,PROD0059,Vitamin C Serum,Beauty,1,28.13,28.13
ORD03028,PROD0066,RC Racing Car,Toys,1,74.32,74.32
ORD03028,PROD0047,Cook Book,Books,2,17.53,35.06
ORD03028,PROD0030,Throw Pillow,Home & Kitchen,3,42.17,126.51
ORD03029,PROD0028,Storage Organizer,Home & Kitchen,2,24.84,49.68
ORD03029,PROD0043,ML Engineering Guide,Books,1,29.52,29.52
ORD03029,PROD0034,Water Bottle,Sports,2,49.06,98.12
ORD03029,PROD0066,RC Racing Car,Toys,1,74.32,74.32
ORD03030,PROD0003,Bluetooth Speaker,Electronics,3,63.0,189.0
ORD03031,PROD0017,Running Shorts,Clothing,1,23.82,23.82
ORD03031,PROD0033,Resistance Bands,Sports,2,26.09,52.18
ORD03031,PROD0054,Foundation,Beauty,2,57.15,114.3
ORD03032,PROD0065,Collectible Doll,Toys,3,52.93,158.79
ORD03032,PROD0033,Resistance Bands,Sports,1,26.09,26.09
ORD03032,PROD0027,Mug Set,Home & Kitchen,2,18.25,36.5
ORD03032,PROD0068,Art & Craft Kit,Toys,3,13.06,39.18
ORD03033,PROD0037,Foam Roller,Sports,1,53.18,53.18
ORD03033,PROD0050,Graphic Novel,Books,3,18.57,55.71
ORD03033,PROD0022,Air Fryer,Home & Kitchen,2,143.78,287.56
ORD03034,PROD0069,Science Experiment Kit,Toys,2,27.62,55.24
ORD03034,PROD0062,Strategy Board Game,Toys,2,43.8,87.6
ORD03035,PROD0072,Premium Coffee Beans,Food & Grocery,2,43.12,86.24
ORD03036,PROD0044,Business Strategy,Books,2,25.81,51.62
ORD03036,PROD0035,Running Shoes,Sports,2,99.21,198.42
ORD03037,PROD0008,Portable Monitor,Electronics,2,144.34,288.68
ORD03037,PROD0072,Premium Coffee Beans,Food & Grocery,3,43.12,129.36
ORD03037,PROD0049,Travel Photography,Books,1,39.07,39.07
ORD03038,PROD0023,Blender,Home & Kitchen,2,60.62,121.24
ORD03038,PROD0033,Resistance Bands,Sports,2,26.09,52.18
ORD03038,PROD0056,Hair Conditioner,Beauty,1,28.27,28.27
ORD03039,PROD0007,Gaming Mouse,Electronics,1,109.76,109.76
ORD03039,PROD0002,Smart Watch,Electronics,3,110.0,330.0
ORD03039,PROD0019,Cap,Clothing,3,34.28,102.84
ORD03040,PROD0044,Business Strategy,Books,3,25.81,77.43
ORD03041,PROD0040,Fitness Tracker,Sports,2,99.28,198.56
ORD03041,PROD0018,Ankle Socks,Clothing,2,13.84,27.68
ORD03041,PROD0067,Card Game Pack,Toys,1,11.89,11.89
ORD03041,PROD0023,Blender,Home & Kitchen,2,60.62,121.24
ORD03042,PROD0010,Tablet Stand,Electronics,2,16.34,32.68
ORD03042,PROD0044,Business Strategy,Books,1,25.81,25.81
ORD03042,PROD0031,Yoga Mat,Sports,1,68.43,68.43
ORD03042,PROD0049,Travel Photography,Books,2,39.07,78.14
ORD03043,PROD0001,Wireless Headphones,Electronics,1,220.67,220.67
ORD03043,PROD0017,Running Shorts,Clothing,2,23.82,47.64
ORD03043,PROD0048,World History,Books,2,25.51,51.02
ORD03044,PROD0047,Cook Book,Books,2,17.53,35.06
ORD03044,PROD0043,ML Engineering Guide,Books,2,29.52,59.04
ORD03044,PROD0057,Perfume,Beauty,3,50.54,151.62
ORD03045,PROD0038,Gym Bag,Sports,3,65.2,195.6
ORD03045,PROD0040,Fitness Tracker,Sports,1,99.28,99.28
ORD03045,PROD0011,T-Shirt,Clothing,2,18.75,37.5
ORD03046,PROD0052,SPF Sunscreen,Beauty,3,19.96,59.88
ORD03046,PROD0076,Artisan Pasta,Food & Grocery,3,10.93,32.79
ORD03047,PROD0048,World History,Books,1,25.51,25.51
ORD03047,PROD0045,Self-Help Bestseller,Books,3,13.44,40.32
ORD03047,PROD0051,Face Moisturizer,Beauty,3,39.06,117.18
ORD03047,PROD0047,Cook Book,Books,3,17.53,52.59
ORD03048,PROD0042,Data Science Handbook,Books,3,26.6,79.8
ORD03048,PROD0067,Card Game Pack,Toys,1,11.89,11.89
ORD03048,PROD0063,1000-Piece Puzzle,Toys,1,26.71,26.71
ORD03049,PROD0017,Running Shorts,Clothing,1,23.82,23.82
ORD03049,PROD0012,Jeans,Clothing,3,65.37,196.11
ORD03049,PROD0021,Coffee Maker,Home & Kitchen,2,168.93,337.86
ORD03050,PROD0009,Phone Case,Electronics,3,22.66,67.98
ORD03050,PROD0048,World History,Books,1,25.51,25.51
ORD03050,PROD0073,Matcha Green Tea,Food & Grocery,2,31.91,63.82
ORD03050,PROD0061,LEGO Creator Set,Toys,1,99.16,99.16
ORD03051,PROD0042,Data Science Handbook,Books,2,26.6,53.2
ORD03051,PROD0019,Cap,Clothing,1,34.28,34.28
ORD03051,PROD0050,Graphic Novel,Books,1,18.57,18.57
ORD03052,PROD0011,T-Shirt,Clothing,3,18.75,56.25
ORD03052,PROD0072,Premium Coffee Beans,Food & Grocery,3,43.12,129.36
ORD03052,PROD0080,Healthy Snack Box,Food & Grocery,2,23.63,47.26
ORD03052,PROD0026,Cutting Board,Home & Kitchen,1,23.46,23.46
ORD03053,PROD0022,Air Fryer,Home & Kitchen,2,143.78,287.56
ORD03053,PROD0076,Artisan Pasta,Food & Grocery,2,10.93,21.86
ORD03054,PROD0053,Lipstick Set,Beauty,3,19.34,58.02
ORD03054,PROD0073,Matcha Green Tea,Food & Grocery,2,31.91,63.82
ORD03055,PROD0035,Running Shoes,Sports,3,99.21,297.63
ORD03055,PROD0013,Sneakers,Clothing,2,42.92,85.84
ORD03055,PROD0066,RC Racing Car,Toys,3,74.32,222.96
ORD03055,PROD0051,Face Moisturizer,Beauty,3,39.06,117.18
ORD03056,PROD0076,Artisan Pasta,Food & Grocery,1,10.93,10.93
ORD03056,PROD0009,Phone Case,Electronics,3,22.66,67.98
ORD03056,PROD0079,Multivitamins,Food & Grocery,3,20.74,62.22
ORD03056,PROD0021,Coffee Maker,Home & Kitchen,1,168.93,168.93
ORD03057,PROD0049,Travel Photography,Books,1,39.07,39.07
ORD03057,PROD0030,Throw Pillow,Home & Kitchen,2,42.17,84.34
ORD03057,PROD0002,Smart Watch,Electronics,3,110.0,330.0
ORD03057,PROD0077,Mixed Nuts Pack,Food & Grocery,3,37.44,112.32
ORD03058,PROD0024,Toaster,Home & Kitchen,2,29.33,58.66
ORD03058,PROD0049,Travel Photography,Books,3,39.07,117.21
ORD03059,PROD0050,Graphic Novel,Books,3,18.57,55.71
ORD03059,PROD0041,Python Programming,Books,3,41.14,123.42
ORD03059,PROD0051,Face Moisturizer,Beauty,1,39.06,39.06
ORD03059,PROD0006,Mechanical Keyboard,Electronics,3,151.5,454.5
ORD03060,PROD0060,Nail Polish Set,Beauty,2,16.35,32.7
ORD03061,PROD0022,Air Fryer,Home & Kitchen,2,143.78,287.56
ORD03062,PROD0033,Resistance Bands,Sports,3,26.09,78.27
ORD03062,PROD0024,Toaster,Home & Kitchen,3,29.33,87.99
ORD03063,PROD0058,Eye Cream,Beauty,1,71.04,71.04
ORD03064,PROD0038,Gym Bag,Sports,3,65.2,195.6
ORD03064,PROD0069,Science Experiment Kit,Toys,3,27.62,82.86
ORD03064,PROD0072,Premium Coffee Beans,Food & Grocery,1,43.12,43.12
ORD03064,PROD0045,Self-Help Bestseller,Books,3,13.44,40.32
ORD03065,PROD0057,Perfume,Beauty,1,50.54,50.54
ORD03065,PROD0001,Wireless Headphones,Electronics,1,220.67,220.67
ORD03065,PROD0052,SPF Sunscreen,Beauty,1,19.96,19.96
ORD03065,PROD0042,Data Science Handbook,Books,1,26.6,26.6
ORD03066,PROD0022,Air Fryer,Home & Kitchen,1,143.78,143.78
ORD03066,PROD0026,Cutting Board,Home & Kitchen,2,23.46,46.92
ORD03066,PROD0066,RC Racing Car,Toys,1,74.32,74.32
ORD03066,PROD0069,Science Experiment Kit,Toys,2,27.62,55.24
ORD03067,PROD0071,Whey Protein Bar,Food & Grocery,2,22.38,44.76
ORD03068,PROD0032,Adjustable Dumbbells,Sports,1,159.46,159.46
ORD03068,PROD0080,Healthy Snack Box,Food & Grocery,1,23.63,23.63
ORD03069,PROD0008,Portable Monitor,Electronics,3,144.34,433.02
ORD03069,PROD0025,Knife Set,Home & Kitchen,3,144.87,434.61
ORD03069,PROD0041,Python Programming,Books,2,41.14,82.28
ORD03070,PROD0024,Toaster,Home & Kitchen,3,29.33,87.99
ORD03070,PROD0059,Vitamin C Serum,Beauty,3,28.13,84.39
ORD03070,PROD0011,T-Shirt,Clothing,1,18.75,18.75
ORD03070,PROD0044,Business Strategy,Books,3,25.81,77.43
ORD03071,PROD0019,Cap,Clothing,2,34.28,68.56
ORD03071,PROD0073,Matcha Green Tea,Food & Grocery,3,31.91,95.73
ORD03072,PROD0049,Travel Photography,Books,3,39.07,117.21
ORD03072,PROD0002,Smart Watch,Electronics,1,110.0,110.0
ORD03072,PROD0066,RC Racing Car,Toys,1,74.32,74.32
ORD03073,PROD0022,Air Fryer,Home & Kitchen,1,143.78,143.78
ORD03073,PROD0021,Coffee Maker,Home & Kitchen,2,168.93,337.86
ORD03074,PROD0024,Toaster,Home & Kitchen,1,29.33,29.33
ORD03074,PROD0056,Hair Conditioner,Beauty,3,28.27,84.81
ORD03074,PROD0018,Ankle Socks,Clothing,2,13.84,27.68
ORD03074,PROD0013,Sneakers,Clothing,2,42.92,85.84
ORD03075,PROD0076,Artisan Pasta,Food & Grocery,1,10.93,10.93
ORD03075,PROD0021,Coffee Maker,Home & Kitchen,2,168.93,337.86
ORD03075,PROD0017,Running Shorts,Clothing,3,23.82,71.46
ORD03075,PROD0037,Foam Roller,Sports,2,53.18,106.36
ORD03076,PROD0026,Cutting Board,Home & Kitchen,3,23.46,70.38
ORD03076,PROD0070,Plush Stuffed Animal,Toys,3,16.69,50.07
ORD03077,PROD0023,Blender,Home & Kitchen,2,60.62,121.24
ORD03077,PROD0053,Lipstick Set,Beauty,3,19.34,58.02
ORD03078,PROD0072,Premium Coffee Beans,Food & Grocery,2,43.12,86.24
ORD03078,PROD0032,Adjustable Dumbbells,Sports,2,159.46,318.92
ORD03078,PROD0063,1000-Piece Puzzle,Toys,1,26.71,26.71
ORD03079,PROD0067,Card Game Pack,Toys,3,11.89,35.67
ORD03079,PROD0017,Running Shorts,Clothing,1,23.82,23.82
ORD03080,PROD0070,Plush Stuffed Animal,Toys,1,16.69,16.69
ORD03080,PROD0051,Face Moisturizer,Beauty,3,39.06,117.18
ORD03080,PROD0030,Throw Pillow,Home & Kitchen,3,42.17,126.51
ORD03080,PROD0072,Premium Coffee Beans,Food & Grocery,3,43.12,129.36
ORD03081,PROD0048,World History,Books,1,25.51,25.51
ORD03081,PROD0020,Scarf,Clothing,1,12.21,12.21
ORD03081,PROD0064,Action Figure,Toys,2,30.54,61.08
ORD03082,PROD0020,Scarf,Clothing,3,12.21,36.63
ORD03082,PROD0027,Mug Set,Home & Kitchen,3,18.25,54.75
ORD03082,PROD0070,Plush Stuffed Animal,Toys,1,16.69,16.69
ORD03083,PROD0072,Premium Coffee Beans,Food & Grocery,1,43.12,43.12
ORD03084,PROD0049,Travel Photography,Books,3,39.07,117.21
ORD03084,PROD0032,Adjustable Dumbbells,Sports,2,159.46,318.92
ORD03084,PROD0010,Tablet Stand,Electronics,3,16.34,49.02
ORD03084,PROD0038,Gym Bag,Sports,2,65.2,130.4
ORD03085,PROD0040,Fitness Tracker,Sports,1,99.28,99.28
ORD03085,PROD0047,Cook Book,Books,3,17.53,52.59
ORD03085,PROD0013,Sneakers,Clothing,2,42.92,85.84
ORD03085,PROD0042,Data Science Handbook,Books,2,26.6,53.2
ORD03086,PROD0042,Data Science Handbook,Books,2,26.6,53.2
ORD03087,PROD0061,LEGO Creator Set,Toys,1,99.16,99.16
ORD03087,PROD0056,Hair Conditioner,Beauty,2,28.27,56.54
ORD03088,PROD0064,Action Figure,Toys,3,30.54,91.62
ORD03088,PROD0035,Running Shoes,Sports,1,99.21,99.21
ORD03089,PROD0022,Air Fryer,Home & Kitchen,1,143.78,143.78
ORD03090,PROD0068,Art & Craft Kit,Toys,1,13.06,13.06
ORD03090,PROD0024,Toaster,Home & Kitchen,1,29.33,29.33
ORD03090,PROD0066,RC Racing Car,Toys,2,74.32,148.64
ORD03090,PROD0079,Multivitamins,Food & Grocery,3,20.74,62.22
ORD03091,PROD0048,World History,Books,1,25.51,25.51
ORD03092,PROD0062,Strategy Board Game,Toys,3,43.8,131.4
ORD03092,PROD0065,Collectible Doll,Toys,1,52.93,52.93
ORD03092,PROD0037,Foam Roller,Sports,3,53.18,159.54
ORD03092,PROD0041,Python Programming,Books,3,41.14,123.42
ORD03093,PROD0010,Tablet Stand,Electronics,3,16.34,49.02
ORD03093,PROD0065,Collectible Doll,Toys,3,52.93,158.79
ORD03093,PROD0045,Self-Help Bestseller,Books,1,13.44,13.44
ORD03094,PROD0068,Art & Craft Kit,Toys,1,13.06,13.06
ORD03095,PROD0042,Data Science Handbook,Books,1,26.6,26.6
ORD03095,PROD0013,Sneakers,Clothing,2,42.92,85.84
ORD03096,PROD0010,Tablet Stand,Electronics,1,16.34,16.34
ORD03096,PROD0048,World History,Books,2,25.51,51.02
ORD03096,PROD0044,Business Strategy,Books,3,25.81,77.43
ORD03097,PROD0026,Cutting Board,Home & Kitchen,2,23.46,46.92
ORD03097,PROD0047,Cook Book,Books,3,17.53,52.59
ORD03097,PROD0080,Healthy Snack Box,Food & Grocery,1,23.63,23.63
ORD03097,PROD0065,Collectible Doll,Toys,3,52.93,158.79
ORD03098,PROD0023,Blender,Home & Kitchen,3,60.62,181.86
ORD03098,PROD0005,Webcam,Electronics,1,143.11,143.11
ORD03098,PROD0064,Action Figure,Toys,2,30.54,61.08
ORD03099,PROD0047,Cook Book,Books,3,17.53,52.59
ORD03100,PROD0049,Travel Photography,Books,1,39.07,39.07
ORD03100,PROD0054,Foundation,Beauty,3,57.15,171.45
ORD03100,PROD0066,RC Racing Car,Toys,1,74.32,74.32
ORD03101,PROD0033,Resistance Bands,Sports,2,26.09,52.18
ORD03102,PROD0002,Smart Watch,Electronics,3,110.0,330.0
ORD03102,PROD0070,Plush Stuffed Animal,Toys,1,16.69,16.69
ORD03102,PROD0029,LED Desk Lamp,Home & Kitchen,1,80.09,80.09
ORD03102,PROD0003,Bluetooth Speaker,Electronics,1,63.0,63.0
ORD03103,PROD0052,SPF Sunscreen,Beauty,3,19.96,59.88
ORD03103,PROD0006,Mechanical Keyboard,Electronics,1,151.5,151.5
ORD03103,PROD0041,Python Programming,Books,1,41.14,41.14
ORD03104,PROD0061,LEGO Creator Set,Toys,1,99.16,99.16
ORD03104,PROD0025,Knife Set,Home & Kitchen,2,144.87,289.74
ORD03104,PROD0033,Resistance Bands,Sports,3,26.09,78.27
ORD03104,PROD0020,Scarf,Clothing,3,12.21,36.63
ORD03105,PROD0050,Graphic Novel,Books,1,18.57,18.57
ORD03106,PROD0061,LEGO Creator Set,Toys,2,99.16,198.32
ORD03107,PROD0061,LEGO Creator Set,Toys,1,99.16,99.16
ORD03107,PROD0012,Jeans,Clothing,1,65.37,65.37
ORD03108,PROD0060,Nail Polish Set,Beauty,2,16.35,32.7
ORD03108,PROD0007,Gaming Mouse,Electronics,1,109.76,109.76
ORD03108,PROD0018,Ankle Socks,Clothing,2,13.84,27.68
ORD03108,PROD0014,Winter Jacket,Clothing,3,87.84,263.52
ORD03109,PROD0015,Summer Dress,Clothing,3,67.24,201.72
ORD03110,PROD0028,Storage Organizer,Home & Kitchen,3,24.84,74.52
ORD03111,PROD0039,Protein Shaker,Sports,1,31.54,31.54
ORD03112,PROD0011,T-Shirt,Clothing,1,18.75,18.75
ORD03112,PROD0068,Art & Craft Kit,Toys,1,13.06,13.06
ORD03112,PROD0040,Fitness Tracker,Sports,1,99.28,99.28
ORD03113,PROD0042,Data Science Handbook,Books,3,26.6,79.8
ORD03113,PROD0076,Artisan Pasta,Food & Grocery,3,10.93,32.79
ORD03113,PROD0005,Webcam,Electronics,2,143.11,286.22
ORD03114,PROD0002,Smart Watch,Electronics,3,110.0,330.0
ORD03114,PROD0003,Bluetooth Speaker,Electronics,2,63.0,126.0
ORD03114,PROD0040,Fitness Tracker,Sports,1,99.28,99.28
ORD03115,PROD0045,Self-Help Bestseller,Books,1,13.44,13.44
ORD03116,PROD0047,Cook Book,Books,1,17.53,17.53
ORD03116,PROD0021,Coffee Maker,Home & Kitchen,1,168.93,168.93
ORD03116,PROD0028,Storage Organizer,Home & Kitchen,2,24.84,49.68
ORD03117,PROD0028,Storage Organizer,Home & Kitchen,3,24.84,74.52
ORD03118,PROD0012,Jeans,Clothing,3,65.37,196.11
ORD03118,PROD0033,Resistance Bands,Sports,3,26.09,78.27
ORD03118,PROD0036,Jump Rope,Sports,1,20.14,20.14
ORD03118,PROD0075,Extra Virgin Olive Oil,Food & Grocery,2,26.39,52.78
ORD03119,PROD0021,Coffee Maker,Home & Kitchen,1,168.93,168.93
ORD03120,PROD0066,RC Racing Car,Toys,1,74.32,74.32
ORD03120,PROD0027,Mug Set,Home & Kitchen,1,18.25,18.25
ORD03120,PROD0071,Whey Protein Bar,Food & Grocery,2,22.38,44.76
ORD03120,PROD0077,Mixed Nuts Pack,Food & Grocery,2,37.44,74.88
ORD03121,PROD0034,Water Bottle,Sports,3,49.06,147.18
ORD03122,PROD0057,Perfume,Beauty,2,50.54,101.08
ORD03123,PROD0039,Protein Shaker,Sports,1,31.54,31.54
ORD03124,PROD0074,Granola Mix,Food & Grocery,3,13.35,40.05
ORD03124,PROD0041,Python Programming,Books,1,41.14,41.14
ORD03125,PROD0049,Travel Photography,Books,1,39.07,39.07
ORD03125,PROD0017,Running Shorts,Clothing,1,23.82,23.82
ORD03125,PROD0005,Webcam,Electronics,2,143.11,286.22
ORD03126,PROD0023,Blender,Home & Kitchen,3,60.62,181.86
ORD03126,PROD0034,Water Bottle,Sports,1,49.06,49.06
ORD03126,PROD0068,Art & Craft Kit,Toys,1,13.06,13.06
ORD03126,PROD0021,Coffee Maker,Home & Kitchen,3,168.93,506.79
ORD03127,PROD0025,Knife Set,Home & Kitchen,2,144.87,289.74
ORD03128,PROD0059,Vitamin C Serum,Beauty,1,28.13,28.13
ORD03129,PROD0014,Winter Jacket,Clothing,3,87.84,263.52
ORD03129,PROD0043,ML Engineering Guide,Books,2,29.52,59.04
ORD03130,PROD0017,Running Shorts,Clothing,2,23.82,47.64
ORD03130,PROD0048,World History,Books,1,25.51,25.51
ORD03130,PROD0065,Collectible Doll,Toys,2,52.93,105.86
ORD03131,PROD0018,Ankle Socks,Clothing,3,13.84,41.52
ORD03132,PROD0010,Tablet Stand,Electronics,2,16.34,32.68
ORD03132,PROD0042,Data Science Handbook,Books,2,26.6,53.2
ORD03133,PROD0041,Python Programming,Books,2,41.14,82.28
ORD03133,PROD0064,Action Figure,Toys,2,30.54,61.08
ORD03133,PROD0012,Jeans,Clothing,2,65.37,130.74
ORD03134,PROD0038,Gym Bag,Sports,1,65.2,65.2
ORD03134,PROD0043,ML Engineering Guide,Books,3,29.52,88.56
ORD03134,PROD0076,Artisan Pasta,Food & Grocery,1,10.93,10.93
ORD03134,PROD0060,Nail Polish Set,Beauty,1,16.35,16.35
ORD03135,PROD0041,Python Programming,Books,1,41.14,41.14
ORD03136,PROD0061,LEGO Creator Set,Toys,2,99.16,198.32
ORD03136,PROD0049,Travel Photography,Books,3,39.07,117.21
ORD03136,PROD0043,ML Engineering Guide,Books,1,29.52,29.52
ORD03136,PROD0029,LED Desk Lamp,Home & Kitchen,3,80.09,240.27
ORD03137,PROD0006,Mechanical Keyboard,Electronics,1,151.5,151.5
ORD03137,PROD0014,Winter Jacket,Clothing,3,87.84,263.52
ORD03137,PROD0039,Protein Shaker,Sports,2,31.54,63.08
ORD03137,PROD0053,Lipstick Set,Beauty,1,19.34,19.34
ORD03138,PROD0064,Action Figure,Toys,3,30.54,91.62
ORD03138,PROD0016,Hoodie,Clothing,1,57.25,57.25
ORD03139,PROD0048,World History,Books,2,25.51,51.02
ORD03140,PROD0018,Ankle Socks,Clothing,1,13.84,13.84
ORD03140,PROD0054,Foundation,Beauty,1,57.15,57.15
ORD03140,PROD0070,Plush Stuffed Animal,Toys,3,16.69,50.07
ORD03141,PROD0057,Perfume,Beauty,1,50.54,50.54
ORD03141,PROD0021,Coffee Maker,Home & Kitchen,2,168.93,337.86
ORD03142,PROD0048,World History,Books,2,25.51,51.02
ORD03142,PROD0004,USB-C Hub,Electronics,1,33.39,33.39
ORD03143,PROD0077,Mixed Nuts Pack,Food & Grocery,3,37.44,112.32
ORD03143,PROD0051,Face Moisturizer,Beauty,3,39.06,117.18
ORD03143,PROD0032,Adjustable Dumbbells,Sports,2,159.46,318.92
ORD03143,PROD0058,Eye Cream,Beauty,3,71.04,213.12
ORD03144,PROD0065,Collectible Doll,Toys,2,52.93,105.86
ORD03144,PROD0046,Science Fiction Novel,Books,1,13.49,13.49
ORD03145,PROD0036,Jump Rope,Sports,3,20.14,60.42
ORD03145,PROD0056,Hair Conditioner,Beauty,2,28.27,56.54
ORD03145,PROD0013,Sneakers,Clothing,2,42.92,85.84
ORD03145,PROD0037,Foam Roller,Sports,2,53.18,106.36
ORD03146,PROD0017,Running Shorts,Clothing,2,23.82,47.64
ORD03146,PROD0009,Phone Case,Electronics,1,22.66,22.66
ORD03147,PROD0032,Adjustable Dumbbells,Sports,3,159.46,478.38
ORD03147,PROD0055,Argan Shampoo,Beauty,2,29.44,58.88
ORD03147,PROD0030,Throw Pillow,Home & Kitchen,1,42.17,42.17
ORD03147,PROD0077,Mixed Nuts Pack,Food & Grocery,1,37.44,37.44
ORD03148,PROD0076,Artisan Pasta,Food & Grocery,3,10.93,32.79
ORD03148,PROD0077,Mixed Nuts Pack,Food & Grocery,2,37.44,74.88
ORD03149,PROD0039,Protein Shaker,Sports,2,31.54,63.08
ORD03149,PROD0013,Sneakers,Clothing,3,42.92,128.76
ORD03149,PROD0067,Card Game Pack,Toys,1,11.89,11.89
ORD03150,PROD0059,Vitamin C Serum,Beauty,3,28.13,84.39
ORD03150,PROD0061,LEGO Creator Set,Toys,3,99.16,297.48
ORD03150,PROD0012,Jeans,Clothing,3,65.37,196.11
ORD03150,PROD0067,Card Game Pack,Toys,3,11.89,35.67
ORD03151,PROD0029,LED Desk Lamp,Home & Kitchen,3,80.09,240.27
ORD03151,PROD0061,LEGO Creator Set,Toys,3,99.16,297.48
ORD03151,PROD0008,Portable Monitor,Electronics,2,144.34,288.68
ORD03152,PROD0067,Card Game Pack,Toys,2,11.89,23.78
ORD03152,PROD0019,Cap,Clothing,3,34.28,102.84
ORD03152,PROD0029,LED Desk Lamp,Home & Kitchen,2,80.09,160.18
ORD03152,PROD0044,Business Strategy,Books,3,25.81,77.43
ORD03153,PROD0049,Travel Photography,Books,1,39.07,39.07
ORD03153,PROD0067,Card Game Pack,Toys,1,11.89,11.89
ORD03154,PROD0049,Travel Photography,Books,1,39.07,39.07
ORD03154,PROD0045,Self-Help Bestseller,Books,3,13.44,40.32
ORD03154,PROD0008,Portable Monitor,Electronics,3,144.34,433.02
ORD03155,PROD0010,Tablet Stand,Electronics,2,16.34,32.68
ORD03155,PROD0018,Ankle Socks,Clothing,2,13.84,27.68
ORD03155,PROD0034,Water Bottle,Sports,2,49.06,98.12
ORD03156,PROD0075,Extra Virgin Olive Oil,Food & Grocery,1,26.39,26.39
ORD03156,PROD0055,Argan Shampoo,Beauty,2,29.44,58.88
ORD03156,PROD0068,Art & Craft Kit,Toys,2,13.06,26.12
ORD03156,PROD0061,LEGO Creator Set,Toys,3,99.16,297.48
ORD03157,PROD0013,Sneakers,Clothing,1,42.92,42.92
ORD03157,PROD0040,Fitness Tracker,Sports,1,99.28,99.28
ORD03157,PROD0069,Science Experiment Kit,Toys,2,27.62,55.24
ORD03158,PROD0011,T-Shirt,Clothing,2,18.75,37.5
ORD03159,PROD0002,Smart Watch,Electronics,2,110.0,220.0
ORD03159,PROD0042,Data Science Handbook,Books,2,26.6,53.2
ORD03160,PROD0036,Jump Rope,Sports,3,20.14,60.42
ORD03160,PROD0072,Premium Coffee Beans,Food & Grocery,2,43.12,86.24
ORD03161,PROD0047,Cook Book,Books,2,17.53,35.06
ORD03161,PROD0048,World History,Books,1,25.51,25.51
ORD03161,PROD0022,Air Fryer,Home & Kitchen,2,143.78,287.56
ORD03161,PROD0012,Jeans,Clothing,2,65.37,130.74
ORD03162,PROD0069,Science Experiment Kit,Toys,2,27.62,55.24
ORD03163,PROD0076,Artisan Pasta,Food & Grocery,3,10.93,32.79
ORD03164,PROD0058,Eye Cream,Beauty,1,71.04,71.04
ORD03165,PROD0019,Cap,Clothing,3,34.28,102.84
ORD03165,PROD0016,Hoodie,Clothing,2,57.25,114.5
ORD03165,PROD0023,Blender,Home & Kitchen,1,60.62,60.62
ORD03166,PROD0026,Cutting Board,Home & Kitchen,1,23.46,23.46
ORD03166,PROD0071,Whey Protein Bar,Food & Grocery,2,22.38,44.76
ORD03167,PROD0022,Air Fryer,Home & Kitchen,1,143.78,143.78
ORD03167,PROD0020,Scarf,Clothing,2,12.21,24.42
ORD03167,PROD0049,Travel Photography,Books,1,39.07,39.07
ORD03167,PROD0028,Storage Organizer,Home & Kitchen,3,24.84,74.52
ORD03168,PROD0034,Water Bottle,Sports,1,49.06,49.06
ORD03168,PROD0045,Self-Help Bestseller,Books,1,13.44,13.44
ORD03168,PROD0015,Summer Dress,Clothing,1,67.24,67.24
ORD03168,PROD0060,Nail Polish Set,Beauty,3,16.35,49.05
ORD03169,PROD0079,Multivitamins,Food & Grocery,2,20.74,41.48
ORD03169,PROD0007,Gaming Mouse,Electronics,3,109.76,329.28
ORD03169,PROD0022,Air Fryer,Home & Kitchen,3,143.78,431.34
ORD03169,PROD0032,Adjustable Dumbbells,Sports,1,159.46,159.46
ORD03170,PROD0007,Gaming Mouse,Electronics,1,109.76,109.76
ORD03170,PROD0048,World History,Books,2,25.51,51.02
ORD03170,PROD0012,Jeans,Clothing,1,65.37,65.37
ORD03171,PROD0077,Mixed Nuts Pack,Food & Grocery,1,37.44,37.44
ORD03171,PROD0009,Phone Case,Electronics,2,22.66,45.32
ORD03172,PROD0039,Protein Shaker,Sports,1,31.54,31.54
ORD03172,PROD0076,Artisan Pasta,Food & Grocery,1,10.93,10.93
ORD03172,PROD0067,Card Game Pack,Toys,3,11.89,35.67
ORD03172,PROD0004,USB-C Hub,Electronics,3,33.39,100.17
ORD03173,PROD0028,Storage Organizer,Home & Kitchen,1,24.84,24.84
ORD03174,PROD0031,Yoga Mat,Sports,3,68.43,205.29
ORD03174,PROD0032,Adjustable Dumbbells,Sports,1,159.46,159.46
ORD03174,PROD0079,Multivitamins,Food & Grocery,1,20.74,20.74
ORD03175,PROD0058,Eye Cream,Beauty,1,71.04,71.04
ORD03175,PROD0046,Science Fiction Novel,Books,3,13.49,40.47
ORD03176,PROD0007,Gaming Mouse,Electronics,1,109.76,109.76
ORD03176,PROD0023,Blender,Home & Kitchen,1,60.62,60.62
ORD03177,PROD0050,Graphic Novel,Books,2,18.57,37.14
ORD03177,PROD0029,LED Desk Lamp,Home & Kitchen,1,80.09,80.09
ORD03178,PROD0075,Extra Virgin Olive Oil,Food & Grocery,2,26.39,52.78
ORD03178,PROD0015,Summer Dress,Clothing,2,67.24,134.48
ORD03178,PROD0060,Nail Polish Set,Beauty,1,16.35,16.35
ORD03179,PROD0053,Lipstick Set,Beauty,2,19.34,38.68
ORD03179,PROD0061,LEGO Creator Set,Toys,3,99.16,297.48
ORD03180,PROD0031,Yoga Mat,Sports,1,68.43,68.43
ORD03180,PROD0059,Vitamin C Serum,Beauty,1,28.13,28.13
ORD03180,PROD0070,Plush Stuffed Animal,Toys,2,16.69,33.38
ORD03181,PROD0056,Hair Conditioner,Beauty,1,28.27,28.27
ORD03182,PROD0075,Extra Virgin Olive Oil,Food & Grocery,2,26.39,52.78
ORD03182,PROD0076,Artisan Pasta,Food & Grocery,3,10.93,32.79
ORD03182,PROD0036,Jump Rope,Sports,1,20.14,20.14
ORD03183,PROD0045,Self-Help Bestseller,Books,2,13.44,26.88
ORD03183,PROD0071,Whey Protein Bar,Food & Grocery,1,22.38,22.38
ORD03184,PROD0067,Card Game Pack,Toys,1,11.89,11.89
ORD03185,PROD0066,RC Racing Car,Toys,3,74.32,222.96
ORD03185,PROD0004,USB-C Hub,Electronics,1,33.39,33.39
ORD03185,PROD0077,Mixed Nuts Pack,Food & Grocery,2,37.44,74.88
ORD03186,PROD0043,ML Engineering Guide,Books,2,29.52,59.04
ORD03186,PROD0004,USB-C Hub,Electronics,2,33.39,66.78
ORD03187,PROD0005,Webcam,Electronics,1,143.11,143.11
ORD03187,PROD0070,Plush Stuffed Animal,Toys,3,16.69,50.07
ORD03188,PROD0041,Python Programming,Books,1,41.14,41.14
ORD03188,PROD0025,Knife Set,Home & Kitchen,2,144.87,289.74
ORD03189,PROD0041,Python Programming,Books,1,41.14,41.14
ORD03189,PROD0006,Mechanical Keyboard,Electronics,3,151.5,454.5
ORD03189,PROD0080,Healthy Snack Box,Food & Grocery,3,23.63,70.89
ORD03190,PROD0039,Protein Shaker,Sports,2,31.54,63.08
ORD03190,PROD0077,Mixed Nuts Pack,Food & Grocery,3,37.44,112.32
ORD03190,PROD0033,Resistance Bands,Sports,1,26.09,26.09
ORD03191,PROD0054,Foundation,Beauty,3,57.15,171.45
ORD03191,PROD0061,LEGO Creator Set,Toys,1,99.16,99.16
ORD03191,PROD0079,Multivitamins,Food & Grocery,1,20.74,20.74
ORD03191,PROD0020,Scarf,Clothing,1,12.21,12.21
ORD03192,PROD0026,Cutting Board,Home & Kitchen,1,23.46,23.46
ORD03193,PROD0053,Lipstick Set,Beauty,2,19.34,38.68
ORD03194,PROD0052,SPF Sunscreen,Beauty,3,19.96,59.88
ORD03195,PROD0030,Throw Pillow,Home & Kitchen,3,42.17,126.51
ORD03195,PROD0049,Travel Photography,Books,2,39.07,78.14
ORD03195,PROD0042,Data Science Handbook,Books,1,26.6,26.6
ORD03196,PROD0024,Toaster,Home & Kitchen,1,29.33,29.33
ORD03196,PROD0064,Action Figure,Toys,3,30.54,91.62
ORD03196,PROD0011,T-Shirt,Clothing,2,18.75,37.5
ORD03197,PROD0076,Artisan Pasta,Food & Grocery,3,10.93,32.79
ORD03197,PROD0062,Strategy Board Game,Toys,1,43.8,43.8
ORD03198,PROD0002,Smart Watch,Electronics,2,110.0,220.0
ORD03198,PROD0074,Granola Mix,Food & Grocery,2,13.35,26.7
ORD03198,PROD0044,Business Strategy,Books,3,25.81,77.43
ORD03199,PROD0069,Science Experiment Kit,Toys,2,27.62,55.24
ORD03199,PROD0028,Storage Organizer,Home & Kitchen,2,24.84,49.68
ORD03199,PROD0052,SPF Sunscreen,Beauty,3,19.96,59.88
ORD03199,PROD0001,Wireless Headphones,Electronics,3,220.67,662.01
ORD03200,PROD0063,1000-Piece Puzzle,Toys,3,26.71,80.13
ORD03200,PROD0068,Art & Craft Kit,Toys,1,13.06,13.06
ORD03201,PROD0052,SPF Sunscreen,Beauty,1,19.96,19.96
ORD03201,PROD0047,Cook Book,Books,3,17.53,52.59
ORD03202,PROD0025,Knife Set,Home & Kitchen,1,144.87,144.87
ORD03202,PROD0061,LEGO Creator Set,Toys,2,99.16,198.32
ORD03203,PROD0063,1000-Piece Puzzle,Toys,2,26.71,53.42
ORD03203,PROD0025,Knife Set,Home & Kitchen,2,144.87,289.74
ORD03204,PROD0041,Python Programming,Books,3,41.14,123.42
ORD03205,PROD0023,Blender,Home & Kitchen,2,60.62,121.24
ORD03205,PROD0002,Smart Watch,Electronics,3,110.0,330.0
ORD03206,PROD0028,Storage Organizer,Home & Kitchen,3,24.84,74.52
ORD03207,PROD0058,Eye Cream,Beauty,1,71.04,71.04
ORD03207,PROD0002,Smart Watch,Electronics,1,110.0,110.0
ORD03208,PROD0059,Vitamin C Serum,Beauty,2,28.13,56.26
ORD03208,PROD0029,LED Desk Lamp,Home & Kitchen,1,80.09,80.09
ORD03208,PROD0011,T-Shirt,Clothing,3,18.75,56.25
ORD03208,PROD0070,Plush Stuffed Animal,Toys,2,16.69,33.38
ORD03209,PROD0069,Science Experiment Kit,Toys,2,27.62,55.24
ORD03210,PROD0025,Knife Set,Home & Kitchen,3,144.87,434.61
ORD03210,PROD0011,T-Shirt,Clothing,2,18.75,37.5
ORD03210,PROD0077,Mixed Nuts Pack,Food & Grocery,2,37.44,74.88
ORD03211,PROD0077,Mixed Nuts Pack,Food & Grocery,2,37.44,74.88
ORD03211,PROD0004,USB-C Hub,Electronics,3,33.39,100.17
ORD03211,PROD0023,Blender,Home & Kitchen,3,60.62,181.86
ORD03211,PROD0010,Tablet Stand,Electronics,2,16.34,32.68
ORD03212,PROD0058,Eye Cream,Beauty,3,71.04,213.12
ORD03213,PROD0040,Fitness Tracker,Sports,1,99.28,99.28
ORD03213,PROD0011,T-Shirt,Clothing,3,18.75,56.25
ORD03213,PROD0046,Science Fiction Novel,Books,3,13.49,40.47
ORD03214,PROD0072,Premium Coffee Beans,Food & Grocery,2,43.12,86.24
ORD03215,PROD0036,Jump Rope,Sports,3,20.14,60.42
ORD03215,PROD0009,Phone Case,Electronics,3,22.66,67.98
ORD03215,PROD0017,Running Shorts,Clothing,1,23.82,23.82
ORD03215,PROD0010,Tablet Stand,Electronics,3,16.34,49.02
ORD03216,PROD0067,Card Game Pack,Toys,2,11.89,23.78
ORD03216,PROD0038,Gym Bag,Sports,1,65.2,65.2
ORD03216,PROD0014,Winter Jacket,Clothing,3,87.84,263.52
ORD03217,PROD0004,USB-C Hub,Electronics,1,33.39,33.39
ORD03217,PROD0019,Cap,Clothing,2,34.28,68.56
ORD03217,PROD0055,Argan Shampoo,Beauty,1,29.44,29.44
ORD03217,PROD0020,Scarf,Clothing,3,12.21,36.63
ORD03218,PROD0013,Sneakers,Clothing,2,42.92,85.84
ORD03219,PROD0016,Hoodie,Clothing,2,57.25,114.5
ORD03219,PROD0046,Science Fiction Novel,Books,2,13.49,26.98
ORD03219,PROD0004,USB-C Hub,Electronics,1,33.39,33.39
ORD03220,PROD0027,Mug Set,Home & Kitchen,2,18.25,36.5
ORD03220,PROD0020,Scarf,Clothing,2,12.21,24.42
ORD03221,PROD0002,Smart Watch,Electronics,2,110.0,220.0
ORD03221,PROD0067,Card Game Pack,Toys,1,11.89,11.89
ORD03221,PROD0007,Gaming Mouse,Electronics,1,109.76,109.76
ORD03222,PROD0041,Python Programming,Books,2,41.14,82.28
ORD03222,PROD0057,Perfume,Beauty,1,50.54,50.54
ORD03222,PROD0013,Sneakers,Clothing,2,42.92,85.84
ORD03222,PROD0037,Foam Roller,Sports,2,53.18,106.36
ORD03223,PROD0080,Healthy Snack Box,Food & Grocery,1,23.63,23.63
ORD03224,PROD0060,Nail Polish Set,Beauty,3,16.35,49.05
ORD03224,PROD0061,LEGO Creator Set,Toys,3,99.16,297.48
ORD03224,PROD0013,Sneakers,Clothing,1,42.92,42.92
ORD03224,PROD0053,Lipstick Set,Beauty,2,19.34,38.68
ORD03225,PROD0036,Jump Rope,Sports,1,20.14,20.14
ORD03226,PROD0075,Extra Virgin Olive Oil,Food & Grocery,1,26.39,26.39
ORD03226,PROD0028,Storage Organizer,Home & Kitchen,3,24.84,74.52
ORD03226,PROD0054,Foundation,Beauty,1,57.15,57.15
ORD03227,PROD0021,Coffee Maker,Home & Kitchen,1,168.93,168.93
ORD03227,PROD0022,Air Fryer,Home & Kitchen,2,143.78,287.56
ORD03227,PROD0033,Resistance Bands,Sports,3,26.09,78.27
ORD03228,PROD0027,Mug Set,Home & Kitchen,3,18.25,54.75
ORD03228,PROD0056,Hair Conditioner,Beauty,3,28.27,84.81
ORD03228,PROD0030,Throw Pillow,Home & Kitchen,1,42.17,42.17
ORD03228,PROD0006,Mechanical Keyboard,Electronics,3,151.5,454.5
ORD03229,PROD0039,Protein Shaker,Sports,2,31.54,63.08
ORD03229,PROD0071,Whey Protein Bar,Food & Grocery,2,22.38,44.76
ORD03229,PROD0007,Gaming Mouse,Electronics,2,109.76,219.52
ORD03229,PROD0045,Self-Help Bestseller,Books,2,13.44,26.88
ORD03230,PROD0072,Premium Coffee Beans,Food & Grocery,1,43.12,43.12
ORD03230,PROD0074,Granola Mix,Food & Grocery,2,13.35,26.7
ORD03230,PROD0078,Raw Honey,Food & Grocery,1,18.09,18.09
ORD03230,PROD0010,Tablet Stand,Electronics,3,16.34,49.02
ORD03231,PROD0080,Healthy Snack Box,Food & Grocery,3,23.63,70.89
ORD03231,PROD0061,LEGO Creator Set,Toys,1,99.16,99.16
ORD03231,PROD0037,Foam Roller,Sports,1,53.18,53.18
ORD03232,PROD0045,Self-Help Bestseller,Books,2,13.44,26.88
ORD03232,PROD0028,Storage Organizer,Home & Kitchen,1,24.84,24.84
ORD03233,PROD0026,Cutting Board,Home & Kitchen,2,23.46,46.92
ORD03233,PROD0063,1000-Piece Puzzle,Toys,3,26.71,80.13
ORD03234,PROD0051,Face Moisturizer,Beauty,1,39.06,39.06
ORD03235,PROD0060,Nail Polish Set,Beauty,1,16.35,16.35
ORD03235,PROD0080,Healthy Snack Box,Food & Grocery,2,23.63,47.26
ORD03235,PROD0033,Resistance Bands,Sports,3,26.09,78.27
ORD03236,PROD0003,Bluetooth Speaker,Electronics,2,63.0,126.0
ORD03236,PROD0075,Extra Virgin Olive Oil,Food & Grocery,1,26.39,26.39
ORD03237,PROD0039,Protein Shaker,Sports,2,31.54,63.08
ORD03237,PROD0076,Artisan Pasta,Food & Grocery,1,10.93,10.93
ORD03237,PROD0029,LED Desk Lamp,Home & Kitchen,2,80.09,160.18
ORD03238,PROD0048,World History,Books,2,25.51,51.02
ORD03239,PROD0042,Data Science Handbook,Books,2,26.6,53.2
ORD03239,PROD0012,Jeans,Clothing,2,65.37,130.74
ORD03239,PROD0078,Raw Honey,Food & Grocery,2,18.09,36.18
ORD03240,PROD0076,Artisan Pasta,Food & Grocery,2,10.93,21.86
ORD03241,PROD0027,Mug Set,Home & Kitchen,2,18.25,36.5
ORD03241,PROD0048,World History,Books,3,25.51,76.53
ORD03242,PROD0071,Whey Protein Bar,Food & Grocery,1,22.38,22.38
ORD03242,PROD0060,Nail Polish Set,Beauty,1,16.35,16.35
ORD03242,PROD0045,Self-Help Bestseller,Books,2,13.44,26.88
ORD03242,PROD0017,Running Shorts,Clothing,1,23.82,23.82
ORD03243,PROD0034,Water Bottle,Sports,2,49.06,98.12
ORD03243,PROD0077,Mixed Nuts Pack,Food & Grocery,1,37.44,37.44
ORD03243,PROD0041,Python Programming,Books,1,41.14,41.14
ORD03244,PROD0052,SPF Sunscreen,Beauty,1,19.96,19.96
ORD03244,PROD0038,Gym Bag,Sports,3,65.2,195.6
ORD03245,PROD0002,Smart Watch,Electronics,3,110.0,330.0
ORD03245,PROD0034,Water Bottle,Sports,2,49.06,98.12
ORD03246,PROD0080,Healthy Snack Box,Food & Grocery,2,23.63,47.26
ORD03246,PROD0049,Travel Photography,Books,1,39.07,39.07
ORD03246,PROD0046,Science Fiction Novel,Books,1,13.49,13.49
ORD03247,PROD0079,Multivitamins,Food & Grocery,2,20.74,41.48
ORD03248,PROD0006,Mechanical Keyboard,Electronics,3,151.5,454.5
ORD03248,PROD0076,Artisan Pasta,Food & Grocery,2,10.93,21.86
ORD03249,PROD0034,Water Bottle,Sports,1,49.06,49.06
ORD03249,PROD0062,Strategy Board Game,Toys,2,43.8,87.6
ORD03250,PROD0076,Artisan Pasta,Food & Grocery,1,10.93,10.93
ORD03251,PROD0009,Phone Case,Electronics,2,22.66,45.32
ORD03251,PROD0014,Winter Jacket,Clothing,1,87.84,87.84
ORD03251,PROD0072,Premium Coffee Beans,Food & Grocery,3,43.12,129.36
ORD03251,PROD0057,Perfume,Beauty,3,50.54,151.62
ORD03252,PROD0039,Protein Shaker,Sports,2,31.54,63.08
ORD03253,PROD0039,Protein Shaker,Sports,1,31.54,31.54
ORD03253,PROD0048,World History,Books,2,25.51,51.02
ORD03254,PROD0012,Jeans,Clothing,1,65.37,65.37
ORD03254,PROD0080,Healthy Snack Box,Food & Grocery,3,23.63,70.89
ORD03254,PROD0023,Blender,Home & Kitchen,1,60.62,60.62
ORD03255,PROD0051,Face Moisturizer,Beauty,1,39.06,39.06
ORD03255,PROD0026,Cutting Board,Home & Kitchen,2,23.46,46.92
ORD03256,PROD0071,Whey Protein Bar,Food & Grocery,2,22.38,44.76
ORD03257,PROD0028,Storage Organizer,Home & Kitchen,3,24.84,74.52
ORD03257,PROD0005,Webcam,Electronics,1,143.11,143.11
ORD03257,PROD0072,Premium Coffee Beans,Food & Grocery,1,43.12,43.12
ORD03257,PROD0016,Hoodie,Clothing,2,57.25,114.5
ORD03258,PROD0066,RC Racing Car,Toys,3,74.32,222.96
ORD03258,PROD0039,Protein Shaker,Sports,1,31.54,31.54
ORD03259,PROD0056,Hair Conditioner,Beauty,2,28.27,56.54
ORD03259,PROD0038,Gym Bag,Sports,3,65.2,195.6
ORD03259,PROD0002,Smart Watch,Electronics,1,110.0,110.0
ORD03259,PROD0047,Cook Book,Books,2,17.53,35.06
ORD03260,PROD0009,Phone Case,Electronics,2,22.66,45.32
ORD03261,PROD0029,LED Desk Lamp,Home & Kitchen,1,80.09,80.09
ORD03261,PROD0007,Gaming Mouse,Electronics,2,109.76,219.52
ORD03262,PROD0022,Air Fryer,Home & Kitchen,1,143.78,143.78
ORD03263,PROD0025,Knife Set,Home & Kitchen,1,144.87,144.87
ORD03264,PROD0023,Blender,Home & Kitchen,3,60.62,181.86
ORD03264,PROD0037,Foam Roller,Sports,1,53.18,53.18
ORD03265,PROD0080,Healthy Snack Box,Food & Grocery,3,23.63,70.89
ORD03265,PROD0059,Vitamin C Serum,Beauty,2,28.13,56.26
ORD03265,PROD0019,Cap,Clothing,1,34.28,34.28
ORD03266,PROD0064,Action Figure,Toys,1,30.54,30.54
ORD03266,PROD0079,Multivitamins,Food & Grocery,1,20.74,20.74
ORD03267,PROD0017,Running Shorts,Clothing,1,23.82,23.82
ORD03267,PROD0066,RC Racing Car,Toys,3,74.32,222.96
ORD03267,PROD0035,Running Shoes,Sports,3,99.21,297.63
ORD03267,PROD0077,Mixed Nuts Pack,Food & Grocery,1,37.44,37.44
ORD03268,PROD0043,ML Engineering Guide,Books,3,29.52,88.56
ORD03269,PROD0022,Air Fryer,Home & Kitchen,3,143.78,431.34
ORD03269,PROD0013,Sneakers,Clothing,1,42.92,42.92
ORD03270,PROD0079,Multivitamins,Food & Grocery,2,20.74,41.48
ORD03270,PROD0075,Extra Virgin Olive Oil,Food & Grocery,3,26.39,79.17
ORD03271,PROD0028,Storage Organizer,Home & Kitchen,2,24.84,49.68
ORD03271,PROD0002,Smart Watch,Electronics,3,110.0,330.0
ORD03272,PROD0050,Graphic Novel,Books,1,18.57,18.57
ORD03272,PROD0024,Toaster,Home & Kitchen,3,29.33,87.99
ORD03272,PROD0065,Collectible Doll,Toys,1,52.93,52.93
ORD03272,PROD0045,Self-Help Bestseller,Books,1,13.44,13.44
ORD03273,PROD0039,Protein Shaker,Sports,3,31.54,94.62
ORD03274,PROD0002,Smart Watch,Electronics,1,110.0,110.0
ORD03275,PROD0022,Air Fryer,Home & Kitchen,2,143.78,287.56
ORD03275,PROD0075,Extra Virgin Olive Oil,Food & Grocery,1,26.39,26.39
ORD03275,PROD0014,Winter Jacket,Clothing,2,87.84,175.68
ORD03276,PROD0033,Resistance Bands,Sports,1,26.09,26.09
ORD03276,PROD0053,Lipstick Set,Beauty,2,19.34,38.68
ORD03277,PROD0011,T-Shirt,Clothing,3,18.75,56.25
ORD03277,PROD0004,USB-C Hub,Electronics,3,33.39,100.17
ORD03277,PROD0065,Collectible Doll,Toys,3,52.93,158.79
ORD03277,PROD0009,Phone Case,Electronics,2,22.66,45.32
ORD03278,PROD0052,SPF Sunscreen,Beauty,1,19.96,19.96
ORD03278,PROD0051,Face Moisturizer,Beauty,3,39.06,117.18
ORD03278,PROD0044,Business Strategy,Books,3,25.81,77.43
ORD03278,PROD0061,LEGO Creator Set,Toys,2,99.16,198.32
ORD03279,PROD0054,Foundation,Beauty,3,57.15,171.45
ORD03279,PROD0045,Self-Help Bestseller,Books,2,13.44,26.88
ORD03279,PROD0042,Data Science Handbook,Books,1,26.6,26.6
ORD03280,PROD0046,Science Fiction Novel,Books,3,13.49,40.47
ORD03280,PROD0054,Foundation,Beauty,3,57.15,171.45
ORD03280,PROD0025,Knife Set,Home & Kitchen,1,144.87,144.87
ORD03280,PROD0045,Self-Help Bestseller,Books,1,13.44,13.44
ORD03281,PROD0030,Throw Pillow,Home & Kitchen,2,42.17,84.34
ORD03282,PROD0044,Business Strategy,Books,3,25.81,77.43
ORD03282,PROD0065,Collectible Doll,Toys,1,52.93,52.93
ORD03282,PROD0061,LEGO Creator Set,Toys,1,99.16,99.16
ORD03283,PROD0012,Jeans,Clothing,1,65.37,65.37
ORD03283,PROD0032,Adjustable Dumbbells,Sports,2,159.46,318.92
ORD03284,PROD0021,Coffee Maker,Home & Kitchen,2,168.93,337.86
ORD03284,PROD0046,Science Fiction Novel,Books,3,13.49,40.47
ORD03284,PROD0069,Science Experiment Kit,Toys,1,27.62,27.62
ORD03284,PROD0009,Phone Case,Electronics,2,22.66,45.32
ORD03285,PROD0055,Argan Shampoo,Beauty,2,29.44,58.88
ORD03285,PROD0060,Nail Polish Set,Beauty,2,16.35,32.7
ORD03285,PROD0020,Scarf,Clothing,2,12.21,24.42
ORD03286,PROD0080,Healthy Snack Box,Food & Grocery,1,23.63,23.63
ORD03286,PROD0079,Multivitamins,Food & Grocery,2,20.74,41.48
ORD03286,PROD0026,Cutting Board,Home & Kitchen,1,23.46,23.46
ORD03287,PROD0041,Python Programming,Books,3,41.14,123.42
ORD03288,PROD0068,Art & Craft Kit,Toys,2,13.06,26.12
ORD03288,PROD0074,Granola Mix,Food & Grocery,1,13.35,13.35
ORD03288,PROD0041,Python Programming,Books,3,41.14,123.42
ORD03289,PROD0008,Portable Monitor,Electronics,1,144.34,144.34
ORD03290,PROD0067,Card Game Pack,Toys,2,11.89,23.78
ORD03290,PROD0010,Tablet Stand,Electronics,2,16.34,32.68
ORD03290,PROD0062,Strategy Board Game,Toys,2,43.8,87.6
ORD03290,PROD0056,Hair Conditioner,Beauty,3,28.27,84.81
ORD03291,PROD0021,Coffee Maker,Home & Kitchen,2,168.93,337.86
ORD03291,PROD0053,Lipstick Set,Beauty,1,19.34,19.34
ORD03291,PROD0043,ML Engineering Guide,Books,2,29.52,59.04
ORD03291,PROD0006,Mechanical Keyboard,Electronics,1,151.5,151.5
ORD03292,PROD0042,Data Science Handbook,Books,3,26.6,79.8
ORD03292,PROD0005,Webcam,Electronics,2,143.11,286.22
ORD03292,PROD0013,Sneakers,Clothing,1,42.92,42.92
ORD03292,PROD0060,Nail Polish Set,Beauty,1,16.35,16.35
ORD03293,PROD0065,Collectible Doll,Toys,3,52.93,158.79
ORD03294,PROD0021,Coffee Maker,Home & Kitchen,3,168.93,506.79
ORD03294,PROD0080,Healthy Snack Box,Food & Grocery,1,23.63,23.63
ORD03295,PROD0017,Running Shorts,Clothing,2,23.82,47.64
ORD03295,PROD0031,Yoga Mat,Sports,3,68.43,205.29
ORD03295,PROD0022,Air Fryer,Home & Kitchen,1,143.78,143.78
ORD03296,PROD0066,RC Racing Car,Toys,3,74.32,222.96
ORD03296,PROD0061,LEGO Creator Set,Toys,1,99.16,99.16
ORD03296,PROD0080,Healthy Snack Box,Food & Grocery,3,23.63,70.89
ORD03296,PROD0072,Premium Coffee Beans,Food & Grocery,3,43.12,129.36
ORD03297,PROD0069,Science Experiment Kit,Toys,1,27.62,27.62
ORD03298,PROD0063,1000-Piece Puzzle,Toys,1,26.71,26.71
ORD03298,PROD0050,Graphic Novel,Books,1,18.57,18.57
ORD03299,PROD0080,Healthy Snack Box,Food & Grocery,2,23.63,47.26
ORD03300,PROD0046,Science Fiction Novel,Books,3,13.49,40.47
ORD03300,PROD0041,Python Programming,Books,3,41.14,123.42
ORD03300,PROD0070,Plush Stuffed Animal,Toys,3,16.69,50.07
ORD03300,PROD0053,Lipstick Set,Beauty,2,19.34,38.68
ORD03301,PROD0064,Action Figure,Toys,2,30.54,61.08
ORD03302,PROD0024,Toaster,Home & Kitchen,3,29.33,87.99
ORD03302,PROD0054,Foundation,Beauty,2,57.15,114.3
ORD03302,PROD0050,Graphic Novel,Books,1,18.57,18.57
ORD03302,PROD0055,Argan Shampoo,Beauty,2,29.44,58.88
ORD03303,PROD0007,Gaming Mouse,Electronics,1,109.76,109.76
ORD03303,PROD0034,Water Bottle,Sports,1,49.06,49.06
ORD03304,PROD0014,Winter Jacket,Clothing,3,87.84,263.52
ORD03304,PROD0026,Cutting Board,Home & Kitchen,2,23.46,46.92
ORD03305,PROD0020,Scarf,Clothing,3,12.21,36.63
ORD03306,PROD0046,Science Fiction Novel,Books,3,13.49,40.47
ORD03306,PROD0041,Python Programming,Books,1,41.14,41.14
ORD03306,PROD0044,Business Strategy,Books,1,25.81,25.81
ORD03307,PROD0029,LED Desk Lamp,Home & Kitchen,2,80.09,160.18
ORD03307,PROD0025,Knife Set,Home & Kitchen,3,144.87,434.61
ORD03308,PROD0072,Premium Coffee Beans,Food & Grocery,3,43.12,129.36
ORD03308,PROD0014,Winter Jacket,Clothing,3,87.84,263.52
ORD03308,PROD0028,Storage Organizer,Home & Kitchen,2,24.84,49.68
ORD03309,PROD0054,Foundation,Beauty,1,57.15,57.15
ORD03309,PROD0067,Card Game Pack,Toys,2,11.89,23.78
ORD03309,PROD0035,Running Shoes,Sports,1,99.21,99.21
ORD03309,PROD0064,Action Figure,Toys,1,30.54,30.54
ORD03310,PROD0051,Face Moisturizer,Beauty,1,39.06,39.06
ORD03310,PROD0005,Webcam,Electronics,3,143.11,429.33
ORD03310,PROD0014,Winter Jacket,Clothing,2,87.84,175.68
ORD03311,PROD0077,Mixed Nuts Pack,Food & Grocery,1,37.44,37.44
ORD03311,PROD0028,Storage Organizer,Home & Kitchen,1,24.84,24.84
ORD03312,PROD0031,Yoga Mat,Sports,3,68.43,205.29
ORD03313,PROD0004,USB-C Hub,Electronics,2,33.39,66.78
ORD03313,PROD0005,Webcam,Electronics,2,143.11,286.22
ORD03314,PROD0018,Ankle Socks,Clothing,3,13.84,41.52
ORD03314,PROD0062,Strategy Board Game,Toys,3,43.8,131.4
ORD03315,PROD0063,1000-Piece Puzzle,Toys,1,26.71,26.71
ORD03315,PROD0035,Running Shoes,Sports,3,99.21,297.63
ORD03316,PROD0032,Adjustable Dumbbells,Sports,1,159.46,159.46
ORD03317,PROD0076,Artisan Pasta,Food & Grocery,2,10.93,21.86
ORD03317,PROD0061,LEGO Creator Set,Toys,2,99.16,198.32
ORD03318,PROD0008,Portable Monitor,Electronics,3,144.34,433.02
ORD03318,PROD0043,ML Engineering Guide,Books,3,29.52,88.56
ORD03318,PROD0076,Artisan Pasta,Food & Grocery,3,10.93,32.79
ORD03319,PROD0067,Card Game Pack,Toys,2,11.89,23.78
ORD03319,PROD0058,Eye Cream,Beauty,3,71.04,213.12
ORD03319,PROD0078,Raw Honey,Food & Grocery,1,18.09,18.09
ORD03319,PROD0003,Bluetooth Speaker,Electronics,1,63.0,63.0
ORD03320,PROD0023,Blender,Home & Kitchen,3,60.62,181.86
ORD03320,PROD0078,Raw Honey,Food & Grocery,3,18.09,54.27
ORD03320,PROD0053,Lipstick Set,Beauty,2,19.34,38.68
ORD03320,PROD0043,ML Engineering Guide,Books,1,29.52,29.52
ORD03321,PROD0030,Throw Pillow,Home & Kitchen,3,42.17,126.51
ORD03321,PROD0065,Collectible Doll,Toys,3,52.93,158.79
ORD03321,PROD0033,Resistance Bands,Sports,1,26.09,26.09
ORD03321,PROD0011,T-Shirt,Clothing,3,18.75,56.25
ORD03322,PROD0025,Knife Set,Home & Kitchen,2,144.87,289.74
ORD03322,PROD0070,Plush Stuffed Animal,Toys,2,16.69,33.38
ORD03322,PROD0062,Strategy Board Game,Toys,3,43.8,131.4
ORD03322,PROD0060,Nail Polish Set,Beauty,1,16.35,16.35
ORD03323,PROD0035,Running Shoes,Sports,1,99.21,99.21
ORD03323,PROD0047,Cook Book,Books,3,17.53,52.59
ORD03323,PROD0038,Gym Bag,Sports,1,65.2,65.2
ORD03324,PROD0005,Webcam,Electronics,1,143.11,143.11
ORD03325,PROD0057,Perfume,Beauty,2,50.54,101.08
ORD03326,PROD0019,Cap,Clothing,2,34.28,68.56
ORD03327,PROD0049,Travel Photography,Books,1,39.07,39.07
ORD03327,PROD0047,Cook Book,Books,3,17.53,52.59
ORD03327,PROD0031,Yoga Mat,Sports,2,68.43,136.86
ORD03328,PROD0043,ML Engineering Guide,Books,2,29.52,59.04
ORD03328,PROD0074,Granola Mix,Food & Grocery,1,13.35,13.35
ORD03328,PROD0045,Self-Help Bestseller,Books,2,13.44,26.88
ORD03328,PROD0015,Summer Dress,Clothing,2,67.24,134.48
ORD03329,PROD0003,Bluetooth Speaker,Electronics,2,63.0,126.0
ORD03329,PROD0038,Gym Bag,Sports,1,65.2,65.2
ORD03330,PROD0042,Data Science Handbook,Books,2,26.6,53.2
ORD03330,PROD0007,Gaming Mouse,Electronics,1,109.76,109.76
ORD03331,PROD0033,Resistance Bands,Sports,2,26.09,52.18
ORD03331,PROD0028,Storage Organizer,Home & Kitchen,2,24.84,49.68
ORD03331,PROD0011,T-Shirt,Clothing,1,18.75,18.75
ORD03332,PROD0041,Python Programming,Books,2,41.14,82.28
ORD03332,PROD0065,Collectible Doll,Toys,2,52.93,105.86
ORD03333,PROD0059,Vitamin C Serum,Beauty,2,28.13,56.26
ORD03333,PROD0066,RC Racing Car,Toys,2,74.32,148.64
ORD03333,PROD0027,Mug Set,Home & Kitchen,3,18.25,54.75
ORD03333,PROD0010,Tablet Stand,Electronics,2,16.34,32.68
ORD03334,PROD0053,Lipstick Set,Beauty,2,19.34,38.68
ORD03334,PROD0013,Sneakers,Clothing,3,42.92,128.76
ORD03334,PROD0045,Self-Help Bestseller,Books,2,13.44,26.88
ORD03334,PROD0029,LED Desk Lamp,Home & Kitchen,3,80.09,240.27
ORD03335,PROD0052,SPF Sunscreen,Beauty,3,19.96,59.88
ORD03335,PROD0076,Artisan Pasta,Food & Grocery,2,10.93,21.86
ORD03335,PROD0046,Science Fiction Novel,Books,1,13.49,13.49
ORD03336,PROD0013,Sneakers,Clothing,2,42.92,85.84
ORD03336,PROD0036,Jump Rope,Sports,3,20.14,60.42
ORD03337,PROD0027,Mug Set,Home & Kitchen,3,18.25,54.75
ORD03337,PROD0066,RC Racing Car,Toys,2,74.32,148.64
ORD03337,PROD0044,Business Strategy,Books,1,25.81,25.81
ORD03338,PROD0027,Mug Set,Home & Kitchen,2,18.25,36.5
ORD03339,PROD0041,Python Programming,Books,3,41.14,123.42
ORD03339,PROD0008,Portable Monitor,Electronics,1,144.34,144.34
ORD03339,PROD0052,SPF Sunscreen,Beauty,2,19.96,39.92
ORD03339,PROD0051,Face Moisturizer,Beauty,1,39.06,39.06
ORD03340,PROD0068,Art & Craft Kit,Toys,3,13.06,39.18
ORD03340,PROD0072,Premium Coffee Beans,Food & Grocery,1,43.12,43.12
ORD03340,PROD0039,Protein Shaker,Sports,3,31.54,94.62
ORD03340,PROD0075,Extra Virgin Olive Oil,Food & Grocery,2,26.39,52.78
ORD03341,PROD0014,Winter Jacket,Clothing,2,87.84,175.68
ORD03341,PROD0018,Ankle Socks,Clothing,3,13.84,41.52
ORD03341,PROD0058,Eye Cream,Beauty,2,71.04,142.08
ORD03342,PROD0078,Raw Honey,Food & Grocery,1,18.09,18.09
ORD03343,PROD0067,Card Game Pack,Toys,2,11.89,23.78
ORD03344,PROD0028,Storage Organizer,Home & Kitchen,2,24.84,49.68
ORD03344,PROD0031,Yoga Mat,Sports,2,68.43,136.86
ORD03345,PROD0016,Hoodie,Clothing,1,57.25,57.25
ORD03345,PROD0036,Jump Rope,Sports,3,20.14,60.42
ORD03345,PROD0010,Tablet Stand,Electronics,1,16.34,16.34
ORD03345,PROD0021,Coffee Maker,Home & Kitchen,3,168.93,506.79
ORD03346,PROD0031,Yoga Mat,Sports,3,68.43,205.29
ORD03346,PROD0063,1000-Piece Puzzle,Toys,1,26.71,26.71
ORD03346,PROD0065,Collectible Doll,Toys,3,52.93,158.79
ORD03347,PROD0040,Fitness Tracker,Sports,3,99.28,297.84
ORD03347,PROD0063,1000-Piece Puzzle,Toys,1,26.71,26.71
ORD03347,PROD0023,Blender,Home & Kitchen,2,60.62,121.24
ORD03347,PROD0080,Healthy Snack Box,Food & Grocery,3,23.63,70.89
ORD03348,PROD0052,SPF Sunscreen,Beauty,1,19.96,19.96
ORD03348,PROD0020,Scarf,Clothing,1,12.21,12.21
ORD03348,PROD0039,Protein Shaker,Sports,1,31.54,31.54
ORD03349,PROD0059,Vitamin C Serum,Beauty,2,28.13,56.26
ORD03350,PROD0009,Phone Case,Electronics,3,22.66,67.98
ORD03350,PROD0066,RC Racing Car,Toys,2,74.32,148.64
ORD03350,PROD0004,USB-C Hub,Electronics,1,33.39,33.39
ORD03350,PROD0063,1000-Piece Puzzle,Toys,1,26.71,26.71
ORD03351,PROD0026,Cutting Board,Home & Kitchen,1,23.46,23.46
ORD03351,PROD0011,T-Shirt,Clothing,2,18.75,37.5
ORD03352,PROD0034,Water Bottle,Sports,2,49.06,98.12
ORD03352,PROD0039,Protein Shaker,Sports,3,31.54,94.62
ORD03352,PROD0043,ML Engineering Guide,Books,3,29.52,88.56
ORD03352,PROD0025,Knife Set,Home & Kitchen,3,144.87,434.61
ORD03353,PROD0055,Argan Shampoo,Beauty,2,29.44,58.88
ORD03354,PROD0049,Travel Photography,Books,2,39.07,78.14
ORD03354,PROD0028,Storage Organizer,Home & Kitchen,3,24.84,74.52
ORD03354,PROD0013,Sneakers,Clothing,3,42.92,128.76
ORD03355,PROD0067,Card Game Pack,Toys,1,11.89,11.89
ORD03355,PROD0012,Jeans,Clothing,2,65.37,130.74
ORD03355,PROD0027,Mug Set,Home & Kitchen,1,18.25,18.25
ORD03355,PROD0023,Blender,Home & Kitchen,3,60.62,181.86
ORD03356,PROD0058,Eye Cream,Beauty,3,71.04,213.12
ORD03356,PROD0022,Air Fryer,Home & Kitchen,3,143.78,431.34
ORD03356,PROD0053,Lipstick Set,Beauty,1,19.34,19.34
ORD03357,PROD0014,Winter Jacket,Clothing,1,87.84,87.84
ORD03357,PROD0079,Multivitamins,Food & Grocery,1,20.74,20.74
ORD03357,PROD0075,Extra Virgin Olive Oil,Food & Grocery,1,26.39,26.39
ORD03357,PROD0062,Strategy Board Game,Toys,3,43.8,131.4
ORD03358,PROD0063,1000-Piece Puzzle,Toys,1,26.71,26.71
ORD03358,PROD0045,Self-Help Bestseller,Books,2,13.44,26.88
ORD03359,PROD0012,Jeans,Clothing,3,65.37,196.11
ORD03359,PROD0039,Protein Shaker,Sports,3,31.54,94.62
ORD03359,PROD0061,LEGO Creator Set,Toys,1,99.16,99.16
ORD03359,PROD0077,Mixed Nuts Pack,Food & Grocery,1,37.44,37.44
ORD03360,PROD0023,Blender,Home & Kitchen,2,60.62,121.24
ORD03360,PROD0024,Toaster,Home & Kitchen,3,29.33,87.99
ORD03361,PROD0072,Premium Coffee Beans,Food & Grocery,3,43.12,129.36
ORD03361,PROD0045,Self-Help Bestseller,Books,1,13.44,13.44
ORD03362,PROD0038,Gym Bag,Sports,2,65.2,130.4
ORD03362,PROD0045,Self-Help Bestseller,Books,1,13.44,13.44
ORD03362,PROD0035,Running Shoes,Sports,3,99.21,297.63
ORD03363,PROD0074,Granola Mix,Food & Grocery,2,13.35,26.7
ORD03363,PROD0012,Jeans,Clothing,2,65.37,130.74
ORD03363,PROD0066,RC Racing Car,Toys,3,74.32,222.96
ORD03363,PROD0053,Lipstick Set,Beauty,2,19.34,38.68
ORD03364,PROD0033,Resistance Bands,Sports,2,26.09,52.18
ORD03365,PROD0037,Foam Roller,Sports,2,53.18,106.36
ORD03365,PROD0010,Tablet Stand,Electronics,3,16.34,49.02
ORD03366,PROD0053,Lipstick Set,Beauty,3,19.34,58.02
ORD03366,PROD0051,Face Moisturizer,Beauty,1,39.06,39.06
ORD03367,PROD0001,Wireless Headphones,Electronics,1,220.67,220.67
ORD03367,PROD0022,Air Fryer,Home & Kitchen,1,143.78,143.78
ORD03367,PROD0051,Face Moisturizer,Beauty,1,39.06,39.06
ORD03367,PROD0027,Mug Set,Home & Kitchen,1,18.25,18.25
ORD03368,PROD0001,Wireless Headphones,Electronics,1,220.67,220.67
ORD03368,PROD0006,Mechanical Keyboard,Electronics,1,151.5,151.5
ORD03369,PROD0080,Healthy Snack Box,Food & Grocery,3,23.63,70.89
ORD03370,PROD0079,Multivitamins,Food & Grocery,3,20.74,62.22
ORD03370,PROD0064,Action Figure,Toys,2,30.54,61.08
ORD03370,PROD0016,Hoodie,Clothing,1,57.25,57.25
ORD03371,PROD0059,Vitamin C Serum,Beauty,2,28.13,56.26
ORD03371,PROD0039,Protein Shaker,Sports,3,31.54,94.62
ORD03371,PROD0051,Face Moisturizer,Beauty,1,39.06,39.06
ORD03371,PROD0074,Granola Mix,Food & Grocery,1,13.35,13.35
ORD03372,PROD0079,Multivitamins,Food & Grocery,2,20.74,41.48
ORD03372,PROD0062,Strategy Board Game,Toys,2,43.8,87.6
ORD03373,PROD0059,Vitamin C Serum,Beauty,1,28.13,28.13
ORD03373,PROD0006,Mechanical Keyboard,Electronics,3,151.5,454.5
ORD03373,PROD0026,Cutting Board,Home & Kitchen,1,23.46,23.46
ORD03373,PROD0060,Nail Polish Set,Beauty,3,16.35,49.05
ORD03374,PROD0022,Air Fryer,Home & Kitchen,2,143.78,287.56
ORD03374,PROD0066,RC Racing Car,Toys,3,74.32,222.96
ORD03374,PROD0069,Science Experiment Kit,Toys,3,27.62,82.86
ORD03374,PROD0040,Fitness Tracker,Sports,3,99.28,297.84
ORD03375,PROD0039,Protein Shaker,Sports,3,31.54,94.62
ORD03376,PROD0016,Hoodie,Clothing,2,57.25,114.5
ORD03376,PROD0028,Storage Organizer,Home & Kitchen,1,24.84,24.84
ORD03377,PROD0032,Adjustable Dumbbells,Sports,3,159.46,478.38
ORD03377,PROD0021,Coffee Maker,Home & Kitchen,3,168.93,506.79
ORD03377,PROD0042,Data Science Handbook,Books,2,26.6,53.2
ORD03378,PROD0080,Healthy Snack Box,Food & Grocery,2,23.63,47.26
ORD03378,PROD0049,Travel Photography,Books,3,39.07,117.21
ORD03378,PROD0045,Self-Help Bestseller,Books,1,13.44,13.44
ORD03379,PROD0043,ML Engineering Guide,Books,3,29.52,88.56
ORD03380,PROD0061,LEGO Creator Set,Toys,2,99.16,198.32
ORD03380,PROD0032,Adjustable Dumbbells,Sports,2,159.46,318.92
ORD03380,PROD0019,Cap,Clothing,3,34.28,102.84
ORD03381,PROD0015,Summer Dress,Clothing,1,67.24,67.24
ORD03382,PROD0030,Throw Pillow,Home & Kitchen,1,42.17,42.17
ORD03382,PROD0028,Storage Organizer,Home & Kitchen,2,24.84,49.68
ORD03383,PROD0050,Graphic Novel,Books,1,18.57,18.57
ORD03383,PROD0046,Science Fiction Novel,Books,3,13.49,40.47
ORD03383,PROD0036,Jump Rope,Sports,1,20.14,20.14
ORD03384,PROD0018,Ankle Socks,Clothing,1,13.84,13.84
ORD03384,PROD0040,Fitness Tracker,Sports,3,99.28,297.84
ORD03384,PROD0058,Eye Cream,Beauty,1,71.04,71.04
ORD03385,PROD0044,Business Strategy,Books,1,25.81,25.81
ORD03386,PROD0033,Resistance Bands,Sports,2,26.09,52.18
ORD03386,PROD0061,LEGO Creator Set,Toys,2,99.16,198.32
ORD03386,PROD0027,Mug Set,Home & Kitchen,1,18.25,18.25
ORD03387,PROD0002,Smart Watch,Electronics,2,110.0,220.0
ORD03387,PROD0059,Vitamin C Serum,Beauty,3,28.13,84.39
ORD03387,PROD0005,Webcam,Electronics,3,143.11,429.33
ORD03387,PROD0051,Face Moisturizer,Beauty,3,39.06,117.18
ORD03388,PROD0065,Collectible Doll,Toys,3,52.93,158.79
ORD03389,PROD0026,Cutting Board,Home & Kitchen,1,23.46,23.46
ORD03390,PROD0075,Extra Virgin Olive Oil,Food & Grocery,2,26.39,52.78
ORD03391,PROD0032,Adjustable Dumbbells,Sports,3,159.46,478.38
ORD03391,PROD0064,Action Figure,Toys,1,30.54,30.54
ORD03391,PROD0030,Throw Pillow,Home & Kitchen,1,42.17,42.17
ORD03392,PROD0064,Action Figure,Toys,1,30.54,30.54
ORD03392,PROD0079,Multivitamins,Food & Grocery,2,20.74,41.48
ORD03392,PROD0017,Running Shorts,Clothing,1,23.82,23.82
ORD03393,PROD0036,Jump Rope,Sports,2,20.14,40.28
ORD03394,PROD0062,Strategy Board Game,Toys,2,43.8,87.6
ORD03394,PROD0020,Scarf,Clothing,3,12.21,36.63
ORD03394,PROD0022,Air Fryer,Home & Kitchen,2,143.78,287.56
ORD03394,PROD0036,Jump Rope,Sports,1,20.14,20.14
ORD03395,PROD0020,Scarf,Clothing,2,12.21,24.42
ORD03395,PROD0049,Travel Photography,Books,1,39.07,39.07
ORD03396,PROD0055,Argan Shampoo,Beauty,2,29.44,58.88
ORD03397,PROD0066,RC Racing Car,Toys,2,74.32,148.64
ORD03397,PROD0022,Air Fryer,Home & Kitchen,2,143.78,287.56
ORD03398,PROD0061,LEGO Creator Set,Toys,2,99.16,198.32
ORD03398,PROD0046,Science Fiction Novel,Books,2,13.49,26.98
ORD03398,PROD0056,Hair Conditioner,Beauty,3,28.27,84.81
ORD03398,PROD0051,Face Moisturizer,Beauty,1,39.06,39.06
ORD03399,PROD0059,Vitamin C Serum,Beauty,1,28.13,28.13
ORD03399,PROD0044,Business Strategy,Books,3,25.81,77.43
ORD03400,PROD0044,Business Strategy,Books,1,25.81,25.81
ORD03401,PROD0071,Whey Protein Bar,Food & Grocery,3,22.38,67.14
ORD03401,PROD0050,Graphic Novel,Books,2,18.57,37.14
ORD03401,PROD0069,Science Experiment Kit,Toys,2,27.62,55.24
ORD03401,PROD0054,Foundation,Beauty,2,57.15,114.3
ORD03402,PROD0047,Cook Book,Books,1,17.53,17.53
ORD03402,PROD0041,Python Programming,Books,2,41.14,82.28
ORD03402,PROD0028,Storage Organizer,Home & Kitchen,2,24.84,49.68
ORD03402,PROD0038,Gym Bag,Sports,3,65.2,195.6
ORD03403,PROD0048,World History,Books,1,25.51,25.51
ORD03403,PROD0026,Cutting Board,Home & Kitchen,1,23.46,23.46
ORD03403,PROD0004,USB-C Hub,Electronics,3,33.39,100.17
ORD03404,PROD0069,Science Experiment Kit,Toys,1,27.62,27.62
ORD03405,PROD0040,Fitness Tracker,Sports,3,99.28,297.84
ORD03405,PROD0031,Yoga Mat,Sports,1,68.43,68.43
ORD03405,PROD0006,Mechanical Keyboard,Electronics,2,151.5,303.0
ORD03405,PROD0020,Scarf,Clothing,3,12.21,36.63
ORD03406,PROD0062,Strategy Board Game,Toys,2,43.8,87.6
ORD03406,PROD0076,Artisan Pasta,Food & Grocery,3,10.93,32.79
ORD03407,PROD0076,Artisan Pasta,Food & Grocery,2,10.93,21.86
ORD03408,PROD0069,Science Experiment Kit,Toys,1,27.62,27.62
ORD03409,PROD0052,SPF Sunscreen,Beauty,3,19.96,59.88
ORD03409,PROD0020,Scarf,Clothing,2,12.21,24.42
ORD03409,PROD0056,Hair Conditioner,Beauty,2,28.27,56.54
ORD03410,PROD0007,Gaming Mouse,Electronics,1,109.76,109.76
ORD03410,PROD0045,Self-Help Bestseller,Books,1,13.44,13.44
ORD03410,PROD0029,LED Desk Lamp,Home & Kitchen,3,80.09,240.27
ORD03410,PROD0026,Cutting Board,Home & Kitchen,3,23.46,70.38
ORD03411,PROD0053,Lipstick Set,Beauty,2,19.34,38.68
ORD03411,PROD0080,Healthy Snack Box,Food & Grocery,2,23.63,47.26
ORD03411,PROD0013,Sneakers,Clothing,2,42.92,85.84
ORD03411,PROD0078,Raw Honey,Food & Grocery,3,18.09,54.27
ORD03412,PROD0051,Face Moisturizer,Beauty,3,39.06,117.18
ORD03412,PROD0002,Smart Watch,Electronics,1,110.0,110.0
ORD03413,PROD0058,Eye Cream,Beauty,2,71.04,142.08
ORD03413,PROD0055,Argan Shampoo,Beauty,1,29.44,29.44
ORD03414,PROD0021,Coffee Maker,Home & Kitchen,1,168.93,168.93
ORD03414,PROD0003,Bluetooth Speaker,Electronics,3,63.0,189.0
ORD03414,PROD0007,Gaming Mouse,Electronics,2,109.76,219.52
ORD03414,PROD0076,Artisan Pasta,Food & Grocery,1,10.93,10.93
ORD03415,PROD0075,Extra Virgin Olive Oil,Food & Grocery,3,26.39,79.17
ORD03415,PROD0049,Travel Photography,Books,1,39.07,39.07
ORD03415,PROD0012,Jeans,Clothing,2,65.37,130.74
ORD03416,PROD0017,Running Shorts,Clothing,2,23.82,47.64
ORD03416,PROD0010,Tablet Stand,Electronics,2,16.34,32.68
ORD03417,PROD0006,Mechanical Keyboard,Electronics,3,151.5,454.5
ORD03418,PROD0039,Protein Shaker,Sports,2,31.54,63.08
ORD03418,PROD0063,1000-Piece Puzzle,Toys,2,26.71,53.42
ORD03418,PROD0076,Artisan Pasta,Food & Grocery,2,10.93,21.86
ORD03419,PROD0006,Mechanical Keyboard,Electronics,3,151.5,454.5
ORD03419,PROD0080,Healthy Snack Box,Food & Grocery,2,23.63,47.26
ORD03420,PROD0002,Smart Watch,Electronics,2,110.0,220.0
ORD03420,PROD0078,Raw Honey,Food & Grocery,1,18.09,18.09
ORD03421,PROD0035,Running Shoes,Sports,3,99.21,297.63
ORD03421,PROD0058,Eye Cream,Beauty,3,71.04,213.12
ORD03422,PROD0014,Winter Jacket,Clothing,2,87.84,175.68
ORD03422,PROD0046,Science Fiction Novel,Books,1,13.49,13.49
ORD03423,PROD0040,Fitness Tracker,Sports,2,99.28,198.56
ORD03423,PROD0075,Extra Virgin Olive Oil,Food & Grocery,3,26.39,79.17
ORD03423,PROD0002,Smart Watch,Electronics,1,110.0,110.0
ORD03423,PROD0013,Sneakers,Clothing,1,42.92,42.92
ORD03424,PROD0063,1000-Piece Puzzle,Toys,3,26.71,80.13
ORD03424,PROD0036,Jump Rope,Sports,2,20.14,40.28
ORD03424,PROD0067,Card Game Pack,Toys,2,11.89,23.78
ORD03424,PROD0080,Healthy Snack Box,Food & Grocery,3,23.63,70.89
ORD03425,PROD0006,Mechanical Keyboard,Electronics,1,151.5,151.5
ORD03426,PROD0054,Foundation,Beauty,3,57.15,171.45
ORD03426,PROD0012,Jeans,Clothing,2,65.37,130.74
ORD03426,PROD0077,Mixed Nuts Pack,Food & Grocery,2,37.44,74.88
ORD03427,PROD0034,Water Bottle,Sports,3,49.06,147.18
ORD03427,PROD0015,Summer Dress,Clothing,2,67.24,134.48
ORD03427,PROD0066,RC Racing Car,Toys,3,74.32,222.96
ORD03427,PROD0056,Hair Conditioner,Beauty,1,28.27,28.27
ORD03428,PROD0008,Portable Monitor,Electronics,1,144.34,144.34
ORD03429,PROD0021,Coffee Maker,Home & Kitchen,1,168.93,168.93
ORD03430,PROD0026,Cutting Board,Home & Kitchen,1,23.46,23.46
ORD03430,PROD0075,Extra Virgin Olive Oil,Food & Grocery,1,26.39,26.39
ORD03430,PROD0004,USB-C Hub,Electronics,2,33.39,66.78
ORD03431,PROD0002,Smart Watch,Electronics,2,110.0,220.0
ORD03431,PROD0061,LEGO Creator Set,Toys,2,99.16,198.32
ORD03432,PROD0053,Lipstick Set,Beauty,3,19.34,58.02
ORD03432,PROD0003,Bluetooth Speaker,Electronics,3,63.0,189.0
ORD03432,PROD0056,Hair Conditioner,Beauty,3,28.27,84.81
ORD03432,PROD0034,Water Bottle,Sports,1,49.06,49.06
ORD03433,PROD0048,World History,Books,2,25.51,51.02
ORD03433,PROD0005,Webcam,Electronics,1,143.11,143.11
ORD03433,PROD0021,Coffee Maker,Home & Kitchen,3,168.93,506.79
ORD03434,PROD0039,Protein Shaker,Sports,3,31.54,94.62
ORD03434,PROD0040,Fitness Tracker,Sports,3,99.28,297.84
ORD03434,PROD0028,Storage Organizer,Home & Kitchen,1,24.84,24.84
ORD03435,PROD0039,Protein Shaker,Sports,2,31.54,63.08
ORD03435,PROD0046,Science Fiction Novel,Books,1,13.49,13.49
ORD03436,PROD0046,Science Fiction Novel,Books,2,13.49,26.98
ORD03436,PROD0060,Nail Polish Set,Beauty,2,16.35,32.7
ORD03436,PROD0048,World History,Books,1,25.51,25.51
ORD03437,PROD0032,Adjustable Dumbbells,Sports,1,159.46,159.46
ORD03437,PROD0013,Sneakers,Clothing,3,42.92,128.76
ORD03438,PROD0011,T-Shirt,Clothing,1,18.75,18.75
ORD03438,PROD0007,Gaming Mouse,Electronics,1,109.76,109.76
ORD03438,PROD0027,Mug Set,Home & Kitchen,3,18.25,54.75
ORD03438,PROD0043,ML Engineering Guide,Books,3,29.52,88.56
ORD03439,PROD0035,Running Shoes,Sports,1,99.21,99.21
ORD03439,PROD0072,Premium Coffee Beans,Food & Grocery,3,43.12,129.36
ORD03439,PROD0001,Wireless Headphones,Electronics,1,220.67,220.67
ORD03439,PROD0010,Tablet Stand,Electronics,3,16.34,49.02
ORD03440,PROD0032,Adjustable Dumbbells,Sports,1,159.46,159.46
ORD03440,PROD0044,Business Strategy,Books,3,25.81,77.43
ORD03440,PROD0057,Perfume,Beauty,3,50.54,151.62
ORD03440,PROD0012,Jeans,Clothing,1,65.37,65.37
ORD03441,PROD0001,Wireless Headphones,Electronics,2,220.67,441.34
ORD03441,PROD0059,Vitamin C Serum,Beauty,2,28.13,56.26
ORD03441,PROD0032,Adjustable Dumbbells,Sports,2,159.46,318.92
ORD03441,PROD0079,Multivitamins,Food & Grocery,3,20.74,62.22
ORD03442,PROD0059,Vitamin C Serum,Beauty,1,28.13,28.13
ORD03443,PROD0013,Sneakers,Clothing,1,42.92,42.92
ORD03443,PROD0078,Raw Honey,Food & Grocery,2,18.09,36.18
ORD03443,PROD0002,Smart Watch,Electronics,1,110.0,110.0
ORD03444,PROD0027,Mug Set,Home & Kitchen,3,18.25,54.75
ORD03444,PROD0018,Ankle Socks,Clothing,3,13.84,41.52
ORD03444,PROD0031,Yoga Mat,Sports,2,68.43,136.86
ORD03444,PROD0044,Business Strategy,Books,1,25.81,25.81
ORD03445,PROD0007,Gaming Mouse,Electronics,3,109.76,329.28
ORD03446,PROD0052,SPF Sunscreen,Beauty,1,19.96,19.96
ORD03447,PROD0049,Travel Photography,Books,1,39.07,39.07
ORD03447,PROD0038,Gym Bag,Sports,1,65.2,65.2
ORD03447,PROD0014,Winter Jacket,Clothing,1,87.84,87.84
ORD03447,PROD0012,Jeans,Clothing,1,65.37,65.37
ORD03448,PROD0042,Data Science Handbook,Books,3,26.6,79.8
ORD03448,PROD0034,Water Bottle,Sports,2,49.06,98.12
ORD03449,PROD0003,Bluetooth Speaker,Electronics,1,63.0,63.0
ORD03449,PROD0046,Science Fiction Novel,Books,2,13.49,26.98
ORD03450,PROD0045,Self-Help Bestseller,Books,2,13.44,26.88
ORD03450,PROD0006,Mechanical Keyboard,Electronics,1,151.5,151.5
ORD03450,PROD0071,Whey Protein Bar,Food & Grocery,3,22.38,67.14
ORD03451,PROD0067,Card Game Pack,Toys,2,11.89,23.78
ORD03452,PROD0052,SPF Sunscreen,Beauty,3,19.96,59.88
ORD03452,PROD0066,RC Racing Car,Toys,3,74.32,222.96
ORD03452,PROD0044,Business Strategy,Books,2,25.81,51.62
ORD03452,PROD0007,Gaming Mouse,Electronics,2,109.76,219.52
ORD03453,PROD0008,Portable Monitor,Electronics,3,144.34,433.02
ORD03454,PROD0058,Eye Cream,Beauty,1,71.04,71.04
ORD03454,PROD0023,Blender,Home & Kitchen,3,60.62,181.86
ORD03454,PROD0045,Self-Help Bestseller,Books,3,13.44,40.32
ORD03454,PROD0071,Whey Protein Bar,Food & Grocery,3,22.38,67.14
ORD03455,PROD0047,Cook Book,Books,1,17.53,17.53
ORD03455,PROD0074,Granola Mix,Food & Grocery,2,13.35,26.7
ORD03455,PROD0028,Storage Organizer,Home & Kitchen,2,24.84,49.68
ORD03455,PROD0052,SPF Sunscreen,Beauty,3,19.96,59.88
ORD03456,PROD0017,Running Shorts,Clothing,2,23.82,47.64
ORD03456,PROD0075,Extra Virgin Olive Oil,Food & Grocery,2,26.39,52.78
ORD03456,PROD0063,1000-Piece Puzzle,Toys,2,26.71,53.42
ORD03456,PROD0019,Cap,Clothing,2,34.28,68.56
ORD03457,PROD0043,ML Engineering Guide,Books,2,29.52,59.04
ORD03457,PROD0001,Wireless Headphones,Electronics,1,220.67,220.67
ORD03457,PROD0045,Self-Help Bestseller,Books,3,13.44,40.32
ORD03457,PROD0030,Throw Pillow,Home & Kitchen,3,42.17,126.51
ORD03458,PROD0055,Argan Shampoo,Beauty,3,29.44,88.32
ORD03458,PROD0030,Throw Pillow,Home & Kitchen,1,42.17,42.17
ORD03458,PROD0045,Self-Help Bestseller,Books,1,13.44,13.44
ORD03458,PROD0024,Toaster,Home & Kitchen,2,29.33,58.66
ORD03459,PROD0016,Hoodie,Clothing,1,57.25,57.25
ORD03459,PROD0009,Phone Case,Electronics,1,22.66,22.66
ORD03459,PROD0018,Ankle Socks,Clothing,3,13.84,41.52
ORD03460,PROD0003,Bluetooth Speaker,Electronics,1,63.0,63.0
ORD03460,PROD0050,Graphic Novel,Books,1,18.57,18.57
ORD03460,PROD0078,Raw Honey,Food & Grocery,2,18.09,36.18
ORD03461,PROD0048,World History,Books,3,25.51,76.53
ORD03461,PROD0064,Action Figure,Toys,2,30.54,61.08
ORD03462,PROD0062,Strategy Board Game,Toys,1,43.8,43.8
ORD03462,PROD0035,Running Shoes,Sports,2,99.21,198.42
ORD03462,PROD0037,Foam Roller,Sports,3,53.18,159.54
ORD03463,PROD0033,Resistance Bands,Sports,3,26.09,78.27
ORD03463,PROD0044,Business Strategy,Books,1,25.81,25.81
ORD03464,PROD0047,Cook Book,Books,1,17.53,17.53
ORD03464,PROD0048,World History,Books,3,25.51,76.53
ORD03465,PROD0078,Raw Honey,Food & Grocery,2,18.09,36.18
ORD03466,PROD0011,T-Shirt,Clothing,3,18.75,56.25
ORD03466,PROD0056,Hair Conditioner,Beauty,3,28.27,84.81
ORD03467,PROD0077,Mixed Nuts Pack,Food & Grocery,2,37.44,74.88
ORD03468,PROD0075,Extra Virgin Olive Oil,Food & Grocery,2,26.39,52.78
ORD03469,PROD0063,1000-Piece Puzzle,Toys,2,26.71,53.42
ORD03469,PROD0076,Artisan Pasta,Food & Grocery,3,10.93,32.79
ORD03469,PROD0053,Lipstick Set,Beauty,1,19.34,19.34
ORD03470,PROD0026,Cutting Board,Home & Kitchen,1,23.46,23.46
ORD03470,PROD0008,Portable Monitor,Electronics,1,144.34,144.34
ORD03470,PROD0044,Business Strategy,Books,2,25.81,51.62
ORD03470,PROD0031,Yoga Mat,Sports,2,68.43,136.86
ORD03471,PROD0029,LED Desk Lamp,Home & Kitchen,1,80.09,80.09
ORD03472,PROD0031,Yoga Mat,Sports,1,68.43,68.43
ORD03472,PROD0043,ML Engineering Guide,Books,3,29.52,88.56
ORD03472,PROD0023,Blender,Home & Kitchen,3,60.62,181.86
ORD03473,PROD0032,Adjustable Dumbbells,Sports,1,159.46,159.46
ORD03474,PROD0069,Science Experiment Kit,Toys,2,27.62,55.24
ORD03475,PROD0066,RC Racing Car,Toys,2,74.32,148.64
ORD03475,PROD0007,Gaming Mouse,Electronics,1,109.76,109.76
ORD03476,PROD0022,Air Fryer,Home & Kitchen,3,143.78,431.34
ORD03477,PROD0021,Coffee Maker,Home & Kitchen,1,168.93,168.93
ORD03478,PROD0043,ML Engineering Guide,Books,2,29.52,59.04
ORD03478,PROD0001,Wireless Headphones,Electronics,3,220.67,662.01
ORD03478,PROD0055,Argan Shampoo,Beauty,3,29.44,88.32
ORD03478,PROD0072,Premium Coffee Beans,Food & Grocery,3,43.12,129.36
ORD03479,PROD0030,Throw Pillow,Home & Kitchen,3,42.17,126.51
ORD03479,PROD0008,Portable Monitor,Electronics,2,144.34,288.68
ORD03480,PROD0041,Python Programming,Books,2,41.14,82.28
ORD03480,PROD0051,Face Moisturizer,Beauty,3,39.06,117.18
ORD03480,PROD0065,Collectible Doll,Toys,2,52.93,105.86
ORD03480,PROD0032,Adjustable Dumbbells,Sports,3,159.46,478.38
ORD03481,PROD0032,Adjustable Dumbbells,Sports,1,159.46,159.46
ORD03481,PROD0031,Yoga Mat,Sports,2,68.43,136.86
ORD03482,PROD0016,Hoodie,Clothing,3,57.25,171.75
ORD03482,PROD0005,Webcam,Electronics,3,143.11,429.33
ORD03482,PROD0048,World History,Books,3,25.51,76.53
ORD03483,PROD0056,Hair Conditioner,Beauty,2,28.27,56.54
ORD03483,PROD0054,Foundation,Beauty,2,57.15,114.3
ORD03484,PROD0056,Hair Conditioner,Beauty,3,28.27,84.81
ORD03485,PROD0006,Mechanical Keyboard,Electronics,1,151.5,151.5
ORD03485,PROD0018,Ankle Socks,Clothing,2,13.84,27.68
ORD03486,PROD0026,Cutting Board,Home & Kitchen,2,23.46,46.92
ORD03486,PROD0011,T-Shirt,Clothing,3,18.75,56.25
ORD03486,PROD0080,Healthy Snack Box,Food & Grocery,1,23.63,23.63
ORD03486,PROD0003,Bluetooth Speaker,Electronics,2,63.0,126.0
ORD03487,PROD0019,Cap,Clothing,1,34.28,34.28
ORD03487,PROD0030,Throw Pillow,Home & Kitchen,3,42.17,126.51
ORD03487,PROD0061,LEGO Creator Set,Toys,3,99.16,297.48
ORD03487,PROD0018,Ankle Socks,Clothing,2,13.84,27.68
ORD03488,PROD0067,Card Game Pack,Toys,2,11.89,23.78
ORD03488,PROD0054,Foundation,Beauty,3,57.15,171.45
ORD03488,PROD0058,Eye Cream,Beauty,1,71.04,71.04
ORD03488,PROD0042,Data Science Handbook,Books,1,26.6,26.6
ORD03489,PROD0073,Matcha Green Tea,Food & Grocery,1,31.91,31.91
ORD03490,PROD0065,Collectible Doll,Toys,2,52.93,105.86
ORD03491,PROD0059,Vitamin C Serum,Beauty,3,28.13,84.39
ORD03491,PROD0005,Webcam,Electronics,2,143.11,286.22
ORD03492,PROD0011,T-Shirt,Clothing,2,18.75,37.5
ORD03492,PROD0014,Winter Jacket,Clothing,1,87.84,87.84
ORD03492,PROD0001,Wireless Headphones,Electronics,3,220.67,662.01
ORD03492,PROD0070,Plush Stuffed Animal,Toys,1,16.69,16.69
ORD03493,PROD0040,Fitness Tracker,Sports,2,99.28,198.56
ORD03493,PROD0057,Perfume,Beauty,3,50.54,151.62
ORD03493,PROD0022,Air Fryer,Home & Kitchen,2,143.78,287.56
ORD03494,PROD0011,T-Shirt,Clothing,3,18.75,56.25
ORD03494,PROD0028,Storage Organizer,Home & Kitchen,1,24.84,24.84
ORD03494,PROD0022,Air Fryer,Home & Kitchen,3,143.78,431.34
ORD03495,PROD0032,Adjustable Dumbbells,Sports,3,159.46,478.38
ORD03495,PROD0012,Jeans,Clothing,1,65.37,65.37
ORD03495,PROD0042,Data Science Handbook,Books,2,26.6,53.2
ORD03495,PROD0029,LED Desk Lamp,Home & Kitchen,1,80.09,80.09
ORD03496,PROD0020,Scarf,Clothing,1,12.21,12.21
ORD03497,PROD0040,Fitness Tracker,Sports,1,99.28,99.28
ORD03497,PROD0043,ML Engineering Guide,Books,3,29.52,88.56
ORD03498,PROD0079,Multivitamins,Food & Grocery,3,20.74,62.22
ORD03498,PROD0030,Throw Pillow,Home & Kitchen,1,42.17,42.17
ORD03498,PROD0063,1000-Piece Puzzle,Toys,1,26.71,26.71
ORD03498,PROD0014,Winter Jacket,Clothing,2,87.84,175.68
ORD03499,PROD0065,Collectible Doll,Toys,1,52.93,52.93
ORD03499,PROD0072,Premium Coffee Beans,Food & Grocery,2,43.12,86.24
ORD03499,PROD0035,Running Shoes,Sports,1,99.21,99.21
ORD03499,PROD0059,Vitamin C Serum,Beauty,3,28.13,84.39
ORD03500,PROD0026,Cutting Board,Home & Kitchen,3,23.46,70.38
ORD03501,PROD0001,Wireless Headphones,Electronics,2,220.67,441.34
ORD03501,PROD0005,Webcam,Electronics,1,143.11,143.11
ORD03501,PROD0063,1000-Piece Puzzle,Toys,1,26.71,26.71
ORD03502,PROD0032,Adjustable Dumbbells,Sports,1,159.46,159.46
ORD03502,PROD0016,Hoodie,Clothing,2,57.25,114.5
ORD03502,PROD0076,Artisan Pasta,Food & Grocery,3,10.93,32.79
ORD03502,PROD0039,Protein Shaker,Sports,1,31.54,31.54
ORD03503,PROD0019,Cap,Clothing,3,34.28,102.84
ORD03504,PROD0070,Plush Stuffed Animal,Toys,1,16.69,16.69
ORD03504,PROD0012,Jeans,Clothing,2,65.37,130.74
ORD03505,PROD0030,Throw Pillow,Home & Kitchen,3,42.17,126.51
ORD03505,PROD0051,Face Moisturizer,Beauty,1,39.06,39.06
ORD03505,PROD0053,Lipstick Set,Beauty,2,19.34,38.68
ORD03505,PROD0080,Healthy Snack Box,Food & Grocery,3,23.63,70.89
ORD03506,PROD0049,Travel Photography,Books,1,39.07,39.07
ORD03506,PROD0052,SPF Sunscreen,Beauty,1,19.96,19.96
ORD03507,PROD0033,Resistance Bands,Sports,1,26.09,26.09
ORD03508,PROD0042,Data Science Handbook,Books,3,26.6,79.8
ORD03509,PROD0041,Python Programming,Books,3,41.14,123.42
ORD03510,PROD0049,Travel Photography,Books,1,39.07,39.07
ORD03510,PROD0024,Toaster,Home & Kitchen,3,29.33,87.99
ORD03511,PROD0043,ML Engineering Guide,Books,3,29.52,88.56
ORD03511,PROD0015,Summer Dress,Clothing,1,67.24,67.24
ORD03511,PROD0058,Eye Cream,Beauty,3,71.04,213.12
ORD03511,PROD0056,Hair Conditioner,Beauty,1,28.27,28.27
ORD03512,PROD0041,Python Programming,Books,3,41.14,123.42
ORD03512,PROD0007,Gaming Mouse,Electronics,1,109.76,109.76
ORD03512,PROD0073,Matcha Green Tea,Food & Grocery,1,31.91,31.91
ORD03513,PROD0053,Lipstick Set,Beauty,2,19.34,38.68
ORD03513,PROD0063,1000-Piece Puzzle,Toys,3,26.71,80.13
ORD03514,PROD0032,Adjustable Dumbbells,Sports,1,159.46,159.46
ORD03514,PROD0055,Argan Shampoo,Beauty,2,29.44,58.88
ORD03514,PROD0048,World History,Books,3,25.51,76.53
ORD03515,PROD0036,Jump Rope,Sports,3,20.14,60.42
ORD03515,PROD0009,Phone Case,Electronics,3,22.66,67.98
ORD03516,PROD0021,Coffee Maker,Home & Kitchen,3,168.93,506.79
ORD03517,PROD0047,Cook Book,Books,1,17.53,17.53
ORD03517,PROD0012,Jeans,Clothing,2,65.37,130.74
ORD03518,PROD0057,Perfume,Beauty,3,50.54,151.62
ORD03518,PROD0079,Multivitamins,Food & Grocery,2,20.74,41.48
ORD03519,PROD0021,Coffee Maker,Home & Kitchen,2,168.93,337.86
ORD03519,PROD0027,Mug Set,Home & Kitchen,1,18.25,18.25
ORD03519,PROD0049,Travel Photography,Books,1,39.07,39.07
ORD03519,PROD0068,Art & Craft Kit,Toys,2,13.06,26.12
ORD03520,PROD0036,Jump Rope,Sports,1,20.14,20.14
ORD03520,PROD0052,SPF Sunscreen,Beauty,3,19.96,59.88
ORD03520,PROD0042,Data Science Handbook,Books,3,26.6,79.8
ORD03520,PROD0024,Toaster,Home & Kitchen,1,29.33,29.33
ORD03521,PROD0069,Science Experiment Kit,Toys,1,27.62,27.62
ORD03522,PROD0013,Sneakers,Clothing,3,42.92,128.76
ORD03522,PROD0030,Throw Pillow,Home & Kitchen,3,42.17,126.51
ORD03523,PROD0060,Nail Polish Set,Beauty,3,16.35,49.05
ORD03523,PROD0055,Argan Shampoo,Beauty,1,29.44,29.44
ORD03523,PROD0047,Cook Book,Books,2,17.53,35.06
ORD03523,PROD0022,Air Fryer,Home & Kitchen,3,143.78,431.34
ORD03524,PROD0072,Premium Coffee Beans,Food & Grocery,2,43.12,86.24
ORD03524,PROD0030,Throw Pillow,Home & Kitchen,3,42.17,126.51
ORD03524,PROD0078,Raw Honey,Food & Grocery,2,18.09,36.18
ORD03525,PROD0065,Collectible Doll,Toys,1,52.93,52.93
ORD03525,PROD0013,Sneakers,Clothing,2,42.92,85.84
ORD03525,PROD0009,Phone Case,Electronics,3,22.66,67.98
ORD03525,PROD0027,Mug Set,Home & Kitchen,1,18.25,18.25
ORD03526,PROD0075,Extra Virgin Olive Oil,Food & Grocery,1,26.39,26.39
ORD03527,PROD0039,Protein Shaker,Sports,2,31.54,63.08
ORD03528,PROD0063,1000-Piece Puzzle,Toys,3,26.71,80.13
ORD03528,PROD0021,Coffee Maker,Home & Kitchen,3,168.93,506.79
ORD03529,PROD0066,RC Racing Car,Toys,1,74.32,74.32
ORD03529,PROD0061,LEGO Creator Set,Toys,3,99.16,297.48
ORD03530,PROD0063,1000-Piece Puzzle,Toys,2,26.71,53.42
ORD03530,PROD0076,Artisan Pasta,Food & Grocery,1,10.93,10.93
ORD03530,PROD0028,Storage Organizer,Home & Kitchen,3,24.84,74.52
ORD03530,PROD0062,Strategy Board Game,Toys,2,43.8,87.6
ORD03531,PROD0001,Wireless Headphones,Electronics,1,220.67,220.67
ORD03531,PROD0022,Air Fryer,Home & Kitchen,1,143.78,143.78
ORD03531,PROD0053,Lipstick Set,Beauty,3,19.34,58.02
ORD03532,PROD0052,SPF Sunscreen,Beauty,3,19.96,59.88
ORD03533,PROD0014,Winter Jacket,Clothing,1,87.84,87.84
ORD03533,PROD0024,Toaster,Home & Kitchen,3,29.33,87.99
ORD03533,PROD0026,Cutting Board,Home & Kitchen,2,23.46,46.92
ORD03534,PROD0048,World History,Books,2,25.51,51.02
ORD03534,PROD0064,Action Figure,Toys,2,30.54,61.08
ORD03535,PROD0049,Travel Photography,Books,3,39.07,117.21
ORD03535,PROD0011,T-Shirt,Clothing,1,18.75,18.75
ORD03535,PROD0025,Knife Set,Home & Kitchen,3,144.87,434.61
ORD03536,PROD0070,Plush Stuffed Animal,Toys,2,16.69,33.38
ORD03537,PROD0060,Nail Polish Set,Beauty,2,16.35,32.7
ORD03537,PROD0061,LEGO Creator Set,Toys,2,99.16,198.32
ORD03537,PROD0019,Cap,Clothing,3,34.28,102.84
ORD03537,PROD0022,Air Fryer,Home & Kitchen,1,143.78,143.78
ORD03538,PROD0003,Bluetooth Speaker,Electronics,2,63.0,126.0
ORD03538,PROD0061,LEGO Creator Set,Toys,2,99.16,198.32
ORD03538,PROD0023,Blender,Home & Kitchen,1,60.62,60.62
ORD03538,PROD0055,Argan Shampoo,Beauty,3,29.44,88.32
ORD03539,PROD0036,Jump Rope,Sports,2,20.14,40.28
ORD03539,PROD0021,Coffee Maker,Home & Kitchen,1,168.93,168.93
ORD03540,PROD0044,Business Strategy,Books,3,25.81,77.43
ORD03540,PROD0035,Running Shoes,Sports,3,99.21,297.63
ORD03540,PROD0016,Hoodie,Clothing,3,57.25,171.75
ORD03540,PROD0049,Travel Photography,Books,3,39.07,117.21
ORD03541,PROD0047,Cook Book,Books,1,17.53,17.53
ORD03541,PROD0061,LEGO Creator Set,Toys,1,99.16,99.16
ORD03541,PROD0011,T-Shirt,Clothing,3,18.75,56.25
ORD03542,PROD0076,Artisan Pasta,Food & Grocery,3,10.93,32.79
ORD03542,PROD0064,Action Figure,Toys,1,30.54,30.54
ORD03542,PROD0034,Water Bottle,Sports,2,49.06,98.12
ORD03542,PROD0009,Phone Case,Electronics,2,22.66,45.32
ORD03543,PROD0001,Wireless Headphones,Electronics,3,220.67,662.01
ORD03543,PROD0038,Gym Bag,Sports,1,65.2,65.2
ORD03544,PROD0039,Protein Shaker,Sports,2,31.54,63.08
ORD03544,PROD0035,Running Shoes,Sports,2,99.21,198.42
ORD03545,PROD0076,Artisan Pasta,Food & Grocery,2,10.93,21.86
ORD03545,PROD0012,Jeans,Clothing,3,65.37,196.11
ORD03545,PROD0027,Mug Set,Home & Kitchen,3,18.25,54.75
ORD03545,PROD0034,Water Bottle,Sports,3,49.06,147.18
ORD03546,PROD0065,Collectible Doll,Toys,3,52.93,158.79
ORD03547,PROD0004,USB-C Hub,Electronics,2,33.39,66.78
ORD03547,PROD0006,Mechanical Keyboard,Electronics,3,151.5,454.5
ORD03548,PROD0001,Wireless Headphones,Electronics,1,220.67,220.67
ORD03548,PROD0053,Lipstick Set,Beauty,2,19.34,38.68
ORD03548,PROD0064,Action Figure,Toys,2,30.54,61.08
ORD03548,PROD0040,Fitness Tracker,Sports,1,99.28,99.28
ORD03549,PROD0019,Cap,Clothing,3,34.28,102.84
ORD03549,PROD0056,Hair Conditioner,Beauty,3,28.27,84.81
ORD03550,PROD0019,Cap,Clothing,2,34.28,68.56
ORD03551,PROD0072,Premium Coffee Beans,Food & Grocery,3,43.12,129.36
ORD03551,PROD0055,Argan Shampoo,Beauty,3,29.44,88.32
ORD03551,PROD0020,Scarf,Clothing,1,12.21,12.21
ORD03552,PROD0041,Python Programming,Books,3,41.14,123.42
ORD03552,PROD0006,Mechanical Keyboard,Electronics,3,151.5,454.5
ORD03552,PROD0063,1000-Piece Puzzle,Toys,1,26.71,26.71
ORD03553,PROD0014,Winter Jacket,Clothing,2,87.84,175.68
ORD03553,PROD0016,Hoodie,Clothing,2,57.25,114.5
ORD03554,PROD0010,Tablet Stand,Electronics,2,16.34,32.68
ORD03554,PROD0050,Graphic Novel,Books,2,18.57,37.14
ORD03554,PROD0067,Card Game Pack,Toys,1,11.89,11.89
ORD03554,PROD0023,Blender,Home & Kitchen,2,60.62,121.24
ORD03555,PROD0036,Jump Rope,Sports,3,20.14,60.42
ORD03555,PROD0012,Jeans,Clothing,2,65.37,130.74
ORD03555,PROD0070,Plush Stuffed Animal,Toys,2,16.69,33.38
ORD03556,PROD0010,Tablet Stand,Electronics,1,16.34,16.34
ORD03556,PROD0011,T-Shirt,Clothing,3,18.75,56.25
ORD03556,PROD0005,Webcam,Electronics,1,143.11,143.11
ORD03557,PROD0049,Travel Photography,Books,3,39.07,117.21
ORD03557,PROD0056,Hair Conditioner,Beauty,3,28.27,84.81
ORD03557,PROD0005,Webcam,Electronics,1,143.11,143.11
ORD03558,PROD0058,Eye Cream,Beauty,1,71.04,71.04
ORD03558,PROD0044,Business Strategy,Books,1,25.81,25.81
ORD03558,PROD0071,Whey Protein Bar,Food & Grocery,3,22.38,67.14
ORD03559,PROD0069,Science Experiment Kit,Toys,1,27.62,27.62
ORD03559,PROD0019,Cap,Clothing,2,34.28,68.56
ORD03559,PROD0064,Action Figure,Toys,1,30.54,30.54
ORD03560,PROD0052,SPF Sunscreen,Beauty,2,19.96,39.92
ORD03560,PROD0045,Self-Help Bestseller,Books,2,13.44,26.88
ORD03560,PROD0031,Yoga Mat,Sports,3,68.43,205.29
ORD03560,PROD0046,Science Fiction Novel,Books,3,13.49,40.47
ORD03561,PROD0003,Bluetooth Speaker,Electronics,3,63.0,189.0
ORD03561,PROD0069,Science Experiment Kit,Toys,1,27.62,27.62
ORD03562,PROD0048,World History,Books,3,25.51,76.53
ORD03562,PROD0044,Business Strategy,Books,2,25.81,51.62
ORD03563,PROD0058,Eye Cream,Beauty,2,71.04,142.08
ORD03563,PROD0010,Tablet Stand,Electronics,1,16.34,16.34
ORD03563,PROD0014,Winter Jacket,Clothing,3,87.84,263.52
ORD03563,PROD0070,Plush Stuffed Animal,Toys,3,16.69,50.07
ORD03564,PROD0042,Data Science Handbook,Books,1,26.6,26.6
ORD03564,PROD0020,Scarf,Clothing,3,12.21,36.63
ORD03564,PROD0076,Artisan Pasta,Food & Grocery,1,10.93,10.93
ORD03564,PROD0032,Adjustable Dumbbells,Sports,2,159.46,318.92
ORD03565,PROD0011,T-Shirt,Clothing,1,18.75,18.75
ORD03565,PROD0026,Cutting Board,Home & Kitchen,1,23.46,23.46
ORD03565,PROD0050,Graphic Novel,Books,3,18.57,55.71
ORD03565,PROD0052,SPF Sunscreen,Beauty,2,19.96,39.92
ORD03566,PROD0018,Ankle Socks,Clothing,1,13.84,13.84
ORD03567,PROD0006,Mechanical Keyboard,Electronics,2,151.5,303.0
ORD03567,PROD0072,Premium Coffee Beans,Food & Grocery,2,43.12,86.24
ORD03568,PROD0057,Perfume,Beauty,3,50.54,151.62
ORD03568,PROD0016,Hoodie,Clothing,2,57.25,114.5
ORD03569,PROD0018,Ankle Socks,Clothing,2,13.84,27.68
ORD03569,PROD0080,Healthy Snack Box,Food & Grocery,3,23.63,70.89
ORD03569,PROD0020,Scarf,Clothing,2,12.21,24.42
ORD03569,PROD0050,Graphic Novel,Books,1,18.57,18.57
ORD03570,PROD0069,Science Experiment Kit,Toys,3,27.62,82.86
ORD03570,PROD0022,Air Fryer,Home & Kitchen,1,143.78,143.78
ORD03571,PROD0036,Jump Rope,Sports,3,20.14,60.42
ORD03571,PROD0040,Fitness Tracker,Sports,1,99.28,99.28
ORD03572,PROD0029,LED Desk Lamp,Home & Kitchen,1,80.09,80.09
ORD03573,PROD0079,Multivitamins,Food & Grocery,3,20.74,62.22
ORD03574,PROD0043,ML Engineering Guide,Books,2,29.52,59.04
ORD03574,PROD0002,Smart Watch,Electronics,3,110.0,330.0
ORD03575,PROD0075,Extra Virgin Olive Oil,Food & Grocery,1,26.39,26.39
ORD03576,PROD0020,Scarf,Clothing,3,12.21,36.63
ORD03576,PROD0060,Nail Polish Set,Beauty,1,16.35,16.35
ORD03576,PROD0031,Yoga Mat,Sports,2,68.43,136.86
ORD03576,PROD0033,Resistance Bands,Sports,2,26.09,52.18
ORD03577,PROD0053,Lipstick Set,Beauty,3,19.34,58.02
ORD03577,PROD0003,Bluetooth Speaker,Electronics,1,63.0,63.0
ORD03578,PROD0066,RC Racing Car,Toys,3,74.32,222.96
ORD03578,PROD0006,Mechanical Keyboard,Electronics,3,151.5,454.5
ORD03578,PROD0061,LEGO Creator Set,Toys,3,99.16,297.48
ORD03578,PROD0020,Scarf,Clothing,2,12.21,24.42
ORD03579,PROD0004,USB-C Hub,Electronics,1,33.39,33.39
ORD03579,PROD0068,Art & Craft Kit,Toys,1,13.06,13.06
ORD03580,PROD0011,T-Shirt,Clothing,1,18.75,18.75
ORD03580,PROD0040,Fitness Tracker,Sports,2,99.28,198.56
ORD03581,PROD0018,Ankle Socks,Clothing,1,13.84,13.84
ORD03581,PROD0008,Portable Monitor,Electronics,3,144.34,433.02
ORD03582,PROD0034,Water Bottle,Sports,2,49.06,98.12
ORD03583,PROD0075,Extra Virgin Olive Oil,Food & Grocery,1,26.39,26.39
ORD03583,PROD0027,Mug Set,Home & Kitchen,1,18.25,18.25
ORD03584,PROD0062,Strategy Board Game,Toys,3,43.8,131.4
ORD03584,PROD0051,Face Moisturizer,Beauty,1,39.06,39.06
ORD03584,PROD0012,Jeans,Clothing,1,65.37,65.37
ORD03584,PROD0021,Coffee Maker,Home & Kitchen,1,168.93,168.93
ORD03585,PROD0012,Jeans,Clothing,1,65.37,65.37
ORD03585,PROD0037,Foam Roller,Sports,2,53.18,106.36
ORD03585,PROD0067,Card Game Pack,Toys,3,11.89,35.67
ORD03586,PROD0068,Art & Craft Kit,Toys,1,13.06,13.06
ORD03586,PROD0071,Whey Protein Bar,Food & Grocery,2,22.38,44.76
ORD03586,PROD0008,Portable Monitor,Electronics,3,144.34,433.02
ORD03586,PROD0076,Artisan Pasta,Food & Grocery,3,10.93,32.79
ORD03587,PROD0043,ML Engineering Guide,Books,2,29.52,59.04
ORD03587,PROD0059,Vitamin C Serum,Beauty,1,28.13,28.13
ORD03587,PROD0055,Argan Shampoo,Beauty,2,29.44,58.88
ORD03587,PROD0070,Plush Stuffed Animal,Toys,3,16.69,50.07
ORD03588,PROD0027,Mug Set,Home & Kitchen,1,18.25,18.25
ORD03588,PROD0063,1000-Piece Puzzle,Toys,3,26.71,80.13
ORD03588,PROD0040,Fitness Tracker,Sports,2,99.28,198.56
ORD03589,PROD0072,Premium Coffee Beans,Food & Grocery,3,43.12,129.36
ORD03589,PROD0057,Perfume,Beauty,1,50.54,50.54
ORD03589,PROD0025,Knife Set,Home & Kitchen,3,144.87,434.61
ORD03589,PROD0077,Mixed Nuts Pack,Food & Grocery,2,37.44,74.88
ORD03590,PROD0047,Cook Book,Books,2,17.53,35.06
ORD03590,PROD0064,Action Figure,Toys,3,30.54,91.62
ORD03590,PROD0007,Gaming Mouse,Electronics,3,109.76,329.28
ORD03591,PROD0020,Scarf,Clothing,2,12.21,24.42
ORD03591,PROD0072,Premium Coffee Beans,Food & Grocery,3,43.12,129.36
ORD03591,PROD0037,Foam Roller,Sports,2,53.18,106.36
ORD03592,PROD0011,T-Shirt,Clothing,1,18.75,18.75
ORD03592,PROD0038,Gym Bag,Sports,3,65.2,195.6
ORD03592,PROD0056,Hair Conditioner,Beauty,2,28.27,56.54
ORD03593,PROD0026,Cutting Board,Home & Kitchen,1,23.46,23.46
ORD03593,PROD0046,Science Fiction Novel,Books,2,13.49,26.98
ORD03593,PROD0022,Air Fryer,Home & Kitchen,3,143.78,431.34
ORD03593,PROD0061,LEGO Creator Set,Toys,2,99.16,198.32
ORD03594,PROD0035,Running Shoes,Sports,2,99.21,198.42
ORD03594,PROD0019,Cap,Clothing,1,34.28,34.28
ORD03594,PROD0045,Self-Help Bestseller,Books,2,13.44,26.88
ORD03595,PROD0073,Matcha Green Tea,Food & Grocery,3,31.91,95.73
ORD03595,PROD0051,Face Moisturizer,Beauty,1,39.06,39.06
ORD03595,PROD0055,Argan Shampoo,Beauty,2,29.44,58.88
ORD03596,PROD0001,Wireless Headphones,Electronics,3,220.67,662.01
ORD03596,PROD0016,Hoodie,Clothing,2,57.25,114.5
ORD03596,PROD0006,Mechanical Keyboard,Electronics,3,151.5,454.5
ORD03596,PROD0027,Mug Set,Home & Kitchen,3,18.25,54.75
ORD03597,PROD0042,Data Science Handbook,Books,2,26.6,53.2
ORD03597,PROD0018,Ankle Socks,Clothing,3,13.84,41.52
ORD03597,PROD0015,Summer Dress,Clothing,1,67.24,67.24
ORD03597,PROD0036,Jump Rope,Sports,3,20.14,60.42
ORD03598,PROD0013,Sneakers,Clothing,3,42.92,128.76
ORD03598,PROD0045,Self-Help Bestseller,Books,1,13.44,13.44
ORD03598,PROD0068,Art & Craft Kit,Toys,2,13.06,26.12
ORD03599,PROD0008,Portable Monitor,Electronics,3,144.34,433.02
ORD03599,PROD0014,Winter Jacket,Clothing,2,87.84,175.68
ORD03600,PROD0042,Data Science Handbook,Books,3,26.6,79.8
ORD03600,PROD0041,Python Programming,Books,1,41.14,41.14
ORD03600,PROD0067,Card Game Pack,Toys,2,11.89,23.78
ORD03600,PROD0045,Self-Help Bestseller,Books,2,13.44,26.88
ORD03601,PROD0011,T-Shirt,Clothing,2,18.75,37.5
ORD03601,PROD0030,Throw Pillow,Home & Kitchen,2,42.17,84.34
ORD03602,PROD0077,Mixed Nuts Pack,Food & Grocery,3,37.44,112.32
ORD03602,PROD0012,Jeans,Clothing,2,65.37,130.74
ORD03602,PROD0071,Whey Protein Bar,Food & Grocery,1,22.38,22.38
ORD03603,PROD0073,Matcha Green Tea,Food & Grocery,1,31.91,31.91
ORD03603,PROD0055,Argan Shampoo,Beauty,3,29.44,88.32
ORD03604,PROD0009,Phone Case,Electronics,2,22.66,45.32
ORD03604,PROD0020,Scarf,Clothing,2,12.21,24.42
ORD03604,PROD0001,Wireless Headphones,Electronics,3,220.67,662.01
ORD03604,PROD0023,Blender,Home & Kitchen,2,60.62,121.24
ORD03605,PROD0055,Argan Shampoo,Beauty,3,29.44,88.32
ORD03606,PROD0079,Multivitamins,Food & Grocery,1,20.74,20.74
ORD03606,PROD0051,Face Moisturizer,Beauty,1,39.06,39.06
ORD03606,PROD0069,Science Experiment Kit,Toys,3,27.62,82.86
ORD03607,PROD0068,Art & Craft Kit,Toys,3,13.06,39.18
ORD03607,PROD0012,Jeans,Clothing,3,65.37,196.11
ORD03607,PROD0020,Scarf,Clothing,1,12.21,12.21
ORD03607,PROD0044,Business Strategy,Books,3,25.81,77.43
ORD03608,PROD0028,Storage Organizer,Home & Kitchen,2,24.84,49.68
ORD03608,PROD0040,Fitness Tracker,Sports,1,99.28,99.28
ORD03608,PROD0022,Air Fryer,Home & Kitchen,3,143.78,431.34
ORD03609,PROD0076,Artisan Pasta,Food & Grocery,3,10.93,32.79
ORD03609,PROD0023,Blender,Home & Kitchen,3,60.62,181.86
ORD03609,PROD0045,Self-Help Bestseller,Books,2,13.44,26.88
ORD03609,PROD0056,Hair Conditioner,Beauty,3,28.27,84.81
ORD03610,PROD0039,Protein Shaker,Sports,2,31.54,63.08
ORD03611,PROD0018,Ankle Socks,Clothing,3,13.84,41.52
ORD03612,PROD0079,Multivitamins,Food & Grocery,2,20.74,41.48
ORD03612,PROD0023,Blender,Home & Kitchen,1,60.62,60.62
ORD03612,PROD0042,Data Science Handbook,Books,2,26.6,53.2
ORD03613,PROD0037,Foam Roller,Sports,3,53.18,159.54
ORD03614,PROD0026,Cutting Board,Home & Kitchen,3,23.46,70.38
ORD03614,PROD0072,Premium Coffee Beans,Food & Grocery,2,43.12,86.24
ORD03615,PROD0030,Throw Pillow,Home & Kitchen,2,42.17,84.34
ORD03615,PROD0041,Python Programming,Books,1,41.14,41.14
ORD03615,PROD0018,Ankle Socks,Clothing,3,13.84,41.52
ORD03615,PROD0058,Eye Cream,Beauty,1,71.04,71.04
ORD03616,PROD0075,Extra Virgin Olive Oil,Food & Grocery,2,26.39,52.78
ORD03617,PROD0014,Winter Jacket,Clothing,2,87.84,175.68
ORD03617,PROD0013,Sneakers,Clothing,1,42.92,42.92
ORD03618,PROD0017,Running Shorts,Clothing,3,23.82,71.46
ORD03618,PROD0044,Business Strategy,Books,1,25.81,25.81
ORD03619,PROD0033,Resistance Bands,Sports,2,26.09,52.18
ORD03619,PROD0023,Blender,Home & Kitchen,1,60.62,60.62
ORD03619,PROD0046,Science Fiction Novel,Books,3,13.49,40.47
ORD03619,PROD0021,Coffee Maker,Home & Kitchen,2,168.93,337.86
ORD03620,PROD0079,Multivitamins,Food & Grocery,3,20.74,62.22
ORD03620,PROD0030,Throw Pillow,Home & Kitchen,2,42.17,84.34
ORD03621,PROD0052,SPF Sunscreen,Beauty,3,19.96,59.88
ORD03621,PROD0042,Data Science Handbook,Books,2,26.6,53.2
ORD03621,PROD0069,Science Experiment Kit,Toys,3,27.62,82.86
ORD03622,PROD0009,Phone Case,Electronics,1,22.66,22.66
ORD03623,PROD0064,Action Figure,Toys,1,30.54,30.54
ORD03624,PROD0042,Data Science Handbook,Books,1,26.6,26.6
ORD03624,PROD0078,Raw Honey,Food & Grocery,2,18.09,36.18
ORD03624,PROD0063,1000-Piece Puzzle,Toys,3,26.71,80.13
ORD03624,PROD0062,Strategy Board Game,Toys,2,43.8,87.6
ORD03625,PROD0017,Running Shorts,Clothing,2,23.82,47.64
ORD03626,PROD0024,Toaster,Home & Kitchen,3,29.33,87.99
ORD03627,PROD0071,Whey Protein Bar,Food & Grocery,3,22.38,67.14
ORD03627,PROD0039,Protein Shaker,Sports,3,31.54,94.62
ORD03628,PROD0006,Mechanical Keyboard,Electronics,2,151.5,303.0
ORD03629,PROD0002,Smart Watch,Electronics,1,110.0,110.0
ORD03629,PROD0053,Lipstick Set,Beauty,3,19.34,58.02
ORD03629,PROD0047,Cook Book,Books,1,17.53,17.53
ORD03630,PROD0003,Bluetooth Speaker,Electronics,2,63.0,126.0
ORD03631,PROD0015,Summer Dress,Clothing,2,67.24,134.48
ORD03631,PROD0062,Strategy Board Game,Toys,1,43.8,43.8
ORD03632,PROD0001,Wireless Headphones,Electronics,1,220.67,220.67
ORD03633,PROD0040,Fitness Tracker,Sports,3,99.28,297.84
ORD03633,PROD0012,Jeans,Clothing,2,65.37,130.74
ORD03633,PROD0044,Business Strategy,Books,3,25.81,77.43
ORD03633,PROD0047,Cook Book,Books,3,17.53,52.59
ORD03634,PROD0012,Jeans,Clothing,1,65.37,65.37
ORD03634,PROD0046,Science Fiction Novel,Books,2,13.49,26.98
ORD03635,PROD0080,Healthy Snack Box,Food & Grocery,1,23.63,23.63
ORD03635,PROD0058,Eye Cream,Beauty,1,71.04,71.04
ORD03635,PROD0035,Running Shoes,Sports,3,99.21,297.63
ORD03636,PROD0040,Fitness Tracker,Sports,1,99.28,99.28
ORD03637,PROD0065,Collectible Doll,Toys,1,52.93,52.93
ORD03637,PROD0079,Multivitamins,Food & Grocery,3,20.74,62.22
ORD03638,PROD0001,Wireless Headphones,Electronics,3,220.67,662.01
ORD03638,PROD0014,Winter Jacket,Clothing,1,87.84,87.84
ORD03638,PROD0013,Sneakers,Clothing,2,42.92,85.84
ORD03639,PROD0029,LED Desk Lamp,Home & Kitchen,2,80.09,160.18
ORD03639,PROD0002,Smart Watch,Electronics,2,110.0,220.0
ORD03640,PROD0069,Science Experiment Kit,Toys,2,27.62,55.24
ORD03640,PROD0037,Foam Roller,Sports,2,53.18,106.36
ORD03641,PROD0053,Lipstick Set,Beauty,3,19.34,58.02
ORD03641,PROD0027,Mug Set,Home & Kitchen,2,18.25,36.5
ORD03642,PROD0068,Art & Craft Kit,Toys,1,13.06,13.06
ORD03642,PROD0014,Winter Jacket,Clothing,3,87.84,263.52
ORD03642,PROD0071,Whey Protein Bar,Food & Grocery,2,22.38,44.76
ORD03642,PROD0031,Yoga Mat,Sports,1,68.43,68.43
ORD03643,PROD0035,Running Shoes,Sports,3,99.21,297.63
ORD03644,PROD0014,Winter Jacket,Clothing,2,87.84,175.68
ORD03644,PROD0016,Hoodie,Clothing,1,57.25,57.25
ORD03644,PROD0039,Protein Shaker,Sports,3,31.54,94.62
ORD03645,PROD0055,Argan Shampoo,Beauty,3,29.44,88.32
ORD03645,PROD0010,Tablet Stand,Electronics,3,16.34,49.02
ORD03646,PROD0028,Storage Organizer,Home & Kitchen,2,24.84,49.68
ORD03646,PROD0032,Adjustable Dumbbells,Sports,2,159.46,318.92
ORD03646,PROD0051,Face Moisturizer,Beauty,2,39.06,78.12
ORD03647,PROD0012,Jeans,Clothing,2,65.37,130.74
ORD03648,PROD0012,Jeans,Clothing,1,65.37,65.37
ORD03648,PROD0032,Adjustable Dumbbells,Sports,3,159.46,478.38
ORD03648,PROD0043,ML Engineering Guide,Books,3,29.52,88.56
ORD03648,PROD0065,Collectible Doll,Toys,1,52.93,52.93
ORD03649,PROD0071,Whey Protein Bar,Food & Grocery,2,22.38,44.76
ORD03649,PROD0010,Tablet Stand,Electronics,1,16.34,16.34
ORD03650,PROD0046,Science Fiction Novel,Books,2,13.49,26.98
ORD03651,PROD0021,Coffee Maker,Home & Kitchen,2,168.93,337.86
ORD03651,PROD0070,Plush Stuffed Animal,Toys,2,16.69,33.38
ORD03651,PROD0049,Travel Photography,Books,2,39.07,78.14
ORD03652,PROD0021,Coffee Maker,Home & Kitchen,3,168.93,506.79
ORD03652,PROD0012,Jeans,Clothing,2,65.37,130.74
ORD03653,PROD0080,Healthy Snack Box,Food & Grocery,2,23.63,47.26
ORD03654,PROD0017,Running Shorts,Clothing,2,23.82,47.64
ORD03654,PROD0069,Science Experiment Kit,Toys,1,27.62,27.62
ORD03655,PROD0049,Travel Photography,Books,2,39.07,78.14
ORD03656,PROD0003,Bluetooth Speaker,Electronics,1,63.0,63.0
ORD03656,PROD0029,LED Desk Lamp,Home & Kitchen,1,80.09,80.09
ORD03656,PROD0062,Strategy Board Game,Toys,2,43.8,87.6
ORD03656,PROD0017,Running Shorts,Clothing,2,23.82,47.64
ORD03657,PROD0068,Art & Craft Kit,Toys,1,13.06,13.06
ORD03657,PROD0066,RC Racing Car,Toys,1,74.32,74.32
ORD03657,PROD0004,USB-C Hub,Electronics,1,33.39,33.39
ORD03657,PROD0041,Python Programming,Books,3,41.14,123.42
ORD03658,PROD0070,Plush Stuffed Animal,Toys,2,16.69,33.38
ORD03658,PROD0033,Resistance Bands,Sports,2,26.09,52.18
ORD03658,PROD0034,Water Bottle,Sports,2,49.06,98.12
ORD03659,PROD0005,Webcam,Electronics,2,143.11,286.22
ORD03659,PROD0075,Extra Virgin Olive Oil,Food & Grocery,2,26.39,52.78
ORD03660,PROD0015,Summer Dress,Clothing,1,67.24,67.24
ORD03661,PROD0038,Gym Bag,Sports,1,65.2,65.2
ORD03661,PROD0007,Gaming Mouse,Electronics,3,109.76,329.28
ORD03661,PROD0066,RC Racing Car,Toys,2,74.32,148.64
ORD03661,PROD0014,Winter Jacket,Clothing,3,87.84,263.52
ORD03662,PROD0064,Action Figure,Toys,3,30.54,91.62
ORD03663,PROD0029,LED Desk Lamp,Home & Kitchen,2,80.09,160.18
ORD03663,PROD0035,Running Shoes,Sports,1,99.21,99.21
ORD03663,PROD0004,USB-C Hub,Electronics,1,33.39,33.39
ORD03663,PROD0036,Jump Rope,Sports,3,20.14,60.42
ORD03664,PROD0073,Matcha Green Tea,Food & Grocery,2,31.91,63.82
ORD03665,PROD0045,Self-Help Bestseller,Books,1,13.44,13.44
ORD03665,PROD0010,Tablet Stand,Electronics,3,16.34,49.02
ORD03666,PROD0008,Portable Monitor,Electronics,1,144.34,144.34
ORD03666,PROD0067,Card Game Pack,Toys,1,11.89,11.89
ORD03666,PROD0039,Protein Shaker,Sports,1,31.54,31.54
ORD03666,PROD0022,Air Fryer,Home & Kitchen,3,143.78,431.34
ORD03667,PROD0053,Lipstick Set,Beauty,1,19.34,19.34
ORD03667,PROD0029,LED Desk Lamp,Home & Kitchen,2,80.09,160.18
ORD03667,PROD0063,1000-Piece Puzzle,Toys,3,26.71,80.13
ORD03668,PROD0007,Gaming Mouse,Electronics,1,109.76,109.76
ORD03668,PROD0017,Running Shorts,Clothing,2,23.82,47.64
ORD03668,PROD0047,Cook Book,Books,2,17.53,35.06
ORD03668,PROD0033,Resistance Bands,Sports,1,26.09,26.09
ORD03669,PROD0014,Winter Jacket,Clothing,3,87.84,263.52
ORD03669,PROD0063,1000-Piece Puzzle,Toys,3,26.71,80.13
ORD03669,PROD0075,Extra Virgin Olive Oil,Food & Grocery,3,26.39,79.17
ORD03670,PROD0013,Sneakers,Clothing,1,42.92,42.92
ORD03670,PROD0004,USB-C Hub,Electronics,3,33.39,100.17
ORD03671,PROD0006,Mechanical Keyboard,Electronics,2,151.5,303.0
ORD03671,PROD0080,Healthy Snack Box,Food & Grocery,1,23.63,23.63
ORD03671,PROD0068,Art & Craft Kit,Toys,3,13.06,39.18
ORD03671,PROD0016,Hoodie,Clothing,1,57.25,57.25
ORD03672,PROD0019,Cap,Clothing,1,34.28,34.28
ORD03672,PROD0004,USB-C Hub,Electronics,2,33.39,66.78
ORD03673,PROD0033,Resistance Bands,Sports,3,26.09,78.27
ORD03673,PROD0068,Art & Craft Kit,Toys,3,13.06,39.18
ORD03674,PROD0037,Foam Roller,Sports,2,53.18,106.36
ORD03675,PROD0070,Plush Stuffed Animal,Toys,1,16.69,16.69
ORD03675,PROD0004,USB-C Hub,Electronics,3,33.39,100.17
ORD03675,PROD0042,Data Science Handbook,Books,2,26.6,53.2
ORD03676,PROD0048,World History,Books,1,25.51,25.51
ORD03676,PROD0019,Cap,Clothing,1,34.28,34.28
ORD03677,PROD0005,Webcam,Electronics,3,143.11,429.33
ORD03677,PROD0059,Vitamin C Serum,Beauty,1,28.13,28.13
ORD03677,PROD0004,USB-C Hub,Electronics,2,33.39,66.78
ORD03678,PROD0031,Yoga Mat,Sports,2,68.43,136.86
ORD03678,PROD0050,Graphic Novel,Books,1,18.57,18.57
ORD03678,PROD0064,Action Figure,Toys,3,30.54,91.62
ORD03679,PROD0007,Gaming Mouse,Electronics,3,109.76,329.28
ORD03679,PROD0061,LEGO Creator Set,Toys,1,99.16,99.16
ORD03680,PROD0001,Wireless Headphones,Electronics,1,220.67,220.67
ORD03680,PROD0040,Fitness Tracker,Sports,1,99.28,99.28
ORD03681,PROD0057,Perfume,Beauty,1,50.54,50.54
ORD03681,PROD0020,Scarf,Clothing,2,12.21,24.42
ORD03681,PROD0005,Webcam,Electronics,2,143.11,286.22
ORD03682,PROD0054,Foundation,Beauty,2,57.15,114.3
ORD03682,PROD0073,Matcha Green Tea,Food & Grocery,2,31.91,63.82
ORD03682,PROD0072,Premium Coffee Beans,Food & Grocery,2,43.12,86.24
ORD03683,PROD0034,Water Bottle,Sports,3,49.06,147.18
ORD03683,PROD0030,Throw Pillow,Home & Kitchen,3,42.17,126.51
ORD03684,PROD0008,Portable Monitor,Electronics,1,144.34,144.34
ORD03685,PROD0015,Summer Dress,Clothing,2,67.24,134.48
ORD03685,PROD0060,Nail Polish Set,Beauty,3,16.35,49.05
ORD03685,PROD0010,Tablet Stand,Electronics,1,16.34,16.34
ORD03686,PROD0004,USB-C Hub,Electronics,3,33.39,100.17
ORD03686,PROD0024,Toaster,Home & Kitchen,2,29.33,58.66
ORD03686,PROD0016,Hoodie,Clothing,1,57.25,57.25
ORD03687,PROD0029,LED Desk Lamp,Home & Kitchen,3,80.09,240.27
ORD03688,PROD0034,Water Bottle,Sports,3,49.06,147.18
ORD03688,PROD0078,Raw Honey,Food & Grocery,2,18.09,36.18
ORD03689,PROD0060,Nail Polish Set,Beauty,2,16.35,32.7
ORD03689,PROD0026,Cutting Board,Home & Kitchen,3,23.46,70.38
ORD03690,PROD0047,Cook Book,Books,1,17.53,17.53
ORD03690,PROD0076,Artisan Pasta,Food & Grocery,1,10.93,10.93
ORD03690,PROD0048,World History,Books,1,25.51,25.51
ORD03691,PROD0050,Graphic Novel,Books,3,18.57,55.71
ORD03691,PROD0048,World History,Books,3,25.51,76.53
ORD03692,PROD0055,Argan Shampoo,Beauty,2,29.44,58.88
ORD03692,PROD0020,Scarf,Clothing,1,12.21,12.21
ORD03692,PROD0059,Vitamin C Serum,Beauty,3,28.13,84.39
ORD03692,PROD0021,Coffee Maker,Home & Kitchen,3,168.93,506.79
ORD03693,PROD0074,Granola Mix,Food & Grocery,2,13.35,26.7
ORD03694,PROD0006,Mechanical Keyboard,Electronics,2,151.5,303.0
ORD03695,PROD0074,Granola Mix,Food & Grocery,3,13.35,40.05
ORD03695,PROD0033,Resistance Bands,Sports,3,26.09,78.27
ORD03696,PROD0053,Lipstick Set,Beauty,3,19.34,58.02
ORD03697,PROD0039,Protein Shaker,Sports,3,31.54,94.62
ORD03697,PROD0067,Card Game Pack,Toys,1,11.89,11.89
ORD03697,PROD0022,Air Fryer,Home & Kitchen,2,143.78,287.56
ORD03697,PROD0020,Scarf,Clothing,2,12.21,24.42
ORD03698,PROD0017,Running Shorts,Clothing,2,23.82,47.64
ORD03699,PROD0056,Hair Conditioner,Beauty,1,28.27,28.27
ORD03699,PROD0044,Business Strategy,Books,3,25.81,77.43
ORD03700,PROD0066,RC Racing Car,Toys,2,74.32,148.64
ORD03701,PROD0069,Science Experiment Kit,Toys,3,27.62,82.86
ORD03701,PROD0036,Jump Rope,Sports,3,20.14,60.42
ORD03702,PROD0051,Face Moisturizer,Beauty,3,39.06,117.18
ORD03703,PROD0044,Business Strategy,Books,3,25.81,77.43
ORD03704,PROD0043,ML Engineering Guide,Books,1,29.52,29.52
ORD03704,PROD0021,Coffee Maker,Home & Kitchen,3,168.93,506.79
ORD03704,PROD0037,Foam Roller,Sports,1,53.18,53.18
ORD03704,PROD0076,Artisan Pasta,Food & Grocery,1,10.93,10.93
ORD03705,PROD0047,Cook Book,Books,3,17.53,52.59
ORD03706,PROD0022,Air Fryer,Home & Kitchen,2,143.78,287.56
ORD03706,PROD0060,Nail Polish Set,Beauty,3,16.35,49.05
ORD03707,PROD0055,Argan Shampoo,Beauty,2,29.44,58.88
ORD03708,PROD0056,Hair Conditioner,Beauty,1,28.27,28.27
ORD03708,PROD0072,Premium Coffee Beans,Food & Grocery,3,43.12,129.36
ORD03708,PROD0063,1000-Piece Puzzle,Toys,2,26.71,53.42
ORD03708,PROD0054,Foundation,Beauty,2,57.15,114.3
ORD03709,PROD0036,Jump Rope,Sports,1,20.14,20.14
ORD03709,PROD0060,Nail Polish Set,Beauty,1,16.35,16.35
ORD03709,PROD0037,Foam Roller,Sports,2,53.18,106.36
ORD03709,PROD0069,Science Experiment Kit,Toys,1,27.62,27.62
ORD03710,PROD0013,Sneakers,Clothing,2,42.92,85.84
ORD03710,PROD0042,Data Science Handbook,Books,1,26.6,26.6
ORD03710,PROD0023,Blender,Home & Kitchen,2,60.62,121.24
ORD03710,PROD0030,Throw Pillow,Home & Kitchen,3,42.17,126.51
ORD03711,PROD0028,Storage Organizer,Home & Kitchen,2,24.84,49.68
ORD03711,PROD0054,Foundation,Beauty,3,57.15,171.45
ORD03711,PROD0065,Collectible Doll,Toys,3,52.93,158.79
ORD03712,PROD0010,Tablet Stand,Electronics,2,16.34,32.68
ORD03713,PROD0036,Jump Rope,Sports,1,20.14,20.14
ORD03713,PROD0023,Blender,Home & Kitchen,2,60.62,121.24
ORD03714,PROD0016,Hoodie,Clothing,2,57.25,114.5
ORD03714,PROD0051,Face Moisturizer,Beauty,1,39.06,39.06
ORD03714,PROD0045,Self-Help Bestseller,Books,1,13.44,13.44
ORD03715,PROD0019,Cap,Clothing,1,34.28,34.28
ORD03715,PROD0050,Graphic Novel,Books,1,18.57,18.57
ORD03716,PROD0016,Hoodie,Clothing,3,57.25,171.75
ORD03716,PROD0053,Lipstick Set,Beauty,3,19.34,58.02
ORD03716,PROD0046,Science Fiction Novel,Books,1,13.49,13.49
ORD03716,PROD0023,Blender,Home & Kitchen,3,60.62,181.86
ORD03717,PROD0052,SPF Sunscreen,Beauty,3,19.96,59.88
ORD03717,PROD0071,Whey Protein Bar,Food & Grocery,3,22.38,67.14
ORD03717,PROD0031,Yoga Mat,Sports,1,68.43,68.43
ORD03717,PROD0032,Adjustable Dumbbells,Sports,1,159.46,159.46
ORD03718,PROD0069,Science Experiment Kit,Toys,3,27.62,82.86
ORD03718,PROD0053,Lipstick Set,Beauty,2,19.34,38.68
ORD03718,PROD0043,ML Engineering Guide,Books,1,29.52,29.52
ORD03719,PROD0044,Business Strategy,Books,3,25.81,77.43
ORD03719,PROD0010,Tablet Stand,Electronics,2,16.34,32.68
ORD03720,PROD0030,Throw Pillow,Home & Kitchen,2,42.17,84.34
ORD03720,PROD0002,Smart Watch,Electronics,2,110.0,220.0
ORD03720,PROD0053,Lipstick Set,Beauty,1,19.34,19.34
ORD03720,PROD0029,LED Desk Lamp,Home & Kitchen,1,80.09,80.09
ORD03721,PROD0047,Cook Book,Books,2,17.53,35.06
ORD03722,PROD0063,1000-Piece Puzzle,Toys,3,26.71,80.13
ORD03723,PROD0011,T-Shirt,Clothing,2,18.75,37.5
ORD03723,PROD0012,Jeans,Clothing,2,65.37,130.74
ORD03724,PROD0010,Tablet Stand,Electronics,3,16.34,49.02
ORD03724,PROD0023,Blender,Home & Kitchen,2,60.62,121.24
ORD03724,PROD0047,Cook Book,Books,2,17.53,35.06
ORD03724,PROD0004,USB-C Hub,Electronics,3,33.39,100.17
ORD03725,PROD0078,Raw Honey,Food & Grocery,3,18.09,54.27
ORD03726,PROD0014,Winter Jacket,Clothing,1,87.84,87.84
ORD03726,PROD0035,Running Shoes,Sports,2,99.21,198.42
ORD03727,PROD0028,Storage Organizer,Home & Kitchen,1,24.84,24.84
ORD03728,PROD0029,LED Desk Lamp,Home & Kitchen,1,80.09,80.09
ORD03729,PROD0030,Throw Pillow,Home & Kitchen,2,42.17,84.34
ORD03729,PROD0074,Granola Mix,Food & Grocery,1,13.35,13.35
ORD03730,PROD0008,Portable Monitor,Electronics,1,144.34,144.34
ORD03731,PROD0041,Python Programming,Books,1,41.14,41.14
ORD03731,PROD0039,Protein Shaker,Sports,1,31.54,31.54
ORD03731,PROD0009,Phone Case,Electronics,1,22.66,22.66
ORD03732,PROD0050,Graphic Novel,Books,2,18.57,37.14
ORD03732,PROD0065,Collectible Doll,Toys,1,52.93,52.93
ORD03732,PROD0033,Resistance Bands,Sports,1,26.09,26.09
ORD03733,PROD0066,RC Racing Car,Toys,1,74.32,74.32
ORD03733,PROD0057,Perfume,Beauty,1,50.54,50.54
ORD03733,PROD0041,Python Programming,Books,1,41.14,41.14
ORD03734,PROD0043,ML Engineering Guide,Books,1,29.52,29.52
ORD03735,PROD0012,Jeans,Clothing,2,65.37,130.74
ORD03735,PROD0058,Eye Cream,Beauty,1,71.04,71.04
ORD03736,PROD0047,Cook Book,Books,1,17.53,17.53
ORD03736,PROD0020,Scarf,Clothing,3,12.21,36.63
ORD03737,PROD0068,Art & Craft Kit,Toys,3,13.06,39.18
ORD03737,PROD0016,Hoodie,Clothing,3,57.25,171.75
ORD03738,PROD0069,Science Experiment Kit,Toys,3,27.62,82.86
ORD03739,PROD0067,Card Game Pack,Toys,3,11.89,35.67
ORD03739,PROD0003,Bluetooth Speaker,Electronics,1,63.0,63.0
ORD03739,PROD0025,Knife Set,Home & Kitchen,3,144.87,434.61
ORD03739,PROD0002,Smart Watch,Electronics,3,110.0,330.0
ORD03740,PROD0030,Throw Pillow,Home & Kitchen,1,42.17,42.17
ORD03740,PROD0072,Premium Coffee Beans,Food & Grocery,2,43.12,86.24
ORD03740,PROD0079,Multivitamins,Food & Grocery,1,20.74,20.74
ORD03740,PROD0001,Wireless Headphones,Electronics,1,220.67,220.67
ORD03741,PROD0028,Storage Organizer,Home & Kitchen,3,24.84,74.52
ORD03742,PROD0070,Plush Stuffed Animal,Toys,1,16.69,16.69
ORD03742,PROD0014,Winter Jacket,Clothing,3,87.84,263.52
ORD03742,PROD0028,Storage Organizer,Home & Kitchen,2,24.84,49.68
ORD03742,PROD0068,Art & Craft Kit,Toys,3,13.06,39.18
ORD03743,PROD0007,Gaming Mouse,Electronics,2,109.76,219.52
ORD03744,PROD0053,Lipstick Set,Beauty,3,19.34,58.02
ORD03744,PROD0038,Gym Bag,Sports,2,65.2,130.4
ORD03744,PROD0039,Protein Shaker,Sports,2,31.54,63.08
ORD03745,PROD0003,Bluetooth Speaker,Electronics,1,63.0,63.0
ORD03745,PROD0068,Art & Craft Kit,Toys,1,13.06,13.06
ORD03745,PROD0071,Whey Protein Bar,Food & Grocery,1,22.38,22.38
ORD03745,PROD0011,T-Shirt,Clothing,1,18.75,18.75
ORD03746,PROD0003,Bluetooth Speaker,Electronics,1,63.0,63.0
ORD03746,PROD0001,Wireless Headphones,Electronics,1,220.67,220.67
ORD03746,PROD0011,T-Shirt,Clothing,2,18.75,37.5
ORD03747,PROD0022,Air Fryer,Home & Kitchen,1,143.78,143.78
ORD03748,PROD0010,Tablet Stand,Electronics,1,16.34,16.34
ORD03748,PROD0060,Nail Polish Set,Beauty,2,16.35,32.7
ORD03748,PROD0064,Action Figure,Toys,1,30.54,30.54
ORD03748,PROD0072,Premium Coffee Beans,Food & Grocery,2,43.12,86.24
ORD03749,PROD0006,Mechanical Keyboard,Electronics,2,151.5,303.0
ORD03749,PROD0012,Jeans,Clothing,3,65.37,196.11
ORD03750,PROD0027,Mug Set,Home & Kitchen,1,18.25,18.25
ORD03750,PROD0048,World History,Books,3,25.51,76.53
ORD03750,PROD0053,Lipstick Set,Beauty,3,19.34,58.02
ORD03751,PROD0028,Storage Organizer,Home & Kitchen,1,24.84,24.84
ORD03751,PROD0039,Protein Shaker,Sports,1,31.54,31.54
ORD03751,PROD0073,Matcha Green Tea,Food & Grocery,1,31.91,31.91
ORD03752,PROD0043,ML Engineering Guide,Books,1,29.52,29.52
ORD03752,PROD0038,Gym Bag,Sports,3,65.2,195.6
ORD03752,PROD0045,Self-Help Bestseller,Books,2,13.44,26.88
ORD03752,PROD0060,Nail Polish Set,Beauty,1,16.35,16.35
ORD03753,PROD0040,Fitness Tracker,Sports,3,99.28,297.84
ORD03754,PROD0011,T-Shirt,Clothing,3,18.75,56.25
ORD03755,PROD0026,Cutting Board,Home & Kitchen,3,23.46,70.38
ORD03755,PROD0048,World History,Books,2,25.51,51.02
ORD03755,PROD0043,ML Engineering Guide,Books,2,29.52,59.04
ORD03756,PROD0009,Phone Case,Electronics,2,22.66,45.32
ORD03756,PROD0046,Science Fiction Novel,Books,2,13.49,26.98
ORD03756,PROD0066,RC Racing Car,Toys,3,74.32,222.96
ORD03757,PROD0002,Smart Watch,Electronics,1,110.0,110.0
ORD03757,PROD0051,Face Moisturizer,Beauty,3,39.06,117.18
ORD03757,PROD0031,Yoga Mat,Sports,2,68.43,136.86
ORD03757,PROD0034,Water Bottle,Sports,2,49.06,98.12
ORD03758,PROD0036,Jump Rope,Sports,2,20.14,40.28
ORD03758,PROD0061,LEGO Creator Set,Toys,1,99.16,99.16
ORD03758,PROD0014,Winter Jacket,Clothing,3,87.84,263.52
ORD03759,PROD0023,Blender,Home & Kitchen,2,60.62,121.24
ORD03759,PROD0048,World History,Books,2,25.51,51.02
ORD03760,PROD0041,Python Programming,Books,1,41.14,41.14
ORD03760,PROD0004,USB-C Hub,Electronics,1,33.39,33.39
ORD03760,PROD0054,Foundation,Beauty,2,57.15,114.3
ORD03760,PROD0007,Gaming Mouse,Electronics,2,109.76,219.52
ORD03761,PROD0028,Storage Organizer,Home & Kitchen,3,24.84,74.52
ORD03762,PROD0025,Knife Set,Home & Kitchen,1,144.87,144.87
ORD03762,PROD0052,SPF Sunscreen,Beauty,2,19.96,39.92
ORD03762,PROD0065,Collectible Doll,Toys,1,52.93,52.93
ORD03762,PROD0053,Lipstick Set,Beauty,3,19.34,58.02
ORD03763,PROD0076,Artisan Pasta,Food & Grocery,2,10.93,21.86
ORD03763,PROD0007,Gaming Mouse,Electronics,1,109.76,109.76
ORD03763,PROD0004,USB-C Hub,Electronics,1,33.39,33.39
ORD03764,PROD0022,Air Fryer,Home & Kitchen,2,143.78,287.56
ORD03764,PROD0067,Card Game Pack,Toys,2,11.89,23.78
ORD03764,PROD0013,Sneakers,Clothing,3,42.92,128.76
ORD03764,PROD0061,LEGO Creator Set,Toys,1,99.16,99.16
ORD03765,PROD0025,Knife Set,Home & Kitchen,2,144.87,289.74
ORD03766,PROD0062,Strategy Board Game,Toys,2,43.8,87.6
ORD03766,PROD0023,Blender,Home & Kitchen,1,60.62,60.62
ORD03766,PROD0076,Artisan Pasta,Food & Grocery,2,10.93,21.86
ORD03767,PROD0026,Cutting Board,Home & Kitchen,1,23.46,23.46
ORD03768,PROD0078,Raw Honey,Food & Grocery,3,18.09,54.27
ORD03768,PROD0007,Gaming Mouse,Electronics,2,109.76,219.52
ORD03768,PROD0080,Healthy Snack Box,Food & Grocery,1,23.63,23.63
ORD03768,PROD0010,Tablet Stand,Electronics,1,16.34,16.34
ORD03769,PROD0071,Whey Protein Bar,Food & Grocery,1,22.38,22.38
ORD03769,PROD0042,Data Science Handbook,Books,3,26.6,79.8
ORD03770,PROD0043,ML Engineering Guide,Books,3,29.52,88.56
ORD03770,PROD0038,Gym Bag,Sports,2,65.2,130.4
ORD03770,PROD0003,Bluetooth Speaker,Electronics,1,63.0,63.0
ORD03771,PROD0031,Yoga Mat,Sports,2,68.43,136.86
ORD03771,PROD0003,Bluetooth Speaker,Electronics,2,63.0,126.0
ORD03771,PROD0049,Travel Photography,Books,2,39.07,78.14
ORD03772,PROD0038,Gym Bag,Sports,2,65.2,130.4
ORD03772,PROD0028,Storage Organizer,Home & Kitchen,2,24.84,49.68
ORD03773,PROD0073,Matcha Green Tea,Food & Grocery,3,31.91,95.73
ORD03773,PROD0006,Mechanical Keyboard,Electronics,1,151.5,151.5
ORD03774,PROD0056,Hair Conditioner,Beauty,2,28.27,56.54
ORD03775,PROD0038,Gym Bag,Sports,1,65.2,65.2
ORD03776,PROD0046,Science Fiction Novel,Books,2,13.49,26.98
ORD03776,PROD0076,Artisan Pasta,Food & Grocery,1,10.93,10.93
ORD03776,PROD0067,Card Game Pack,Toys,3,11.89,35.67
ORD03776,PROD0023,Blender,Home & Kitchen,2,60.62,121.24
ORD03777,PROD0050,Graphic Novel,Books,3,18.57,55.71
ORD03777,PROD0008,Portable Monitor,Electronics,3,144.34,433.02
ORD03778,PROD0071,Whey Protein Bar,Food & Grocery,2,22.38,44.76
ORD03779,PROD0047,Cook Book,Books,2,17.53,35.06
ORD03779,PROD0067,Card Game Pack,Toys,3,11.89,35.67
ORD03780,PROD0028,Storage Organizer,Home & Kitchen,1,24.84,24.84
ORD03780,PROD0019,Cap,Clothing,3,34.28,102.84
ORD03781,PROD0020,Scarf,Clothing,3,12.21,36.63
ORD03781,PROD0047,Cook Book,Books,3,17.53,52.59
ORD03781,PROD0039,Protein Shaker,Sports,2,31.54,63.08
ORD03781,PROD0025,Knife Set,Home & Kitchen,1,144.87,144.87
ORD03782,PROD0079,Multivitamins,Food & Grocery,2,20.74,41.48
ORD03782,PROD0055,Argan Shampoo,Beauty,2,29.44,58.88
ORD03782,PROD0059,Vitamin C Serum,Beauty,1,28.13,28.13
ORD03782,PROD0072,Premium Coffee Beans,Food & Grocery,2,43.12,86.24
ORD03783,PROD0037,Foam Roller,Sports,2,53.18,106.36
ORD03783,PROD0053,Lipstick Set,Beauty,2,19.34,38.68
ORD03783,PROD0034,Water Bottle,Sports,3,49.06,147.18
ORD03783,PROD0014,Winter Jacket,Clothing,3,87.84,263.52
ORD03784,PROD0037,Foam Roller,Sports,3,53.18,159.54
ORD03784,PROD0040,Fitness Tracker,Sports,3,99.28,297.84
ORD03784,PROD0011,T-Shirt,Clothing,2,18.75,37.5
ORD03784,PROD0052,SPF Sunscreen,Beauty,1,19.96,19.96
ORD03785,PROD0072,Premium Coffee Beans,Food & Grocery,2,43.12,86.24
ORD03785,PROD0047,Cook Book,Books,3,17.53,52.59
ORD03786,PROD0076,Artisan Pasta,Food & Grocery,1,10.93,10.93
ORD03786,PROD0072,Premium Coffee Beans,Food & Grocery,1,43.12,43.12
ORD03787,PROD0054,Foundation,Beauty,3,57.15,171.45
ORD03787,PROD0005,Webcam,Electronics,1,143.11,143.11
ORD03787,PROD0080,Healthy Snack Box,Food & Grocery,2,23.63,47.26
ORD03788,PROD0072,Premium Coffee Beans,Food & Grocery,2,43.12,86.24
ORD03788,PROD0080,Healthy Snack Box,Food & Grocery,3,23.63,70.89
ORD03789,PROD0003,Bluetooth Speaker,Electronics,3,63.0,189.0
ORD03789,PROD0055,Argan Shampoo,Beauty,1,29.44,29.44
ORD03790,PROD0069,Science Experiment Kit,Toys,3,27.62,82.86
ORD03790,PROD0068,Art & Craft Kit,Toys,1,13.06,13.06
ORD03790,PROD0070,Plush Stuffed Animal,Toys,3,16.69,50.07
ORD03791,PROD0039,Protein Shaker,Sports,3,31.54,94.62
ORD03791,PROD0066,RC Racing Car,Toys,3,74.32,222.96
ORD03792,PROD0012,Jeans,Clothing,3,65.37,196.11
ORD03793,PROD0037,Foam Roller,Sports,2,53.18,106.36
ORD03793,PROD0039,Protein Shaker,Sports,1,31.54,31.54
ORD03794,PROD0067,Card Game Pack,Toys,2,11.89,23.78
ORD03794,PROD0075,Extra Virgin Olive Oil,Food & Grocery,3,26.39,79.17
ORD03794,PROD0021,Coffee Maker,Home & Kitchen,1,168.93,168.93
ORD03794,PROD0037,Foam Roller,Sports,2,53.18,106.36
ORD03795,PROD0071,Whey Protein Bar,Food & Grocery,1,22.38,22.38
ORD03796,PROD0038,Gym Bag,Sports,1,65.2,65.2
ORD03796,PROD0041,Python Programming,Books,2,41.14,82.28
ORD03796,PROD0046,Science Fiction Novel,Books,3,13.49,40.47
ORD03797,PROD0078,Raw Honey,Food & Grocery,3,18.09,54.27
ORD03797,PROD0076,Artisan Pasta,Food & Grocery,1,10.93,10.93
ORD03798,PROD0011,T-Shirt,Clothing,3,18.75,56.25
ORD03799,PROD0038,Gym Bag,Sports,1,65.2,65.2
ORD03799,PROD0036,Jump Rope,Sports,1,20.14,20.14
ORD03799,PROD0044,Business Strategy,Books,3,25.81,77.43
ORD03799,PROD0043,ML Engineering Guide,Books,1,29.52,29.52
ORD03800,PROD0035,Running Shoes,Sports,2,99.21,198.42
ORD03800,PROD0040,Fitness Tracker,Sports,1,99.28,99.28
ORD03800,PROD0052,SPF Sunscreen,Beauty,3,19.96,59.88
ORD03801,PROD0015,Summer Dress,Clothing,1,67.24,67.24
ORD03801,PROD0080,Healthy Snack Box,Food & Grocery,1,23.63,23.63
ORD03802,PROD0071,Whey Protein Bar,Food & Grocery,2,22.38,44.76
ORD03803,PROD0040,Fitness Tracker,Sports,3,99.28,297.84
ORD03803,PROD0077,Mixed Nuts Pack,Food & Grocery,1,37.44,37.44
ORD03803,PROD0010,Tablet Stand,Electronics,2,16.34,32.68
ORD03803,PROD0006,Mechanical Keyboard,Electronics,2,151.5,303.0
ORD03804,PROD0055,Argan Shampoo,Beauty,3,29.44,88.32
ORD03804,PROD0025,Knife Set,Home & Kitchen,3,144.87,434.61
ORD03804,PROD0038,Gym Bag,Sports,3,65.2,195.6
ORD03804,PROD0042,Data Science Handbook,Books,3,26.6,79.8
ORD03805,PROD0014,Winter Jacket,Clothing,3,87.84,263.52
ORD03805,PROD0080,Healthy Snack Box,Food & Grocery,2,23.63,47.26
ORD03805,PROD0079,Multivitamins,Food & Grocery,2,20.74,41.48
ORD03806,PROD0060,Nail Polish Set,Beauty,3,16.35,49.05
ORD03806,PROD0058,Eye Cream,Beauty,3,71.04,213.12
ORD03806,PROD0055,Argan Shampoo,Beauty,1,29.44,29.44
ORD03806,PROD0039,Protein Shaker,Sports,2,31.54,63.08
ORD03807,PROD0009,Phone Case,Electronics,1,22.66,22.66
ORD03807,PROD0063,1000-Piece Puzzle,Toys,1,26.71,26.71
ORD03808,PROD0012,Jeans,Clothing,1,65.37,65.37
ORD03808,PROD0014,Winter Jacket,Clothing,1,87.84,87.84
ORD03808,PROD0053,Lipstick Set,Beauty,2,19.34,38.68
ORD03808,PROD0070,Plush Stuffed Animal,Toys,3,16.69,50.07
ORD03809,PROD0047,Cook Book,Books,2,17.53,35.06
ORD03809,PROD0037,Foam Roller,Sports,2,53.18,106.36
ORD03809,PROD0072,Premium Coffee Beans,Food & Grocery,2,43.12,86.24
ORD03809,PROD0010,Tablet Stand,Electronics,3,16.34,49.02
ORD03810,PROD0030,Throw Pillow,Home & Kitchen,3,42.17,126.51
ORD03811,PROD0039,Protein Shaker,Sports,1,31.54,31.54
ORD03812,PROD0001,Wireless Headphones,Electronics,1,220.67,220.67
ORD03812,PROD0033,Resistance Bands,Sports,2,26.09,52.18
ORD03812,PROD0013,Sneakers,Clothing,1,42.92,42.92
ORD03812,PROD0039,Protein Shaker,Sports,3,31.54,94.62
ORD03813,PROD0055,Argan Shampoo,Beauty,2,29.44,58.88
ORD03813,PROD0057,Perfume,Beauty,1,50.54,50.54
ORD03813,PROD0038,Gym Bag,Sports,1,65.2,65.2
ORD03814,PROD0029,LED Desk Lamp,Home & Kitchen,1,80.09,80.09
ORD03814,PROD0010,Tablet Stand,Electronics,1,16.34,16.34
ORD03814,PROD0034,Water Bottle,Sports,1,49.06,49.06
ORD03814,PROD0009,Phone Case,Electronics,3,22.66,67.98
ORD03815,PROD0014,Winter Jacket,Clothing,2,87.84,175.68
ORD03815,PROD0056,Hair Conditioner,Beauty,2,28.27,56.54
ORD03815,PROD0016,Hoodie,Clothing,2,57.25,114.5
ORD03815,PROD0072,Premium Coffee Beans,Food & Grocery,1,43.12,43.12
ORD03816,PROD0040,Fitness Tracker,Sports,1,99.28,99.28
ORD03816,PROD0067,Card Game Pack,Toys,2,11.89,23.78
ORD03816,PROD0021,Coffee Maker,Home & Kitchen,3,168.93,506.79
ORD03816,PROD0063,1000-Piece Puzzle,Toys,2,26.71,53.42
ORD03817,PROD0067,Card Game Pack,Toys,1,11.89,11.89
ORD03817,PROD0044,Business Strategy,Books,2,25.81,51.62
ORD03817,PROD0059,Vitamin C Serum,Beauty,3,28.13,84.39
ORD03817,PROD0004,USB-C Hub,Electronics,3,33.39,100.17
ORD03818,PROD0037,Foam Roller,Sports,1,53.18,53.18
ORD03819,PROD0049,Travel Photography,Books,3,39.07,117.21
ORD03819,PROD0037,Foam Roller,Sports,3,53.18,159.54
ORD03820,PROD0078,Raw Honey,Food & Grocery,2,18.09,36.18
ORD03821,PROD0030,Throw Pillow,Home & Kitchen,3,42.17,126.51
ORD03821,PROD0061,LEGO Creator Set,Toys,1,99.16,99.16
ORD03822,PROD0017,Running Shorts,Clothing,1,23.82,23.82
ORD03823,PROD0011,T-Shirt,Clothing,2,18.75,37.5
ORD03824,PROD0025,Knife Set,Home & Kitchen,2,144.87,289.74
ORD03825,PROD0067,Card Game Pack,Toys,2,11.89,23.78
ORD03825,PROD0046,Science Fiction Novel,Books,1,13.49,13.49
ORD03825,PROD0029,LED Desk Lamp,Home & Kitchen,3,80.09,240.27
ORD03825,PROD0034,Water Bottle,Sports,3,49.06,147.18
ORD03826,PROD0066,RC Racing Car,Toys,1,74.32,74.32
ORD03826,PROD0031,Yoga Mat,Sports,2,68.43,136.86
ORD03827,PROD0072,Premium Coffee Beans,Food & Grocery,3,43.12,129.36
ORD03827,PROD0042,Data Science Handbook,Books,1,26.6,26.6
ORD03828,PROD0033,Resistance Bands,Sports,1,26.09,26.09
ORD03828,PROD0066,RC Racing Car,Toys,1,74.32,74.32
ORD03828,PROD0022,Air Fryer,Home & Kitchen,1,143.78,143.78
ORD03828,PROD0020,Scarf,Clothing,2,12.21,24.42
ORD03829,PROD0028,Storage Organizer,Home & Kitchen,2,24.84,49.68
ORD03829,PROD0079,Multivitamins,Food & Grocery,3,20.74,62.22
ORD03829,PROD0021,Coffee Maker,Home & Kitchen,1,168.93,168.93
ORD03830,PROD0038,Gym Bag,Sports,2,65.2,130.4
ORD03831,PROD0007,Gaming Mouse,Electronics,1,109.76,109.76
ORD03832,PROD0017,Running Shorts,Clothing,3,23.82,71.46
ORD03832,PROD0027,Mug Set,Home & Kitchen,1,18.25,18.25
ORD03832,PROD0024,Toaster,Home & Kitchen,3,29.33,87.99
ORD03832,PROD0080,Healthy Snack Box,Food & Grocery,2,23.63,47.26
ORD03833,PROD0057,Perfume,Beauty,2,50.54,101.08
ORD03833,PROD0064,Action Figure,Toys,3,30.54,91.62
ORD03833,PROD0006,Mechanical Keyboard,Electronics,2,151.5,303.0
ORD03834,PROD0060,Nail Polish Set,Beauty,2,16.35,32.7
ORD03834,PROD0003,Bluetooth Speaker,Electronics,3,63.0,189.0
ORD03835,PROD0052,SPF Sunscreen,Beauty,1,19.96,19.96
ORD03835,PROD0013,Sneakers,Clothing,3,42.92,128.76
ORD03835,PROD0020,Scarf,Clothing,3,12.21,36.63
ORD03835,PROD0028,Storage Organizer,Home & Kitchen,3,24.84,74.52
ORD03836,PROD0040,Fitness Tracker,Sports,1,99.28,99.28
ORD03837,PROD0052,SPF Sunscreen,Beauty,2,19.96,39.92
ORD03837,PROD0072,Premium Coffee Beans,Food & Grocery,3,43.12,129.36
ORD03837,PROD0013,Sneakers,Clothing,1,42.92,42.92
ORD03837,PROD0073,Matcha Green Tea,Food & Grocery,3,31.91,95.73
ORD03838,PROD0057,Perfume,Beauty,1,50.54,50.54
ORD03838,PROD0012,Jeans,Clothing,2,65.37,130.74
ORD03839,PROD0011,T-Shirt,Clothing,1,18.75,18.75
ORD03839,PROD0053,Lipstick Set,Beauty,2,19.34,38.68
ORD03839,PROD0033,Resistance Bands,Sports,2,26.09,52.18
ORD03840,PROD0004,USB-C Hub,Electronics,3,33.39,100.17
ORD03841,PROD0018,Ankle Socks,Clothing,2,13.84,27.68
ORD03841,PROD0027,Mug Set,Home & Kitchen,3,18.25,54.75
ORD03842,PROD0055,Argan Shampoo,Beauty,3,29.44,88.32
ORD03843,PROD0060,Nail Polish Set,Beauty,2,16.35,32.7
ORD03843,PROD0013,Sneakers,Clothing,2,42.92,85.84
ORD03843,PROD0038,Gym Bag,Sports,1,65.2,65.2
ORD03844,PROD0065,Collectible Doll,Toys,3,52.93,158.79
ORD03845,PROD0050,Graphic Novel,Books,3,18.57,55.71
ORD03845,PROD0013,Sneakers,Clothing,1,42.92,42.92
ORD03846,PROD0028,Storage Organizer,Home & Kitchen,1,24.84,24.84
ORD03846,PROD0014,Winter Jacket,Clothing,1,87.84,87.84
ORD03846,PROD0026,Cutting Board,Home & Kitchen,3,23.46,70.38
ORD03846,PROD0010,Tablet Stand,Electronics,3,16.34,49.02
ORD03847,PROD0049,Travel Photography,Books,1,39.07,39.07
ORD03847,PROD0045,Self-Help Bestseller,Books,3,13.44,40.32
ORD03847,PROD0030,Throw Pillow,Home & Kitchen,3,42.17,126.51
ORD03847,PROD0011,T-Shirt,Clothing,2,18.75,37.5
ORD03848,PROD0066,RC Racing Car,Toys,2,74.32,148.64
ORD03848,PROD0056,Hair Conditioner,Beauty,1,28.27,28.27
ORD03848,PROD0079,Multivitamins,Food & Grocery,1,20.74,20.74
ORD03849,PROD0034,Water Bottle,Sports,2,49.06,98.12
ORD03849,PROD0026,Cutting Board,Home & Kitchen,1,23.46,23.46
ORD03849,PROD0054,Foundation,Beauty,1,57.15,57.15
ORD03850,PROD0039,Protein Shaker,Sports,2,31.54,63.08
ORD03850,PROD0067,Card Game Pack,Toys,1,11.89,11.89
ORD03850,PROD0013,Sneakers,Clothing,1,42.92,42.92
ORD03851,PROD0076,Artisan Pasta,Food & Grocery,1,10.93,10.93
ORD03851,PROD0066,RC Racing Car,Toys,2,74.32,148.64
ORD03852,PROD0020,Scarf,Clothing,3,12.21,36.63
ORD03852,PROD0072,Premium Coffee Beans,Food & Grocery,3,43.12,129.36
ORD03852,PROD0006,Mechanical Keyboard,Electronics,3,151.5,454.5
ORD03852,PROD0071,Whey Protein Bar,Food & Grocery,2,22.38,44.76
ORD03853,PROD0022,Air Fryer,Home & Kitchen,3,143.78,431.34
ORD03854,PROD0002,Smart Watch,Electronics,3,110.0,330.0
ORD03854,PROD0019,Cap,Clothing,3,34.28,102.84
ORD03854,PROD0056,Hair Conditioner,Beauty,2,28.27,56.54
ORD03854,PROD0042,Data Science Handbook,Books,2,26.6,53.2
ORD03855,PROD0077,Mixed Nuts Pack,Food & Grocery,1,37.44,37.44
ORD03855,PROD0007,Gaming Mouse,Electronics,3,109.76,329.28
ORD03855,PROD0020,Scarf,Clothing,2,12.21,24.42
ORD03855,PROD0048,World History,Books,3,25.51,76.53
ORD03856,PROD0048,World History,Books,3,25.51,76.53
ORD03857,PROD0021,Coffee Maker,Home & Kitchen,3,168.93,506.79
ORD03857,PROD0055,Argan Shampoo,Beauty,1,29.44,29.44
ORD03858,PROD0007,Gaming Mouse,Electronics,2,109.76,219.52
ORD03858,PROD0068,Art & Craft Kit,Toys,3,13.06,39.18
ORD03858,PROD0004,USB-C Hub,Electronics,1,33.39,33.39
ORD03858,PROD0042,Data Science Handbook,Books,2,26.6,53.2
ORD03859,PROD0013,Sneakers,Clothing,2,42.92,85.84
ORD03860,PROD0065,Collectible Doll,Toys,3,52.93,158.79
ORD03860,PROD0063,1000-Piece Puzzle,Toys,1,26.71,26.71
ORD03860,PROD0038,Gym Bag,Sports,1,65.2,65.2
ORD03860,PROD0036,Jump Rope,Sports,1,20.14,20.14
ORD03861,PROD0046,Science Fiction Novel,Books,3,13.49,40.47
ORD03861,PROD0006,Mechanical Keyboard,Electronics,2,151.5,303.0
ORD03862,PROD0050,Graphic Novel,Books,2,18.57,37.14
ORD03862,PROD0078,Raw Honey,Food & Grocery,2,18.09,36.18
ORD03863,PROD0016,Hoodie,Clothing,2,57.25,114.5
ORD03864,PROD0024,Toaster,Home & Kitchen,1,29.33,29.33
ORD03864,PROD0063,1000-Piece Puzzle,Toys,2,26.71,53.42
ORD03865,PROD0056,Hair Conditioner,Beauty,3,28.27,84.81
ORD03865,PROD0034,Water Bottle,Sports,2,49.06,98.12
ORD03866,PROD0023,Blender,Home & Kitchen,3,60.62,181.86
ORD03867,PROD0034,Water Bottle,Sports,2,49.06,98.12
ORD03867,PROD0054,Foundation,Beauty,1,57.15,57.15
ORD03868,PROD0021,Coffee Maker,Home & Kitchen,3,168.93,506.79
ORD03868,PROD0017,Running Shorts,Clothing,1,23.82,23.82
ORD03869,PROD0069,Science Experiment Kit,Toys,1,27.62,27.62
ORD03869,PROD0013,Sneakers,Clothing,3,42.92,128.76
ORD03869,PROD0001,Wireless Headphones,Electronics,3,220.67,662.01
ORD03870,PROD0010,Tablet Stand,Electronics,1,16.34,16.34
ORD03870,PROD0076,Artisan Pasta,Food & Grocery,2,10.93,21.86
ORD03871,PROD0070,Plush Stuffed Animal,Toys,1,16.69,16.69
ORD03871,PROD0074,Granola Mix,Food & Grocery,3,13.35,40.05
ORD03872,PROD0006,Mechanical Keyboard,Electronics,2,151.5,303.0
ORD03872,PROD0051,Face Moisturizer,Beauty,2,39.06,78.12
ORD03873,PROD0054,Foundation,Beauty,1,57.15,57.15
ORD03873,PROD0045,Self-Help Bestseller,Books,1,13.44,13.44
ORD03873,PROD0080,Healthy Snack Box,Food & Grocery,3,23.63,70.89
ORD03874,PROD0025,Knife Set,Home & Kitchen,3,144.87,434.61
ORD03875,PROD0076,Artisan Pasta,Food & Grocery,2,10.93,21.86
ORD03875,PROD0003,Bluetooth Speaker,Electronics,2,63.0,126.0
ORD03875,PROD0028,Storage Organizer,Home & Kitchen,1,24.84,24.84
ORD03876,PROD0001,Wireless Headphones,Electronics,3,220.67,662.01
ORD03876,PROD0015,Summer Dress,Clothing,2,67.24,134.48
ORD03876,PROD0049,Travel Photography,Books,1,39.07,39.07
ORD03877,PROD0008,Portable Monitor,Electronics,1,144.34,144.34
ORD03878,PROD0079,Multivitamins,Food & Grocery,1,20.74,20.74
ORD03878,PROD0071,Whey Protein Bar,Food & Grocery,2,22.38,44.76
ORD03878,PROD0021,Coffee Maker,Home & Kitchen,1,168.93,168.93
ORD03879,PROD0045,Self-Help Bestseller,Books,2,13.44,26.88
ORD03879,PROD0059,Vitamin C Serum,Beauty,2,28.13,56.26
ORD03879,PROD0069,Science Experiment Kit,Toys,2,27.62,55.24
ORD03880,PROD0001,Wireless Headphones,Electronics,1,220.67,220.67
ORD03881,PROD0061,LEGO Creator Set,Toys,3,99.16,297.48
ORD03881,PROD0047,Cook Book,Books,1,17.53,17.53
ORD03881,PROD0004,USB-C Hub,Electronics,2,33.39,66.78
ORD03881,PROD0027,Mug Set,Home & Kitchen,2,18.25,36.5
ORD03882,PROD0059,Vitamin C Serum,Beauty,1,28.13,28.13
ORD03882,PROD0042,Data Science Handbook,Books,3,26.6,79.8
ORD03882,PROD0002,Smart Watch,Electronics,3,110.0,330.0
ORD03883,PROD0026,Cutting Board,Home & Kitchen,1,23.46,23.46
ORD03883,PROD0061,LEGO Creator Set,Toys,2,99.16,198.32
ORD03883,PROD0063,1000-Piece Puzzle,Toys,2,26.71,53.42
ORD03884,PROD0050,Graphic Novel,Books,1,18.57,18.57
ORD03884,PROD0076,Artisan Pasta,Food & Grocery,3,10.93,32.79
ORD03884,PROD0042,Data Science Handbook,Books,3,26.6,79.8
ORD03885,PROD0063,1000-Piece Puzzle,Toys,1,26.71,26.71
ORD03886,PROD0046,Science Fiction Novel,Books,1,13.49,13.49
ORD03886,PROD0070,Plush Stuffed Animal,Toys,2,16.69,33.38
ORD03886,PROD0029,LED Desk Lamp,Home & Kitchen,2,80.09,160.18
ORD03886,PROD0044,Business Strategy,Books,3,25.81,77.43
ORD03887,PROD0078,Raw Honey,Food & Grocery,2,18.09,36.18
ORD03887,PROD0069,Science Experiment Kit,Toys,2,27.62,55.24
ORD03888,PROD0007,Gaming Mouse,Electronics,3,109.76,329.28
ORD03889,PROD0049,Travel Photography,Books,3,39.07,117.21
ORD03890,PROD0056,Hair Conditioner,Beauty,2,28.27,56.54
ORD03890,PROD0035,Running Shoes,Sports,1,99.21,99.21
ORD03891,PROD0009,Phone Case,Electronics,1,22.66,22.66
ORD03892,PROD0077,Mixed Nuts Pack,Food & Grocery,2,37.44,74.88
ORD03892,PROD0056,Hair Conditioner,Beauty,2,28.27,56.54
ORD03893,PROD0055,Argan Shampoo,Beauty,3,29.44,88.32
ORD03893,PROD0033,Resistance Bands,Sports,2,26.09,52.18
ORD03893,PROD0060,Nail Polish Set,Beauty,1,16.35,16.35
ORD03894,PROD0050,Graphic Novel,Books,1,18.57,18.57
ORD03894,PROD0041,Python Programming,Books,3,41.14,123.42
ORD03895,PROD0046,Science Fiction Novel,Books,1,13.49,13.49
ORD03895,PROD0009,Phone Case,Electronics,2,22.66,45.32
ORD03896,PROD0033,Resistance Bands,Sports,3,26.09,78.27
ORD03896,PROD0042,Data Science Handbook,Books,2,26.6,53.2
ORD03896,PROD0076,Artisan Pasta,Food & Grocery,2,10.93,21.86
ORD03896,PROD0052,SPF Sunscreen,Beauty,3,19.96,59.88
ORD03897,PROD0070,Plush Stuffed Animal,Toys,3,16.69,50.07
ORD03897,PROD0040,Fitness Tracker,Sports,1,99.28,99.28
ORD03897,PROD0038,Gym Bag,Sports,1,65.2,65.2
ORD03897,PROD0019,Cap,Clothing,3,34.28,102.84
ORD03898,PROD0037,Foam Roller,Sports,1,53.18,53.18
ORD03898,PROD0017,Running Shorts,Clothing,1,23.82,23.82
ORD03898,PROD0043,ML Engineering Guide,Books,3,29.52,88.56
ORD03899,PROD0052,SPF Sunscreen,Beauty,1,19.96,19.96
ORD03899,PROD0006,Mechanical Keyboard,Electronics,3,151.5,454.5
ORD03899,PROD0022,Air Fryer,Home & Kitchen,2,143.78,287.56
ORD03899,PROD0019,Cap,Clothing,1,34.28,34.28
ORD03900,PROD0035,Running Shoes,Sports,3,99.21,297.63
ORD03901,PROD0059,Vitamin C Serum,Beauty,3,28.13,84.39
ORD03901,PROD0047,Cook Book,Books,3,17.53,52.59
ORD03902,PROD0061,LEGO Creator Set,Toys,3,99.16,297.48
ORD03903,PROD0033,Resistance Bands,Sports,2,26.09,52.18
ORD03903,PROD0013,Sneakers,Clothing,1,42.92,42.92
ORD03904,PROD0077,Mixed Nuts Pack,Food & Grocery,3,37.44,112.32
ORD03904,PROD0047,Cook Book,Books,3,17.53,52.59
ORD03904,PROD0061,LEGO Creator Set,Toys,1,99.16,99.16
ORD03905,PROD0026,Cutting Board,Home & Kitchen,1,23.46,23.46
ORD03905,PROD0053,Lipstick Set,Beauty,2,19.34,38.68
ORD03905,PROD0030,Throw Pillow,Home & Kitchen,2,42.17,84.34
ORD03906,PROD0010,Tablet Stand,Electronics,3,16.34,49.02
ORD03906,PROD0028,Storage Organizer,Home & Kitchen,3,24.84,74.52
ORD03907,PROD0024,Toaster,Home & Kitchen,2,29.33,58.66
ORD03907,PROD0002,Smart Watch,Electronics,2,110.0,220.0
ORD03908,PROD0014,Winter Jacket,Clothing,1,87.84,87.84
ORD03908,PROD0012,Jeans,Clothing,2,65.37,130.74
ORD03909,PROD0057,Perfume,Beauty,1,50.54,50.54
ORD03909,PROD0032,Adjustable Dumbbells,Sports,2,159.46,318.92
ORD03910,PROD0060,Nail Polish Set,Beauty,2,16.35,32.7
ORD03910,PROD0020,Scarf,Clothing,2,12.21,24.42
ORD03911,PROD0009,Phone Case,Electronics,3,22.66,67.98
ORD03912,PROD0062,Strategy Board Game,Toys,2,43.8,87.6
ORD03912,PROD0036,Jump Rope,Sports,3,20.14,60.42
ORD03912,PROD0027,Mug Set,Home & Kitchen,2,18.25,36.5
ORD03912,PROD0066,RC Racing Car,Toys,3,74.32,222.96
ORD03913,PROD0042,Data Science Handbook,Books,3,26.6,79.8
ORD03914,PROD0002,Smart Watch,Electronics,2,110.0,220.0
ORD03914,PROD0024,Toaster,Home & Kitchen,2,29.33,58.66
ORD03914,PROD0075,Extra Virgin Olive Oil,Food & Grocery,1,26.39,26.39
ORD03914,PROD0034,Water Bottle,Sports,2,49.06,98.12
ORD03915,PROD0045,Self-Help Bestseller,Books,3,13.44,40.32
ORD03915,PROD0017,Running Shorts,Clothing,3,23.82,71.46
ORD03916,PROD0070,Plush Stuffed Animal,Toys,2,16.69,33.38
ORD03916,PROD0063,1000-Piece Puzzle,Toys,3,26.71,80.13
ORD03917,PROD0068,Art & Craft Kit,Toys,3,13.06,39.18
ORD03917,PROD0041,Python Programming,Books,2,41.14,82.28
ORD03918,PROD0036,Jump Rope,Sports,1,20.14,20.14
ORD03918,PROD0037,Foam Roller,Sports,2,53.18,106.36
ORD03918,PROD0056,Hair Conditioner,Beauty,2,28.27,56.54
ORD03919,PROD0003,Bluetooth Speaker,Electronics,2,63.0,126.0
ORD03919,PROD0071,Whey Protein Bar,Food & Grocery,1,22.38,22.38
ORD03920,PROD0052,SPF Sunscreen,Beauty,1,19.96,19.96
ORD03920,PROD0019,Cap,Clothing,3,34.28,102.84
ORD03920,PROD0054,Foundation,Beauty,3,57.15,171.45
ORD03921,PROD0058,Eye Cream,Beauty,3,71.04,213.12
ORD03921,PROD0043,ML Engineering Guide,Books,2,29.52,59.04
ORD03921,PROD0006,Mechanical Keyboard,Electronics,2,151.5,303.0
ORD03922,PROD0019,Cap,Clothing,1,34.28,34.28
ORD03923,PROD0027,Mug Set,Home & Kitchen,3,18.25,54.75
ORD03923,PROD0045,Self-Help Bestseller,Books,2,13.44,26.88
ORD03923,PROD0061,LEGO Creator Set,Toys,2,99.16,198.32
ORD03923,PROD0024,Toaster,Home & Kitchen,2,29.33,58.66
ORD03924,PROD0053,Lipstick Set,Beauty,2,19.34,38.68
ORD03924,PROD0062,Strategy Board Game,Toys,3,43.8,131.4
ORD03925,PROD0050,Graphic Novel,Books,2,18.57,37.14
ORD03926,PROD0012,Jeans,Clothing,2,65.37,130.74
ORD03926,PROD0036,Jump Rope,Sports,1,20.14,20.14
ORD03926,PROD0005,Webcam,Electronics,2,143.11,286.22
ORD03926,PROD0072,Premium Coffee Beans,Food & Grocery,2,43.12,86.24
ORD03927,PROD0003,Bluetooth Speaker,Electronics,3,63.0,189.0
ORD03928,PROD0068,Art & Craft Kit,Toys,1,13.06,13.06
ORD03928,PROD0034,Water Bottle,Sports,1,49.06,49.06
ORD03929,PROD0056,Hair Conditioner,Beauty,2,28.27,56.54
ORD03929,PROD0031,Yoga Mat,Sports,1,68.43,68.43
ORD03929,PROD0028,Storage Organizer,Home & Kitchen,3,24.84,74.52
ORD03930,PROD0046,Science Fiction Novel,Books,1,13.49,13.49
ORD03930,PROD0070,Plush Stuffed Animal,Toys,2,16.69,33.38
ORD03930,PROD0067,Card Game Pack,Toys,2,11.89,23.78
ORD03930,PROD0047,Cook Book,Books,3,17.53,52.59
ORD03931,PROD0035,Running Shoes,Sports,3,99.21,297.63
ORD03931,PROD0064,Action Figure,Toys,2,30.54,61.08
ORD03931,PROD0041,Python Programming,Books,3,41.14,123.42
ORD03931,PROD0059,Vitamin C Serum,Beauty,2,28.13,56.26
ORD03932,PROD0028,Storage Organizer,Home & Kitchen,2,24.84,49.68
ORD03932,PROD0019,Cap,Clothing,3,34.28,102.84
ORD03932,PROD0005,Webcam,Electronics,3,143.11,429.33
ORD03932,PROD0038,Gym Bag,Sports,3,65.2,195.6
ORD03933,PROD0051,Face Moisturizer,Beauty,2,39.06,78.12
ORD03933,PROD0029,LED Desk Lamp,Home & Kitchen,1,80.09,80.09
ORD03933,PROD0039,Protein Shaker,Sports,2,31.54,63.08
ORD03934,PROD0010,Tablet Stand,Electronics,2,16.34,32.68
ORD03935,PROD0054,Foundation,Beauty,2,57.15,114.3
ORD03936,PROD0038,Gym Bag,Sports,1,65.2,65.2
ORD03937,PROD0056,Hair Conditioner,Beauty,3,28.27,84.81
ORD03937,PROD0012,Jeans,Clothing,2,65.37,130.74
ORD03937,PROD0075,Extra Virgin Olive Oil,Food & Grocery,1,26.39,26.39
ORD03938,PROD0070,Plush Stuffed Animal,Toys,1,16.69,16.69
ORD03939,PROD0011,T-Shirt,Clothing,3,18.75,56.25
ORD03939,PROD0074,Granola Mix,Food & Grocery,2,13.35,26.7
ORD03940,PROD0069,Science Experiment Kit,Toys,1,27.62,27.62
ORD03940,PROD0074,Granola Mix,Food & Grocery,2,13.35,26.7
ORD03940,PROD0010,Tablet Stand,Electronics,2,16.34,32.68
ORD03940,PROD0045,Self-Help Bestseller,Books,2,13.44,26.88
ORD03941,PROD0037,Foam Roller,Sports,2,53.18,106.36
ORD03941,PROD0021,Coffee Maker,Home & Kitchen,2,168.93,337.86
ORD03941,PROD0055,Argan Shampoo,Beauty,3,29.44,88.32
ORD03942,PROD0030,Throw Pillow,Home & Kitchen,1,42.17,42.17
ORD03942,PROD0026,Cutting Board,Home & Kitchen,3,23.46,70.38
ORD03942,PROD0076,Artisan Pasta,Food & Grocery,2,10.93,21.86
ORD03943,PROD0012,Jeans,Clothing,3,65.37,196.11
ORD03944,PROD0058,Eye Cream,Beauty,1,71.04,71.04
ORD03944,PROD0057,Perfume,Beauty,3,50.54,151.62
ORD03944,PROD0051,Face Moisturizer,Beauty,1,39.06,39.06
ORD03944,PROD0044,Business Strategy,Books,2,25.81,51.62
ORD03945,PROD0004,USB-C Hub,Electronics,3,33.39,100.17
ORD03945,PROD0035,Running Shoes,Sports,2,99.21,198.42
ORD03945,PROD0063,1000-Piece Puzzle,Toys,2,26.71,53.42
ORD03945,PROD0040,Fitness Tracker,Sports,3,99.28,297.84
ORD03946,PROD0069,Science Experiment Kit,Toys,1,27.62,27.62
ORD03946,PROD0052,SPF Sunscreen,Beauty,2,19.96,39.92
ORD03947,PROD0036,Jump Rope,Sports,2,20.14,40.28
ORD03947,PROD0028,Storage Organizer,Home & Kitchen,3,24.84,74.52
ORD03948,PROD0041,Python Programming,Books,3,41.14,123.42
ORD03948,PROD0023,Blender,Home & Kitchen,3,60.62,181.86
ORD03948,PROD0046,Science Fiction Novel,Books,2,13.49,26.98
ORD03948,PROD0008,Portable Monitor,Electronics,1,144.34,144.34
ORD03949,PROD0021,Coffee Maker,Home & Kitchen,2,168.93,337.86
ORD03949,PROD0060,Nail Polish Set,Beauty,1,16.35,16.35
ORD03949,PROD0064,Action Figure,Toys,3,30.54,91.62
ORD03950,PROD0073,Matcha Green Tea,Food & Grocery,2,31.91,63.82
ORD03950,PROD0042,Data Science Handbook,Books,2,26.6,53.2
ORD03950,PROD0060,Nail Polish Set,Beauty,3,16.35,49.05
ORD03951,PROD0019,Cap,Clothing,2,34.28,68.56
ORD03951,PROD0004,USB-C Hub,Electronics,2,33.39,66.78
ORD03952,PROD0029,LED Desk Lamp,Home & Kitchen,1,80.09,80.09
ORD03952,PROD0001,Wireless Headphones,Electronics,1,220.67,220.67
ORD03952,PROD0061,LEGO Creator Set,Toys,3,99.16,297.48
ORD03953,PROD0029,LED Desk Lamp,Home & Kitchen,1,80.09,80.09
ORD03953,PROD0011,T-Shirt,Clothing,3,18.75,56.25
ORD03953,PROD0073,Matcha Green Tea,Food & Grocery,2,31.91,63.82
ORD03954,PROD0053,Lipstick Set,Beauty,2,19.34,38.68
ORD03955,PROD0062,Strategy Board Game,Toys,2,43.8,87.6
ORD03955,PROD0058,Eye Cream,Beauty,2,71.04,142.08
ORD03956,PROD0021,Coffee Maker,Home & Kitchen,2,168.93,337.86
ORD03957,PROD0074,Granola Mix,Food & Grocery,1,13.35,13.35
ORD03958,PROD0069,Science Experiment Kit,Toys,1,27.62,27.62
ORD03958,PROD0072,Premium Coffee Beans,Food & Grocery,3,43.12,129.36
ORD03958,PROD0021,Coffee Maker,Home & Kitchen,1,168.93,168.93
ORD03959,PROD0076,Artisan Pasta,Food & Grocery,3,10.93,32.79
ORD03959,PROD0016,Hoodie,Clothing,2,57.25,114.5
ORD03959,PROD0052,SPF Sunscreen,Beauty,2,19.96,39.92
ORD03960,PROD0053,Lipstick Set,Beauty,2,19.34,38.68
ORD03960,PROD0011,T-Shirt,Clothing,2,18.75,37.5
ORD03961,PROD0068,Art & Craft Kit,Toys,3,13.06,39.18
ORD03962,PROD0023,Blender,Home & Kitchen,1,60.62,60.62
ORD03962,PROD0068,Art & Craft Kit,Toys,3,13.06,39.18
ORD03962,PROD0034,Water Bottle,Sports,3,49.06,147.18
ORD03962,PROD0064,Action Figure,Toys,2,30.54,61.08
ORD03963,PROD0032,Adjustable Dumbbells,Sports,3,159.46,478.38
ORD03963,PROD0029,LED Desk Lamp,Home & Kitchen,2,80.09,160.18
ORD03964,PROD0057,Perfume,Beauty,3,50.54,151.62
ORD03965,PROD0075,Extra Virgin Olive Oil,Food & Grocery,1,26.39,26.39
ORD03965,PROD0061,LEGO Creator Set,Toys,2,99.16,198.32
ORD03965,PROD0005,Webcam,Electronics,3,143.11,429.33
ORD03965,PROD0046,Science Fiction Novel,Books,2,13.49,26.98
ORD03966,PROD0008,Portable Monitor,Electronics,1,144.34,144.34
ORD03966,PROD0027,Mug Set,Home & Kitchen,3,18.25,54.75
ORD03967,PROD0057,Perfume,Beauty,1,50.54,50.54
ORD03968,PROD0039,Protein Shaker,Sports,1,31.54,31.54
ORD03969,PROD0004,USB-C Hub,Electronics,3,33.39,100.17
ORD03969,PROD0058,Eye Cream,Beauty,3,71.04,213.12
ORD03969,PROD0002,Smart Watch,Electronics,2,110.0,220.0
ORD03969,PROD0079,Multivitamins,Food & Grocery,3,20.74,62.22
ORD03970,PROD0031,Yoga Mat,Sports,1,68.43,68.43
ORD03970,PROD0061,LEGO Creator Set,Toys,3,99.16,297.48
ORD03970,PROD0047,Cook Book,Books,3,17.53,52.59
ORD03971,PROD0007,Gaming Mouse,Electronics,1,109.76,109.76
ORD03971,PROD0019,Cap,Clothing,2,34.28,68.56
ORD03972,PROD0043,ML Engineering Guide,Books,1,29.52,29.52
ORD03972,PROD0071,Whey Protein Bar,Food & Grocery,3,22.38,67.14
ORD03972,PROD0032,Adjustable Dumbbells,Sports,2,159.46,318.92
ORD03973,PROD0001,Wireless Headphones,Electronics,2,220.67,441.34
ORD03973,PROD0070,Plush Stuffed Animal,Toys,3,16.69,50.07
ORD03973,PROD0011,T-Shirt,Clothing,2,18.75,37.5
ORD03973,PROD0008,Portable Monitor,Electronics,2,144.34,288.68
ORD03974,PROD0002,Smart Watch,Electronics,1,110.0,110.0
ORD03975,PROD0017,Running Shorts,Clothing,2,23.82,47.64
ORD03975,PROD0059,Vitamin C Serum,Beauty,2,28.13,56.26
ORD03975,PROD0003,Bluetooth Speaker,Electronics,1,63.0,63.0
ORD03975,PROD0030,Throw Pillow,Home & Kitchen,1,42.17,42.17
ORD03976,PROD0066,RC Racing Car,Toys,3,74.32,222.96
ORD03976,PROD0050,Graphic Novel,Books,2,18.57,37.14
ORD03977,PROD0057,Perfume,Beauty,2,50.54,101.08
ORD03977,PROD0072,Premium Coffee Beans,Food & Grocery,2,43.12,86.24
ORD03978,PROD0061,LEGO Creator Set,Toys,1,99.16,99.16
ORD03978,PROD0017,Running Shorts,Clothing,3,23.82,71.46
ORD03978,PROD0080,Healthy Snack Box,Food & Grocery,3,23.63,70.89
ORD03979,PROD0048,World History,Books,2,25.51,51.02
ORD03979,PROD0008,Portable Monitor,Electronics,3,144.34,433.02
ORD03979,PROD0063,1000-Piece Puzzle,Toys,3,26.71,80.13
ORD03980,PROD0025,Knife Set,Home & Kitchen,3,144.87,434.61
ORD03980,PROD0009,Phone Case,Electronics,3,22.66,67.98
ORD03980,PROD0078,Raw Honey,Food & Grocery,3,18.09,54.27
ORD03980,PROD0065,Collectible Doll,Toys,1,52.93,52.93
ORD03981,PROD0004,USB-C Hub,Electronics,1,33.39,33.39
ORD03981,PROD0040,Fitness Tracker,Sports,3,99.28,297.84
ORD03982,PROD0013,Sneakers,Clothing,3,42.92,128.76
ORD03983,PROD0059,Vitamin C Serum,Beauty,1,28.13,28.13
ORD03983,PROD0042,Data Science Handbook,Books,1,26.6,26.6
ORD03984,PROD0055,Argan Shampoo,Beauty,2,29.44,58.88
ORD03984,PROD0013,Sneakers,Clothing,3,42.92,128.76
ORD03984,PROD0060,Nail Polish Set,Beauty,2,16.35,32.7
ORD03985,PROD0018,Ankle Socks,Clothing,2,13.84,27.68
ORD03986,PROD0032,Adjustable Dumbbells,Sports,2,159.46,318.92
ORD03987,PROD0032,Adjustable Dumbbells,Sports,1,159.46,159.46
ORD03987,PROD0037,Foam Roller,Sports,2,53.18,106.36
ORD03988,PROD0031,Yoga Mat,Sports,2,68.43,136.86
ORD03988,PROD0014,Winter Jacket,Clothing,2,87.84,175.68
ORD03988,PROD0075,Extra Virgin Olive Oil,Food & Grocery,2,26.39,52.78
ORD03989,PROD0003,Bluetooth Speaker,Electronics,2,63.0,126.0
ORD03989,PROD0041,Python Programming,Books,1,41.14,41.14
ORD03989,PROD0008,Portable Monitor,Electronics,3,144.34,433.02
ORD03989,PROD0069,Science Experiment Kit,Toys,2,27.62,55.24
ORD03990,PROD0057,Perfume,Beauty,2,50.54,101.08
ORD03990,PROD0027,Mug Set,Home & Kitchen,1,18.25,18.25
ORD03991,PROD0028,Storage Organizer,Home & Kitchen,2,24.84,49.68
ORD03991,PROD0050,Graphic Novel,Books,3,18.57,55.71
ORD03991,PROD0060,Nail Polish Set,Beauty,2,16.35,32.7
ORD03991,PROD0054,Foundation,Beauty,3,57.15,171.45
ORD03992,PROD0056,Hair Conditioner,Beauty,3,28.27,84.81
ORD03993,PROD0011,T-Shirt,Clothing,2,18.75,37.5
ORD03993,PROD0019,Cap,Clothing,2,34.28,68.56
ORD03993,PROD0065,Collectible Doll,Toys,2,52.93,105.86
ORD03993,PROD0002,Smart Watch,Electronics,2,110.0,220.0
ORD03994,PROD0047,Cook Book,Books,3,17.53,52.59
ORD03994,PROD0029,LED Desk Lamp,Home & Kitchen,2,80.09,160.18
ORD03994,PROD0066,RC Racing Car,Toys,3,74.32,222.96
ORD03995,PROD0048,World History,Books,2,25.51,51.02
ORD03995,PROD0034,Water Bottle,Sports,3,49.06,147.18
ORD03996,PROD0002,Smart Watch,Electronics,1,110.0,110.0
ORD03996,PROD0026,Cutting Board,Home & Kitchen,3,23.46,70.38
ORD03996,PROD0008,Portable Monitor,Electronics,2,144.34,288.68
ORD03997,PROD0059,Vitamin C Serum,Beauty,2,28.13,56.26
ORD03997,PROD0060,Nail Polish Set,Beauty,3,16.35,49.05
ORD03998,PROD0021,Coffee Maker,Home & Kitchen,2,168.93,337.86
ORD03998,PROD0005,Webcam,Electronics,1,143.11,143.11
ORD03998,PROD0071,Whey Protein Bar,Food & Grocery,1,22.38,22.38
ORD03998,PROD0003,Bluetooth Speaker,Electronics,2,63.0,126.0
ORD03999,PROD0058,Eye Cream,Beauty,2,71.04,142.08
ORD03999,PROD0028,Storage Organizer,Home & Kitchen,2,24.84,49.68
ORD03999,PROD0020,Scarf,Clothing,3,12.21,36.63
ORD03999,PROD0025,Knife Set,Home & Kitchen,2,144.87,289.74
ORD04000,PROD0079,Multivitamins,Food & Grocery,1,20.74,20.74
ORD04000,PROD0024,Toaster,Home & Kitchen,2,29.33,58.66
ORD04000,PROD0005,Webcam,Electronics,1,143.11,143.11
ORD04001,PROD0064,Action Figure,Toys,2,30.54,61.08
ORD04002,PROD0035,Running Shoes,Sports,2,99.21,198.42
ORD04002,PROD0043,ML Engineering Guide,Books,2,29.52,59.04
ORD04002,PROD0014,Winter Jacket,Clothing,1,87.84,87.84
ORD04002,PROD0055,Argan Shampoo,Beauty,2,29.44,58.88
ORD04003,PROD0062,Strategy Board Game,Toys,2,43.8,87.6
ORD04003,PROD0019,Cap,Clothing,1,34.28,34.28
ORD04003,PROD0009,Phone Case,Electronics,2,22.66,45.32
ORD04003,PROD0013,Sneakers,Clothing,1,42.92,42.92
ORD04004,PROD0052,SPF Sunscreen,Beauty,2,19.96,39.92
ORD04005,PROD0077,Mixed Nuts Pack,Food & Grocery,1,37.44,37.44
ORD04005,PROD0070,Plush Stuffed Animal,Toys,3,16.69,50.07
ORD04005,PROD0020,Scarf,Clothing,1,12.21,12.21
ORD04005,PROD0010,Tablet Stand,Electronics,1,16.34,16.34
ORD04006,PROD0057,Perfume,Beauty,1,50.54,50.54
ORD04007,PROD0007,Gaming Mouse,Electronics,3,109.76,329.28
ORD04008,PROD0029,LED Desk Lamp,Home & Kitchen,3,80.09,240.27
ORD04008,PROD0053,Lipstick Set,Beauty,1,19.34,19.34
ORD04008,PROD0045,Self-Help Bestseller,Books,2,13.44,26.88
ORD04009,PROD0008,Portable Monitor,Electronics,2,144.34,288.68
ORD04009,PROD0012,Jeans,Clothing,2,65.37,130.74
ORD04009,PROD0056,Hair Conditioner,Beauty,3,28.27,84.81
ORD04010,PROD0048,World History,Books,1,25.51,25.51
ORD04010,PROD0056,Hair Conditioner,Beauty,3,28.27,84.81
ORD04011,PROD0030,Throw Pillow,Home & Kitchen,3,42.17,126.51
ORD04011,PROD0020,Scarf,Clothing,2,12.21,24.42
ORD04011,PROD0043,ML Engineering Guide,Books,2,29.52,59.04
ORD04012,PROD0021,Coffee Maker,Home & Kitchen,3,168.93,506.79
ORD04012,PROD0047,Cook Book,Books,2,17.53,35.06
ORD04013,PROD0010,Tablet Stand,Electronics,2,16.34,32.68
ORD04013,PROD0021,Coffee Maker,Home & Kitchen,1,168.93,168.93
ORD04013,PROD0071,Whey Protein Bar,Food & Grocery,2,22.38,44.76
ORD04013,PROD0018,Ankle Socks,Clothing,1,13.84,13.84
ORD04014,PROD0001,Wireless Headphones,Electronics,3,220.67,662.01
ORD04014,PROD0040,Fitness Tracker,Sports,1,99.28,99.28
ORD04015,PROD0021,Coffee Maker,Home & Kitchen,2,168.93,337.86
ORD04015,PROD0040,Fitness Tracker,Sports,1,99.28,99.28
ORD04015,PROD0052,SPF Sunscreen,Beauty,3,19.96,59.88
ORD04015,PROD0053,Lipstick Set,Beauty,3,19.34,58.02
ORD04016,PROD0074,Granola Mix,Food & Grocery,1,13.35,13.35
ORD04017,PROD0004,USB-C Hub,Electronics,2,33.39,66.78
ORD04017,PROD0012,Jeans,Clothing,1,65.37,65.37
ORD04017,PROD0017,Running Shorts,Clothing,3,23.82,71.46
ORD04018,PROD0065,Collectible Doll,Toys,1,52.93,52.93
ORD04019,PROD0018,Ankle Socks,Clothing,3,13.84,41.52
ORD04020,PROD0001,Wireless Headphones,Electronics,2,220.67,441.34
ORD04020,PROD0073,Matcha Green Tea,Food & Grocery,3,31.91,95.73
ORD04021,PROD0039,Protein Shaker,Sports,2,31.54,63.08
ORD04021,PROD0074,Granola Mix,Food & Grocery,1,13.35,13.35
ORD04021,PROD0025,Knife Set,Home & Kitchen,1,144.87,144.87
ORD04022,PROD0033,Resistance Bands,Sports,2,26.09,52.18
ORD04022,PROD0045,Self-Help Bestseller,Books,1,13.44,13.44
ORD04022,PROD0025,Knife Set,Home & Kitchen,1,144.87,144.87
ORD04022,PROD0078,Raw Honey,Food & Grocery,3,18.09,54.27
ORD04023,PROD0034,Water Bottle,Sports,3,49.06,147.18
ORD04024,PROD0018,Ankle Socks,Clothing,3,13.84,41.52
ORD04024,PROD0013,Sneakers,Clothing,1,42.92,42.92
ORD04024,PROD0062,Strategy Board Game,Toys,3,43.8,131.4
ORD04025,PROD0076,Artisan Pasta,Food & Grocery,2,10.93,21.86
ORD04025,PROD0017,Running Shorts,Clothing,2,23.82,47.64
ORD04025,PROD0023,Blender,Home & Kitchen,2,60.62,121.24
ORD04025,PROD0003,Bluetooth Speaker,Electronics,1,63.0,63.0
ORD04026,PROD0047,Cook Book,Books,3,17.53,52.59
ORD04026,PROD0011,T-Shirt,Clothing,2,18.75,37.5
ORD04026,PROD0008,Portable Monitor,Electronics,2,144.34,288.68
ORD04027,PROD0062,Strategy Board Game,Toys,2,43.8,87.6
ORD04027,PROD0064,Action Figure,Toys,1,30.54,30.54
ORD04027,PROD0068,Art & Craft Kit,Toys,3,13.06,39.18
ORD04027,PROD0015,Summer Dress,Clothing,3,67.24,201.72
ORD04028,PROD0067,Card Game Pack,Toys,3,11.89,35.67
ORD04028,PROD0003,Bluetooth Speaker,Electronics,2,63.0,126.0
ORD04028,PROD0004,USB-C Hub,Electronics,3,33.39,100.17
ORD04028,PROD0015,Summer Dress,Clothing,1,67.24,67.24
ORD04029,PROD0029,LED Desk Lamp,Home & Kitchen,3,80.09,240.27
ORD04029,PROD0016,Hoodie,Clothing,2,57.25,114.5
ORD04029,PROD0002,Smart Watch,Electronics,3,110.0,330.0
ORD04030,PROD0007,Gaming Mouse,Electronics,2,109.76,219.52
ORD04030,PROD0041,Python Programming,Books,3,41.14,123.42
ORD04030,PROD0016,Hoodie,Clothing,3,57.25,171.75
ORD04030,PROD0015,Summer Dress,Clothing,2,67.24,134.48
ORD04031,PROD0046,Science Fiction Novel,Books,3,13.49,40.47
ORD04031,PROD0035,Running Shoes,Sports,3,99.21,297.63
ORD04032,PROD0060,Nail Polish Set,Beauty,3,16.35,49.05
ORD04033,PROD0064,Action Figure,Toys,3,30.54,91.62
ORD04033,PROD0069,Science Experiment Kit,Toys,1,27.62,27.62
ORD04033,PROD0037,Foam Roller,Sports,2,53.18,106.36
ORD04034,PROD0011,T-Shirt,Clothing,2,18.75,37.5
ORD04034,PROD0023,Blender,Home & Kitchen,3,60.62,181.86
ORD04034,PROD0001,Wireless Headphones,Electronics,3,220.67,662.01
ORD04034,PROD0073,Matcha Green Tea,Food & Grocery,2,31.91,63.82
ORD04035,PROD0043,ML Engineering Guide,Books,3,29.52,88.56
ORD04036,PROD0056,Hair Conditioner,Beauty,2,28.27,56.54
ORD04037,PROD0042,Data Science Handbook,Books,3,26.6,79.8
ORD04037,PROD0035,Running Shoes,Sports,1,99.21,99.21
ORD04038,PROD0053,Lipstick Set,Beauty,1,19.34,19.34
ORD04038,PROD0028,Storage Organizer,Home & Kitchen,3,24.84,74.52
ORD04039,PROD0052,SPF Sunscreen,Beauty,3,19.96,59.88
ORD04039,PROD0033,Resistance Bands,Sports,3,26.09,78.27
ORD04040,PROD0025,Knife Set,Home & Kitchen,2,144.87,289.74
ORD04040,PROD0010,Tablet Stand,Electronics,2,16.34,32.68
ORD04041,PROD0010,Tablet Stand,Electronics,1,16.34,16.34
ORD04041,PROD0008,Portable Monitor,Electronics,2,144.34,288.68
ORD04041,PROD0013,Sneakers,Clothing,2,42.92,85.84
ORD04042,PROD0034,Water Bottle,Sports,3,49.06,147.18
ORD04042,PROD0067,Card Game Pack,Toys,1,11.89,11.89
ORD04042,PROD0071,Whey Protein Bar,Food & Grocery,3,22.38,67.14
ORD04042,PROD0050,Graphic Novel,Books,3,18.57,55.71
ORD04043,PROD0062,Strategy Board Game,Toys,1,43.8,43.8
ORD04043,PROD0076,Artisan Pasta,Food & Grocery,1,10.93,10.93
ORD04043,PROD0026,Cutting Board,Home & Kitchen,1,23.46,23.46
ORD04043,PROD0028,Storage Organizer,Home & Kitchen,2,24.84,49.68
ORD04044,PROD0021,Coffee Maker,Home & Kitchen,2,168.93,337.86
ORD04045,PROD0066,RC Racing Car,Toys,1,74.32,74.32
ORD04046,PROD0011,T-Shirt,Clothing,3,18.75,56.25
ORD04047,PROD0001,Wireless Headphones,Electronics,2,220.67,441.34
ORD04047,PROD0062,Strategy Board Game,Toys,1,43.8,43.8
ORD04047,PROD0010,Tablet Stand,Electronics,2,16.34,32.68
ORD04047,PROD0050,Graphic Novel,Books,2,18.57,37.14
ORD04048,PROD0046,Science Fiction Novel,Books,2,13.49,26.98
ORD04048,PROD0043,ML Engineering Guide,Books,1,29.52,29.52
ORD04048,PROD0039,Protein Shaker,Sports,1,31.54,31.54
ORD04049,PROD0069,Science Experiment Kit,Toys,2,27.62,55.24
ORD04050,PROD0066,RC Racing Car,Toys,3,74.32,222.96
ORD04050,PROD0014,Winter Jacket,Clothing,3,87.84,263.52
ORD04050,PROD0039,Protein Shaker,Sports,3,31.54,94.62
ORD04050,PROD0018,Ankle Socks,Clothing,2,13.84,27.68
ORD04051,PROD0047,Cook Book,Books,2,17.53,35.06
ORD04051,PROD0056,Hair Conditioner,Beauty,2,28.27,56.54
ORD04052,PROD0041,Python Programming,Books,2,41.14,82.28
ORD04052,PROD0020,Scarf,Clothing,1,12.21,12.21
ORD04052,PROD0030,Throw Pillow,Home & Kitchen,1,42.17,42.17
ORD04053,PROD0028,Storage Organizer,Home & Kitchen,2,24.84,49.68
ORD04053,PROD0037,Foam Roller,Sports,3,53.18,159.54
ORD04054,PROD0064,Action Figure,Toys,2,30.54,61.08
ORD04054,PROD0023,Blender,Home & Kitchen,1,60.62,60.62
ORD04054,PROD0018,Ankle Socks,Clothing,1,13.84,13.84
ORD04055,PROD0076,Artisan Pasta,Food & Grocery,3,10.93,32.79
ORD04055,PROD0019,Cap,Clothing,1,34.28,34.28
ORD04056,PROD0037,Foam Roller,Sports,3,53.18,159.54
ORD04056,PROD0046,Science Fiction Novel,Books,1,13.49,13.49
ORD04056,PROD0011,T-Shirt,Clothing,2,18.75,37.5
ORD04056,PROD0073,Matcha Green Tea,Food & Grocery,1,31.91,31.91
ORD04057,PROD0001,Wireless Headphones,Electronics,2,220.67,441.34
ORD04057,PROD0069,Science Experiment Kit,Toys,2,27.62,55.24
ORD04057,PROD0043,ML Engineering Guide,Books,2,29.52,59.04
ORD04057,PROD0016,Hoodie,Clothing,2,57.25,114.5
ORD04058,PROD0003,Bluetooth Speaker,Electronics,1,63.0,63.0
ORD04058,PROD0006,Mechanical Keyboard,Electronics,1,151.5,151.5
ORD04058,PROD0042,Data Science Handbook,Books,1,26.6,26.6
ORD04059,PROD0024,Toaster,Home & Kitchen,2,29.33,58.66
ORD04059,PROD0038,Gym Bag,Sports,1,65.2,65.2
ORD04060,PROD0063,1000-Piece Puzzle,Toys,1,26.71,26.71
ORD04060,PROD0021,Coffee Maker,Home & Kitchen,1,168.93,168.93
ORD04061,PROD0030,Throw Pillow,Home & Kitchen,3,42.17,126.51
ORD04061,PROD0018,Ankle Socks,Clothing,2,13.84,27.68
ORD04061,PROD0080,Healthy Snack Box,Food & Grocery,1,23.63,23.63
ORD04062,PROD0047,Cook Book,Books,2,17.53,35.06
ORD04062,PROD0003,Bluetooth Speaker,Electronics,2,63.0,126.0
ORD04062,PROD0007,Gaming Mouse,Electronics,3,109.76,329.28
ORD04063,PROD0007,Gaming Mouse,Electronics,2,109.76,219.52
ORD04064,PROD0032,Adjustable Dumbbells,Sports,3,159.46,478.38
ORD04064,PROD0064,Action Figure,Toys,3,30.54,91.62
ORD04065,PROD0001,Wireless Headphones,Electronics,3,220.67,662.01
ORD04065,PROD0025,Knife Set,Home & Kitchen,1,144.87,144.87
ORD04065,PROD0038,Gym Bag,Sports,3,65.2,195.6
ORD04066,PROD0050,Graphic Novel,Books,2,18.57,37.14
ORD04067,PROD0032,Adjustable Dumbbells,Sports,2,159.46,318.92
ORD04067,PROD0039,Protein Shaker,Sports,3,31.54,94.62
ORD04067,PROD0075,Extra Virgin Olive Oil,Food & Grocery,3,26.39,79.17
ORD04068,PROD0072,Premium Coffee Beans,Food & Grocery,3,43.12,129.36
ORD04069,PROD0062,Strategy Board Game,Toys,3,43.8,131.4
ORD04069,PROD0028,Storage Organizer,Home & Kitchen,3,24.84,74.52
ORD04069,PROD0005,Webcam,Electronics,1,143.11,143.11
ORD04070,PROD0007,Gaming Mouse,Electronics,3,109.76,329.28
ORD04070,PROD0041,Python Programming,Books,2,41.14,82.28
ORD04071,PROD0014,Winter Jacket,Clothing,2,87.84,175.68
ORD04071,PROD0079,Multivitamins,Food & Grocery,3,20.74,62.22
ORD04071,PROD0057,Perfume,Beauty,1,50.54,50.54
ORD04072,PROD0039,Protein Shaker,Sports,2,31.54,63.08
ORD04072,PROD0052,SPF Sunscreen,Beauty,2,19.96,39.92
ORD04072,PROD0008,Portable Monitor,Electronics,3,144.34,433.02
ORD04072,PROD0022,Air Fryer,Home & Kitchen,1,143.78,143.78
ORD04073,PROD0039,Protein Shaker,Sports,3,31.54,94.62
ORD04073,PROD0074,Granola Mix,Food & Grocery,1,13.35,13.35
ORD04074,PROD0069,Science Experiment Kit,Toys,3,27.62,82.86
ORD04075,PROD0036,Jump Rope,Sports,2,20.14,40.28
ORD04075,PROD0014,Winter Jacket,Clothing,3,87.84,263.52
ORD04076,PROD0079,Multivitamins,Food & Grocery,3,20.74,62.22
ORD04077,PROD0062,Strategy Board Game,Toys,3,43.8,131.4
ORD04078,PROD0004,USB-C Hub,Electronics,1,33.39,33.39
ORD04079,PROD0076,Artisan Pasta,Food & Grocery,2,10.93,21.86
ORD04080,PROD0054,Foundation,Beauty,1,57.15,57.15
ORD04080,PROD0049,Travel Photography,Books,2,39.07,78.14
ORD04080,PROD0011,T-Shirt,Clothing,1,18.75,18.75
ORD04080,PROD0058,Eye Cream,Beauty,3,71.04,213.12
ORD04081,PROD0025,Knife Set,Home & Kitchen,2,144.87,289.74
ORD04081,PROD0017,Running Shorts,Clothing,1,23.82,23.82
ORD04082,PROD0036,Jump Rope,Sports,3,20.14,60.42
ORD04083,PROD0062,Strategy Board Game,Toys,3,43.8,131.4
ORD04083,PROD0010,Tablet Stand,Electronics,2,16.34,32.68
ORD04083,PROD0065,Collectible Doll,Toys,3,52.93,158.79
ORD04084,PROD0023,Blender,Home & Kitchen,1,60.62,60.62
ORD04084,PROD0052,SPF Sunscreen,Beauty,3,19.96,59.88
ORD04085,PROD0073,Matcha Green Tea,Food & Grocery,1,31.91,31.91
ORD04086,PROD0063,1000-Piece Puzzle,Toys,3,26.71,80.13
ORD04087,PROD0019,Cap,Clothing,1,34.28,34.28
ORD04087,PROD0037,Foam Roller,Sports,2,53.18,106.36
ORD04087,PROD0014,Winter Jacket,Clothing,1,87.84,87.84
ORD04088,PROD0061,LEGO Creator Set,Toys,1,99.16,99.16
ORD04088,PROD0021,Coffee Maker,Home & Kitchen,1,168.93,168.93
ORD04088,PROD0034,Water Bottle,Sports,2,49.06,98.12
ORD04089,PROD0013,Sneakers,Clothing,1,42.92,42.92
ORD04089,PROD0008,Portable Monitor,Electronics,1,144.34,144.34
ORD04089,PROD0069,Science Experiment Kit,Toys,1,27.62,27.62
ORD04089,PROD0002,Smart Watch,Electronics,1,110.0,110.0
ORD04090,PROD0030,Throw Pillow,Home & Kitchen,3,42.17,126.51
ORD04090,PROD0080,Healthy Snack Box,Food & Grocery,2,23.63,47.26
ORD04090,PROD0005,Webcam,Electronics,2,143.11,286.22
ORD04091,PROD0038,Gym Bag,Sports,1,65.2,65.2
ORD04091,PROD0020,Scarf,Clothing,1,12.21,12.21
ORD04092,PROD0014,Winter Jacket,Clothing,1,87.84,87.84
ORD04092,PROD0054,Foundation,Beauty,1,57.15,57.15
ORD04092,PROD0010,Tablet Stand,Electronics,1,16.34,16.34
ORD04093,PROD0023,Blender,Home & Kitchen,2,60.62,121.24
ORD04094,PROD0080,Healthy Snack Box,Food & Grocery,1,23.63,23.63
ORD04094,PROD0052,SPF Sunscreen,Beauty,2,19.96,39.92
ORD04094,PROD0033,Resistance Bands,Sports,2,26.09,52.18
ORD04095,PROD0032,Adjustable Dumbbells,Sports,3,159.46,478.38
ORD04096,PROD0073,Matcha Green Tea,Food & Grocery,1,31.91,31.91
ORD04097,PROD0006,Mechanical Keyboard,Electronics,2,151.5,303.0
ORD04097,PROD0015,Summer Dress,Clothing,3,67.24,201.72
ORD04097,PROD0012,Jeans,Clothing,3,65.37,196.11
ORD04097,PROD0074,Granola Mix,Food & Grocery,2,13.35,26.7
ORD04098,PROD0048,World History,Books,2,25.51,51.02
ORD04098,PROD0005,Webcam,Electronics,2,143.11,286.22
ORD04098,PROD0030,Throw Pillow,Home & Kitchen,2,42.17,84.34
ORD04099,PROD0054,Foundation,Beauty,1,57.15,57.15
ORD04099,PROD0063,1000-Piece Puzzle,Toys,3,26.71,80.13
ORD04099,PROD0009,Phone Case,Electronics,2,22.66,45.32
ORD04099,PROD0075,Extra Virgin Olive Oil,Food & Grocery,2,26.39,52.78
ORD04100,PROD0076,Artisan Pasta,Food & Grocery,1,10.93,10.93
ORD04100,PROD0043,ML Engineering Guide,Books,3,29.52,88.56
ORD04100,PROD0072,Premium Coffee Beans,Food & Grocery,3,43.12,129.36
ORD04101,PROD0035,Running Shoes,Sports,3,99.21,297.63
ORD04101,PROD0046,Science Fiction Novel,Books,3,13.49,40.47
ORD04102,PROD0054,Foundation,Beauty,1,57.15,57.15
ORD04103,PROD0008,Portable Monitor,Electronics,3,144.34,433.02
ORD04103,PROD0045,Self-Help Bestseller,Books,3,13.44,40.32
ORD04103,PROD0025,Knife Set,Home & Kitchen,2,144.87,289.74
ORD04103,PROD0040,Fitness Tracker,Sports,2,99.28,198.56
ORD04104,PROD0033,Resistance Bands,Sports,1,26.09,26.09
ORD04104,PROD0054,Foundation,Beauty,2,57.15,114.3
ORD04105,PROD0014,Winter Jacket,Clothing,3,87.84,263.52
ORD04105,PROD0055,Argan Shampoo,Beauty,1,29.44,29.44
ORD04105,PROD0028,Storage Organizer,Home & Kitchen,3,24.84,74.52
ORD04106,PROD0033,Resistance Bands,Sports,1,26.09,26.09
ORD04107,PROD0080,Healthy Snack Box,Food & Grocery,1,23.63,23.63
ORD04107,PROD0045,Self-Help Bestseller,Books,3,13.44,40.32
ORD04107,PROD0016,Hoodie,Clothing,3,57.25,171.75
ORD04107,PROD0046,Science Fiction Novel,Books,2,13.49,26.98
ORD04108,PROD0009,Phone Case,Electronics,3,22.66,67.98
ORD04108,PROD0037,Foam Roller,Sports,3,53.18,159.54
ORD04108,PROD0004,USB-C Hub,Electronics,1,33.39,33.39
ORD04108,PROD0073,Matcha Green Tea,Food & Grocery,1,31.91,31.91
ORD04109,PROD0051,Face Moisturizer,Beauty,3,39.06,117.18
ORD04110,PROD0071,Whey Protein Bar,Food & Grocery,1,22.38,22.38
ORD04110,PROD0078,Raw Honey,Food & Grocery,3,18.09,54.27
ORD04111,PROD0040,Fitness Tracker,Sports,1,99.28,99.28
ORD04111,PROD0013,Sneakers,Clothing,3,42.92,128.76
ORD04111,PROD0010,Tablet Stand,Electronics,1,16.34,16.34
ORD04112,PROD0033,Resistance Bands,Sports,3,26.09,78.27
ORD04112,PROD0037,Foam Roller,Sports,1,53.18,53.18
ORD04112,PROD0018,Ankle Socks,Clothing,2,13.84,27.68
ORD04112,PROD0070,Plush Stuffed Animal,Toys,3,16.69,50.07
ORD04113,PROD0046,Science Fiction Novel,Books,1,13.49,13.49
ORD04113,PROD0040,Fitness Tracker,Sports,3,99.28,297.84
ORD04114,PROD0066,RC Racing Car,Toys,3,74.32,222.96
ORD04115,PROD0041,Python Programming,Books,2,41.14,82.28
ORD04115,PROD0012,Jeans,Clothing,3,65.37,196.11
ORD04115,PROD0074,Granola Mix,Food & Grocery,2,13.35,26.7
ORD04115,PROD0016,Hoodie,Clothing,1,57.25,57.25
ORD04116,PROD0021,Coffee Maker,Home & Kitchen,3,168.93,506.79
ORD04116,PROD0020,Scarf,Clothing,3,12.21,36.63
ORD04116,PROD0033,Resistance Bands,Sports,2,26.09,52.18
ORD04116,PROD0001,Wireless Headphones,Electronics,1,220.67,220.67
ORD04117,PROD0014,Winter Jacket,Clothing,3,87.84,263.52
ORD04118,PROD0032,Adjustable Dumbbells,Sports,3,159.46,478.38
ORD04118,PROD0076,Artisan Pasta,Food & Grocery,2,10.93,21.86
ORD04119,PROD0025,Knife Set,Home & Kitchen,3,144.87,434.61
ORD04119,PROD0052,SPF Sunscreen,Beauty,3,19.96,59.88
ORD04119,PROD0075,Extra Virgin Olive Oil,Food & Grocery,1,26.39,26.39
ORD04119,PROD0012,Jeans,Clothing,3,65.37,196.11
ORD04120,PROD0042,Data Science Handbook,Books,1,26.6,26.6
ORD04121,PROD0072,Premium Coffee Beans,Food & Grocery,3,43.12,129.36
ORD04121,PROD0024,Toaster,Home & Kitchen,1,29.33,29.33
ORD04121,PROD0014,Winter Jacket,Clothing,1,87.84,87.84
ORD04122,PROD0016,Hoodie,Clothing,2,57.25,114.5
ORD04122,PROD0076,Artisan Pasta,Food & Grocery,1,10.93,10.93
ORD04122,PROD0065,Collectible Doll,Toys,1,52.93,52.93
ORD04123,PROD0050,Graphic Novel,Books,1,18.57,18.57
ORD04123,PROD0042,Data Science Handbook,Books,3,26.6,79.8
ORD04123,PROD0028,Storage Organizer,Home & Kitchen,1,24.84,24.84
ORD04123,PROD0065,Collectible Doll,Toys,1,52.93,52.93
ORD04124,PROD0022,Air Fryer,Home & Kitchen,1,143.78,143.78
ORD04124,PROD0048,World History,Books,1,25.51,25.51
ORD04125,PROD0038,Gym Bag,Sports,2,65.2,130.4
ORD04125,PROD0029,LED Desk Lamp,Home & Kitchen,3,80.09,240.27
ORD04125,PROD0047,Cook Book,Books,2,17.53,35.06
ORD04125,PROD0027,Mug Set,Home & Kitchen,3,18.25,54.75
ORD04126,PROD0055,Argan Shampoo,Beauty,3,29.44,88.32
ORD04126,PROD0041,Python Programming,Books,1,41.14,41.14
ORD04126,PROD0061,LEGO Creator Set,Toys,2,99.16,198.32
ORD04126,PROD0030,Throw Pillow,Home & Kitchen,1,42.17,42.17
ORD04127,PROD0036,Jump Rope,Sports,1,20.14,20.14
ORD04127,PROD0043,ML Engineering Guide,Books,1,29.52,29.52
ORD04127,PROD0079,Multivitamins,Food & Grocery,3,20.74,62.22
ORD04127,PROD0006,Mechanical Keyboard,Electronics,2,151.5,303.0
ORD04128,PROD0052,SPF Sunscreen,Beauty,2,19.96,39.92
ORD04129,PROD0061,LEGO Creator Set,Toys,1,99.16,99.16
ORD04129,PROD0059,Vitamin C Serum,Beauty,3,28.13,84.39
ORD04129,PROD0076,Artisan Pasta,Food & Grocery,1,10.93,10.93
ORD04130,PROD0057,Perfume,Beauty,3,50.54,151.62
ORD04130,PROD0064,Action Figure,Toys,3,30.54,91.62
ORD04130,PROD0018,Ankle Socks,Clothing,3,13.84,41.52
ORD04131,PROD0023,Blender,Home & Kitchen,3,60.62,181.86
ORD04132,PROD0047,Cook Book,Books,3,17.53,52.59
ORD04132,PROD0004,USB-C Hub,Electronics,3,33.39,100.17
ORD04133,PROD0023,Blender,Home & Kitchen,1,60.62,60.62
ORD04133,PROD0078,Raw Honey,Food & Grocery,2,18.09,36.18
ORD04133,PROD0015,Summer Dress,Clothing,1,67.24,67.24
ORD04133,PROD0035,Running Shoes,Sports,2,99.21,198.42
ORD04134,PROD0066,RC Racing Car,Toys,1,74.32,74.32
ORD04135,PROD0050,Graphic Novel,Books,2,18.57,37.14
ORD04135,PROD0047,Cook Book,Books,1,17.53,17.53
ORD04136,PROD0001,Wireless Headphones,Electronics,2,220.67,441.34
ORD04136,PROD0059,Vitamin C Serum,Beauty,2,28.13,56.26
ORD04136,PROD0033,Resistance Bands,Sports,2,26.09,52.18
ORD04136,PROD0005,Webcam,Electronics,2,143.11,286.22
ORD04137,PROD0055,Argan Shampoo,Beauty,2,29.44,58.88
ORD04137,PROD0021,Coffee Maker,Home & Kitchen,3,168.93,506.79
ORD04137,PROD0047,Cook Book,Books,3,17.53,52.59
ORD04137,PROD0040,Fitness Tracker,Sports,2,99.28,198.56
ORD04138,PROD0037,Foam Roller,Sports,3,53.18,159.54
ORD04139,PROD0049,Travel Photography,Books,2,39.07,78.14
ORD04140,PROD0028,Storage Organizer,Home & Kitchen,3,24.84,74.52
ORD04141,PROD0013,Sneakers,Clothing,2,42.92,85.84
ORD04141,PROD0023,Blender,Home & Kitchen,2,60.62,121.24
ORD04141,PROD0022,Air Fryer,Home & Kitchen,3,143.78,431.34
ORD04142,PROD0059,Vitamin C Serum,Beauty,1,28.13,28.13
ORD04142,PROD0014,Winter Jacket,Clothing,1,87.84,87.84
ORD04142,PROD0068,Art & Craft Kit,Toys,1,13.06,13.06
ORD04143,PROD0068,Art & Craft Kit,Toys,2,13.06,26.12
ORD04143,PROD0021,Coffee Maker,Home & Kitchen,3,168.93,506.79
ORD04143,PROD0006,Mechanical Keyboard,Electronics,2,151.5,303.0
ORD04143,PROD0077,Mixed Nuts Pack,Food & Grocery,2,37.44,74.88
ORD04144,PROD0074,Granola Mix,Food & Grocery,1,13.35,13.35
ORD04144,PROD0076,Artisan Pasta,Food & Grocery,3,10.93,32.79
ORD04145,PROD0020,Scarf,Clothing,3,12.21,36.63
ORD04145,PROD0079,Multivitamins,Food & Grocery,3,20.74,62.22
ORD04145,PROD0042,Data Science Handbook,Books,3,26.6,79.8
ORD04145,PROD0026,Cutting Board,Home & Kitchen,2,23.46,46.92
ORD04146,PROD0004,USB-C Hub,Electronics,2,33.39,66.78
ORD04146,PROD0022,Air Fryer,Home & Kitchen,2,143.78,287.56
ORD04146,PROD0042,Data Science Handbook,Books,3,26.6,79.8
ORD04146,PROD0049,Travel Photography,Books,3,39.07,117.21
ORD04147,PROD0068,Art & Craft Kit,Toys,1,13.06,13.06
ORD04147,PROD0052,SPF Sunscreen,Beauty,1,19.96,19.96
ORD04148,PROD0046,Science Fiction Novel,Books,3,13.49,40.47
ORD04148,PROD0043,ML Engineering Guide,Books,1,29.52,29.52
ORD04148,PROD0017,Running Shorts,Clothing,2,23.82,47.64
ORD04148,PROD0070,Plush Stuffed Animal,Toys,3,16.69,50.07
ORD04149,PROD0080,Healthy Snack Box,Food & Grocery,1,23.63,23.63
ORD04149,PROD0073,Matcha Green Tea,Food & Grocery,3,31.91,95.73
ORD04150,PROD0049,Travel Photography,Books,1,39.07,39.07
ORD04151,PROD0048,World History,Books,3,25.51,76.53
ORD04152,PROD0073,Matcha Green Tea,Food & Grocery,3,31.91,95.73
ORD04152,PROD0058,Eye Cream,Beauty,2,71.04,142.08
ORD04153,PROD0051,Face Moisturizer,Beauty,2,39.06,78.12
ORD04154,PROD0079,Multivitamins,Food & Grocery,3,20.74,62.22
ORD04154,PROD0053,Lipstick Set,Beauty,2,19.34,38.68
ORD04154,PROD0042,Data Science Handbook,Books,3,26.6,79.8
ORD04154,PROD0070,Plush Stuffed Animal,Toys,2,16.69,33.38
ORD04155,PROD0038,Gym Bag,Sports,3,65.2,195.6
ORD04156,PROD0051,Face Moisturizer,Beauty,1,39.06,39.06
ORD04157,PROD0037,Foam Roller,Sports,1,53.18,53.18
ORD04158,PROD0034,Water Bottle,Sports,1,49.06,49.06
ORD04158,PROD0043,ML Engineering Guide,Books,3,29.52,88.56
ORD04158,PROD0026,Cutting Board,Home & Kitchen,3,23.46,70.38
ORD04159,PROD0041,Python Programming,Books,3,41.14,123.42
ORD04159,PROD0023,Blender,Home & Kitchen,3,60.62,181.86
ORD04159,PROD0075,Extra Virgin Olive Oil,Food & Grocery,2,26.39,52.78
ORD04160,PROD0074,Granola Mix,Food & Grocery,3,13.35,40.05
ORD04160,PROD0007,Gaming Mouse,Electronics,1,109.76,109.76
ORD04161,PROD0030,Throw Pillow,Home & Kitchen,2,42.17,84.34
ORD04161,PROD0042,Data Science Handbook,Books,1,26.6,26.6
ORD04161,PROD0037,Foam Roller,Sports,3,53.18,159.54
ORD04162,PROD0052,SPF Sunscreen,Beauty,2,19.96,39.92
ORD04163,PROD0014,Winter Jacket,Clothing,3,87.84,263.52
ORD04163,PROD0075,Extra Virgin Olive Oil,Food & Grocery,3,26.39,79.17
ORD04163,PROD0025,Knife Set,Home & Kitchen,1,144.87,144.87
ORD04163,PROD0052,SPF Sunscreen,Beauty,2,19.96,39.92
ORD04164,PROD0050,Graphic Novel,Books,2,18.57,37.14
ORD04164,PROD0042,Data Science Handbook,Books,2,26.6,53.2
ORD04165,PROD0008,Portable Monitor,Electronics,3,144.34,433.02
ORD04165,PROD0023,Blender,Home & Kitchen,1,60.62,60.62
ORD04166,PROD0048,World History,Books,1,25.51,25.51
ORD04166,PROD0022,Air Fryer,Home & Kitchen,3,143.78,431.34
ORD04166,PROD0004,USB-C Hub,Electronics,2,33.39,66.78
ORD04167,PROD0056,Hair Conditioner,Beauty,1,28.27,28.27
ORD04167,PROD0057,Perfume,Beauty,3,50.54,151.62
ORD04167,PROD0058,Eye Cream,Beauty,1,71.04,71.04
ORD04167,PROD0022,Air Fryer,Home & Kitchen,3,143.78,431.34
ORD04168,PROD0074,Granola Mix,Food & Grocery,3,13.35,40.05
ORD04168,PROD0010,Tablet Stand,Electronics,1,16.34,16.34
ORD04168,PROD0048,World History,Books,1,25.51,25.51
ORD04169,PROD0065,Collectible Doll,Toys,2,52.93,105.86
ORD04169,PROD0043,ML Engineering Guide,Books,1,29.52,29.52
ORD04169,PROD0069,Science Experiment Kit,Toys,3,27.62,82.86
ORD04169,PROD0068,Art & Craft Kit,Toys,2,13.06,26.12
ORD04170,PROD0001,Wireless Headphones,Electronics,3,220.67,662.01
ORD04170,PROD0041,Python Programming,Books,3,41.14,123.42
ORD04170,PROD0077,Mixed Nuts Pack,Food & Grocery,3,37.44,112.32
ORD04170,PROD0018,Ankle Socks,Clothing,2,13.84,27.68
ORD04171,PROD0013,Sneakers,Clothing,2,42.92,85.84
ORD04171,PROD0068,Art & Craft Kit,Toys,3,13.06,39.18
ORD04171,PROD0027,Mug Set,Home & Kitchen,3,18.25,54.75
ORD04172,PROD0073,Matcha Green Tea,Food & Grocery,3,31.91,95.73
ORD04172,PROD0017,Running Shorts,Clothing,1,23.82,23.82
ORD04173,PROD0039,Protein Shaker,Sports,3,31.54,94.62
ORD04173,PROD0010,Tablet Stand,Electronics,3,16.34,49.02
ORD04173,PROD0052,SPF Sunscreen,Beauty,3,19.96,59.88
ORD04174,PROD0023,Blender,Home & Kitchen,1,60.62,60.62
ORD04174,PROD0018,Ankle Socks,Clothing,3,13.84,41.52
ORD04175,PROD0071,Whey Protein Bar,Food & Grocery,3,22.38,67.14
ORD04175,PROD0029,LED Desk Lamp,Home & Kitchen,3,80.09,240.27
ORD04176,PROD0058,Eye Cream,Beauty,1,71.04,71.04
ORD04177,PROD0019,Cap,Clothing,1,34.28,34.28
ORD04177,PROD0070,Plush Stuffed Animal,Toys,1,16.69,16.69
ORD04178,PROD0008,Portable Monitor,Electronics,1,144.34,144.34
ORD04178,PROD0079,Multivitamins,Food & Grocery,1,20.74,20.74
ORD04178,PROD0046,Science Fiction Novel,Books,2,13.49,26.98
ORD04179,PROD0052,SPF Sunscreen,Beauty,2,19.96,39.92
ORD04179,PROD0012,Jeans,Clothing,3,65.37,196.11
ORD04179,PROD0069,Science Experiment Kit,Toys,3,27.62,82.86
ORD04180,PROD0052,SPF Sunscreen,Beauty,3,19.96,59.88
ORD04180,PROD0065,Collectible Doll,Toys,2,52.93,105.86
ORD04180,PROD0023,Blender,Home & Kitchen,2,60.62,121.24
ORD04181,PROD0022,Air Fryer,Home & Kitchen,3,143.78,431.34
ORD04181,PROD0057,Perfume,Beauty,2,50.54,101.08
ORD04181,PROD0003,Bluetooth Speaker,Electronics,3,63.0,189.0
ORD04181,PROD0052,SPF Sunscreen,Beauty,1,19.96,19.96
ORD04182,PROD0064,Action Figure,Toys,2,30.54,61.08
ORD04182,PROD0075,Extra Virgin Olive Oil,Food & Grocery,2,26.39,52.78
ORD04182,PROD0030,Throw Pillow,Home & Kitchen,3,42.17,126.51
ORD04182,PROD0011,T-Shirt,Clothing,1,18.75,18.75
ORD04183,PROD0036,Jump Rope,Sports,2,20.14,40.28
ORD04183,PROD0067,Card Game Pack,Toys,3,11.89,35.67
ORD04183,PROD0039,Protein Shaker,Sports,2,31.54,63.08
ORD04183,PROD0057,Perfume,Beauty,3,50.54,151.62
ORD04184,PROD0041,Python Programming,Books,3,41.14,123.42
ORD04184,PROD0045,Self-Help Bestseller,Books,2,13.44,26.88
ORD04184,PROD0057,Perfume,Beauty,2,50.54,101.08
ORD04185,PROD0049,Travel Photography,Books,1,39.07,39.07
ORD04185,PROD0020,Scarf,Clothing,1,12.21,12.21
ORD04186,PROD0017,Running Shorts,Clothing,3,23.82,71.46
ORD04186,PROD0015,Summer Dress,Clothing,1,67.24,67.24
ORD04186,PROD0074,Granola Mix,Food & Grocery,1,13.35,13.35
ORD04187,PROD0038,Gym Bag,Sports,2,65.2,130.4
ORD04187,PROD0029,LED Desk Lamp,Home & Kitchen,2,80.09,160.18
ORD04187,PROD0021,Coffee Maker,Home & Kitchen,3,168.93,506.79
ORD04187,PROD0046,Science Fiction Novel,Books,3,13.49,40.47
ORD04188,PROD0078,Raw Honey,Food & Grocery,3,18.09,54.27
ORD04188,PROD0075,Extra Virgin Olive Oil,Food & Grocery,3,26.39,79.17
ORD04188,PROD0005,Webcam,Electronics,1,143.11,143.11
ORD04189,PROD0009,Phone Case,Electronics,2,22.66,45.32
ORD04189,PROD0021,Coffee Maker,Home & Kitchen,3,168.93,506.79
ORD04189,PROD0031,Yoga Mat,Sports,3,68.43,205.29
ORD04189,PROD0069,Science Experiment Kit,Toys,2,27.62,55.24
ORD04190,PROD0015,Summer Dress,Clothing,1,67.24,67.24
ORD04190,PROD0003,Bluetooth Speaker,Electronics,3,63.0,189.0
ORD04190,PROD0078,Raw Honey,Food & Grocery,1,18.09,18.09
ORD04191,PROD0049,Travel Photography,Books,3,39.07,117.21
ORD04191,PROD0055,Argan Shampoo,Beauty,2,29.44,58.88
ORD04191,PROD0038,Gym Bag,Sports,3,65.2,195.6
ORD04192,PROD0059,Vitamin C Serum,Beauty,2,28.13,56.26
ORD04192,PROD0051,Face Moisturizer,Beauty,2,39.06,78.12
ORD04193,PROD0047,Cook Book,Books,1,17.53,17.53
ORD04193,PROD0046,Science Fiction Novel,Books,3,13.49,40.47
ORD04193,PROD0012,Jeans,Clothing,3,65.37,196.11
ORD04194,PROD0046,Science Fiction Novel,Books,3,13.49,40.47
ORD04195,PROD0010,Tablet Stand,Electronics,2,16.34,32.68
ORD04195,PROD0067,Card Game Pack,Toys,2,11.89,23.78
ORD04195,PROD0025,Knife Set,Home & Kitchen,2,144.87,289.74
ORD04195,PROD0019,Cap,Clothing,1,34.28,34.28
ORD04196,PROD0072,Premium Coffee Beans,Food & Grocery,3,43.12,129.36
ORD04196,PROD0035,Running Shoes,Sports,2,99.21,198.42
ORD04196,PROD0077,Mixed Nuts Pack,Food & Grocery,2,37.44,74.88
ORD04197,PROD0019,Cap,Clothing,1,34.28,34.28
ORD04197,PROD0079,Multivitamins,Food & Grocery,2,20.74,41.48
ORD04197,PROD0013,Sneakers,Clothing,3,42.92,128.76
ORD04198,PROD0009,Phone Case,Electronics,2,22.66,45.32
ORD04198,PROD0055,Argan Shampoo,Beauty,1,29.44,29.44
ORD04198,PROD0012,Jeans,Clothing,3,65.37,196.11
ORD04198,PROD0015,Summer Dress,Clothing,2,67.24,134.48
ORD04199,PROD0051,Face Moisturizer,Beauty,3,39.06,117.18
ORD04199,PROD0018,Ankle Socks,Clothing,3,13.84,41.52
ORD04199,PROD0010,Tablet Stand,Electronics,2,16.34,32.68
ORD04199,PROD0025,Knife Set,Home & Kitchen,1,144.87,144.87
ORD04200,PROD0031,Yoga Mat,Sports,1,68.43,68.43
ORD04201,PROD0012,Jeans,Clothing,2,65.37,130.74
ORD04201,PROD0068,Art & Craft Kit,Toys,3,13.06,39.18
ORD04202,PROD0004,USB-C Hub,Electronics,1,33.39,33.39
ORD04202,PROD0038,Gym Bag,Sports,1,65.2,65.2
ORD04203,PROD0026,Cutting Board,Home & Kitchen,1,23.46,23.46
ORD04203,PROD0003,Bluetooth Speaker,Electronics,1,63.0,63.0
ORD04203,PROD0079,Multivitamins,Food & Grocery,1,20.74,20.74
ORD04203,PROD0063,1000-Piece Puzzle,Toys,3,26.71,80.13
ORD04204,PROD0027,Mug Set,Home & Kitchen,3,18.25,54.75
ORD04204,PROD0047,Cook Book,Books,2,17.53,35.06
ORD04204,PROD0055,Argan Shampoo,Beauty,3,29.44,88.32
ORD04205,PROD0016,Hoodie,Clothing,1,57.25,57.25
ORD04205,PROD0029,LED Desk Lamp,Home & Kitchen,2,80.09,160.18
ORD04206,PROD0030,Throw Pillow,Home & Kitchen,1,42.17,42.17
ORD04206,PROD0016,Hoodie,Clothing,3,57.25,171.75
ORD04207,PROD0028,Storage Organizer,Home & Kitchen,3,24.84,74.52
ORD04207,PROD0010,Tablet Stand,Electronics,3,16.34,49.02
ORD04207,PROD0044,Business Strategy,Books,1,25.81,25.81
ORD04208,PROD0073,Matcha Green Tea,Food & Grocery,3,31.91,95.73
ORD04208,PROD0044,Business Strategy,Books,3,25.81,77.43
ORD04208,PROD0029,LED Desk Lamp,Home & Kitchen,1,80.09,80.09
ORD04209,PROD0001,Wireless Headphones,Electronics,2,220.67,441.34
ORD04209,PROD0020,Scarf,Clothing,2,12.21,24.42
ORD04209,PROD0060,Nail Polish Set,Beauty,3,16.35,49.05
ORD04209,PROD0025,Knife Set,Home & Kitchen,1,144.87,144.87
ORD04210,PROD0072,Premium Coffee Beans,Food & Grocery,2,43.12,86.24
ORD04210,PROD0066,RC Racing Car,Toys,3,74.32,222.96
ORD04210,PROD0018,Ankle Socks,Clothing,3,13.84,41.52
ORD04211,PROD0014,Winter Jacket,Clothing,1,87.84,87.84
ORD04212,PROD0036,Jump Rope,Sports,2,20.14,40.28
ORD04213,PROD0017,Running Shorts,Clothing,1,23.82,23.82
ORD04214,PROD0054,Foundation,Beauty,2,57.15,114.3
ORD04214,PROD0046,Science Fiction Novel,Books,3,13.49,40.47
ORD04215,PROD0043,ML Engineering Guide,Books,1,29.52,29.52
ORD04216,PROD0042,Data Science Handbook,Books,1,26.6,26.6
ORD04216,PROD0022,Air Fryer,Home & Kitchen,2,143.78,287.56
ORD04216,PROD0070,Plush Stuffed Animal,Toys,3,16.69,50.07
ORD04217,PROD0027,Mug Set,Home & Kitchen,2,18.25,36.5
ORD04217,PROD0037,Foam Roller,Sports,3,53.18,159.54
ORD04218,PROD0053,Lipstick Set,Beauty,2,19.34,38.68
ORD04218,PROD0018,Ankle Socks,Clothing,3,13.84,41.52
ORD04218,PROD0078,Raw Honey,Food & Grocery,2,18.09,36.18
ORD04218,PROD0041,Python Programming,Books,1,41.14,41.14
ORD04219,PROD0057,Perfume,Beauty,2,50.54,101.08
ORD04219,PROD0042,Data Science Handbook,Books,2,26.6,53.2
ORD04219,PROD0001,Wireless Headphones,Electronics,2,220.67,441.34
ORD04220,PROD0021,Coffee Maker,Home & Kitchen,1,168.93,168.93
ORD04220,PROD0078,Raw Honey,Food & Grocery,2,18.09,36.18
ORD04220,PROD0063,1000-Piece Puzzle,Toys,1,26.71,26.71
ORD04220,PROD0050,Graphic Novel,Books,3,18.57,55.71
ORD04221,PROD0073,Matcha Green Tea,Food & Grocery,2,31.91,63.82
ORD04221,PROD0027,Mug Set,Home & Kitchen,1,18.25,18.25
ORD04222,PROD0035,Running Shoes,Sports,2,99.21,198.42
ORD04222,PROD0023,Blender,Home & Kitchen,2,60.62,121.24
ORD04222,PROD0039,Protein Shaker,Sports,3,31.54,94.62
ORD04222,PROD0075,Extra Virgin Olive Oil,Food & Grocery,2,26.39,52.78
ORD04223,PROD0076,Artisan Pasta,Food & Grocery,2,10.93,21.86
ORD04223,PROD0010,Tablet Stand,Electronics,1,16.34,16.34
ORD04224,PROD0071,Whey Protein Bar,Food & Grocery,3,22.38,67.14
ORD04225,PROD0014,Winter Jacket,Clothing,3,87.84,263.52
ORD04225,PROD0041,Python Programming,Books,1,41.14,41.14
ORD04225,PROD0024,Toaster,Home & Kitchen,2,29.33,58.66
ORD04226,PROD0017,Running Shorts,Clothing,3,23.82,71.46
ORD04226,PROD0063,1000-Piece Puzzle,Toys,3,26.71,80.13
ORD04226,PROD0079,Multivitamins,Food & Grocery,1,20.74,20.74
ORD04227,PROD0010,Tablet Stand,Electronics,3,16.34,49.02
ORD04228,PROD0035,Running Shoes,Sports,3,99.21,297.63
ORD04228,PROD0019,Cap,Clothing,3,34.28,102.84
ORD04229,PROD0050,Graphic Novel,Books,2,18.57,37.14
ORD04229,PROD0016,Hoodie,Clothing,2,57.25,114.5
ORD04229,PROD0001,Wireless Headphones,Electronics,3,220.67,662.01
ORD04230,PROD0034,Water Bottle,Sports,3,49.06,147.18
ORD04230,PROD0079,Multivitamins,Food & Grocery,2,20.74,41.48
ORD04231,PROD0072,Premium Coffee Beans,Food & Grocery,1,43.12,43.12
ORD04232,PROD0040,Fitness Tracker,Sports,2,99.28,198.56
ORD04233,PROD0079,Multivitamins,Food & Grocery,3,20.74,62.22
ORD04233,PROD0028,Storage Organizer,Home & Kitchen,3,24.84,74.52
ORD04233,PROD0035,Running Shoes,Sports,3,99.21,297.63
ORD04234,PROD0080,Healthy Snack Box,Food & Grocery,3,23.63,70.89
ORD04234,PROD0062,Strategy Board Game,Toys,1,43.8,43.8
ORD04235,PROD0067,Card Game Pack,Toys,3,11.89,35.67
ORD04236,PROD0015,Summer Dress,Clothing,2,67.24,134.48
ORD04236,PROD0062,Strategy Board Game,Toys,2,43.8,87.6
ORD04236,PROD0011,T-Shirt,Clothing,2,18.75,37.5
ORD04236,PROD0017,Running Shorts,Clothing,3,23.82,71.46
ORD04237,PROD0050,Graphic Novel,Books,1,18.57,18.57
ORD04237,PROD0079,Multivitamins,Food & Grocery,1,20.74,20.74
ORD04238,PROD0033,Resistance Bands,Sports,1,26.09,26.09
ORD04238,PROD0052,SPF Sunscreen,Beauty,2,19.96,39.92
ORD04238,PROD0024,Toaster,Home & Kitchen,2,29.33,58.66
ORD04238,PROD0022,Air Fryer,Home & Kitchen,1,143.78,143.78
ORD04239,PROD0074,Granola Mix,Food & Grocery,2,13.35,26.7
ORD04239,PROD0050,Graphic Novel,Books,2,18.57,37.14
ORD04239,PROD0056,Hair Conditioner,Beauty,3,28.27,84.81
ORD04240,PROD0027,Mug Set,Home & Kitchen,2,18.25,36.5
ORD04240,PROD0078,Raw Honey,Food & Grocery,3,18.09,54.27
ORD04240,PROD0069,Science Experiment Kit,Toys,2,27.62,55.24
ORD04241,PROD0049,Travel Photography,Books,2,39.07,78.14
ORD04242,PROD0069,Science Experiment Kit,Toys,2,27.62,55.24
ORD04243,PROD0033,Resistance Bands,Sports,1,26.09,26.09
ORD04243,PROD0057,Perfume,Beauty,3,50.54,151.62
ORD04243,PROD0068,Art & Craft Kit,Toys,3,13.06,39.18
ORD04244,PROD0057,Perfume,Beauty,3,50.54,151.62
ORD04245,PROD0045,Self-Help Bestseller,Books,2,13.44,26.88
ORD04246,PROD0075,Extra Virgin Olive Oil,Food & Grocery,2,26.39,52.78
ORD04246,PROD0063,1000-Piece Puzzle,Toys,2,26.71,53.42
ORD04246,PROD0021,Coffee Maker,Home & Kitchen,1,168.93,168.93
ORD04246,PROD0041,Python Programming,Books,1,41.14,41.14
ORD04247,PROD0014,Winter Jacket,Clothing,2,87.84,175.68
ORD04247,PROD0015,Summer Dress,Clothing,1,67.24,67.24
ORD04247,PROD0041,Python Programming,Books,2,41.14,82.28
ORD04248,PROD0072,Premium Coffee Beans,Food & Grocery,2,43.12,86.24
ORD04248,PROD0048,World History,Books,1,25.51,25.51
ORD04249,PROD0039,Protein Shaker,Sports,2,31.54,63.08
ORD04250,PROD0017,Running Shorts,Clothing,3,23.82,71.46
ORD04250,PROD0010,Tablet Stand,Electronics,3,16.34,49.02
ORD04250,PROD0080,Healthy Snack Box,Food & Grocery,1,23.63,23.63
ORD04251,PROD0011,T-Shirt,Clothing,3,18.75,56.25
ORD04251,PROD0053,Lipstick Set,Beauty,3,19.34,58.02
ORD04252,PROD0044,Business Strategy,Books,3,25.81,77.43
ORD04252,PROD0046,Science Fiction Novel,Books,3,13.49,40.47
ORD04252,PROD0079,Multivitamins,Food & Grocery,2,20.74,41.48
ORD04253,PROD0013,Sneakers,Clothing,2,42.92,85.84
ORD04253,PROD0011,T-Shirt,Clothing,2,18.75,37.5
ORD04253,PROD0012,Jeans,Clothing,2,65.37,130.74
ORD04254,PROD0048,World History,Books,2,25.51,51.02
ORD04254,PROD0040,Fitness Tracker,Sports,2,99.28,198.56
ORD04254,PROD0002,Smart Watch,Electronics,3,110.0,330.0
ORD04255,PROD0064,Action Figure,Toys,2,30.54,61.08
ORD04256,PROD0060,Nail Polish Set,Beauty,2,16.35,32.7
ORD04257,PROD0075,Extra Virgin Olive Oil,Food & Grocery,2,26.39,52.78
ORD04257,PROD0006,Mechanical Keyboard,Electronics,3,151.5,454.5
ORD04257,PROD0051,Face Moisturizer,Beauty,3,39.06,117.18
ORD04258,PROD0035,Running Shoes,Sports,3,99.21,297.63
ORD04258,PROD0068,Art & Craft Kit,Toys,3,13.06,39.18
ORD04258,PROD0032,Adjustable Dumbbells,Sports,1,159.46,159.46
ORD04259,PROD0068,Art & Craft Kit,Toys,1,13.06,13.06
ORD04259,PROD0031,Yoga Mat,Sports,2,68.43,136.86
ORD04259,PROD0007,Gaming Mouse,Electronics,3,109.76,329.28
ORD04260,PROD0017,Running Shorts,Clothing,3,23.82,71.46
ORD04260,PROD0058,Eye Cream,Beauty,2,71.04,142.08
ORD04260,PROD0056,Hair Conditioner,Beauty,1,28.27,28.27
ORD04260,PROD0014,Winter Jacket,Clothing,2,87.84,175.68
ORD04261,PROD0034,Water Bottle,Sports,3,49.06,147.18
ORD04261,PROD0030,Throw Pillow,Home & Kitchen,1,42.17,42.17
ORD04261,PROD0056,Hair Conditioner,Beauty,1,28.27,28.27
ORD04261,PROD0020,Scarf,Clothing,3,12.21,36.63
ORD04262,PROD0050,Graphic Novel,Books,3,18.57,55.71
ORD04263,PROD0006,Mechanical Keyboard,Electronics,3,151.5,454.5
ORD04263,PROD0023,Blender,Home & Kitchen,1,60.62,60.62
ORD04263,PROD0029,LED Desk Lamp,Home & Kitchen,2,80.09,160.18
ORD04264,PROD0050,Graphic Novel,Books,3,18.57,55.71
ORD04264,PROD0060,Nail Polish Set,Beauty,1,16.35,16.35
ORD04264,PROD0012,Jeans,Clothing,2,65.37,130.74
ORD04264,PROD0005,Webcam,Electronics,1,143.11,143.11
ORD04265,PROD0008,Portable Monitor,Electronics,1,144.34,144.34
ORD04265,PROD0018,Ankle Socks,Clothing,2,13.84,27.68
ORD04265,PROD0013,Sneakers,Clothing,3,42.92,128.76
ORD04266,PROD0029,LED Desk Lamp,Home & Kitchen,2,80.09,160.18
ORD04266,PROD0062,Strategy Board Game,Toys,1,43.8,43.8
ORD04266,PROD0014,Winter Jacket,Clothing,1,87.84,87.84
ORD04266,PROD0077,Mixed Nuts Pack,Food & Grocery,3,37.44,112.32
ORD04267,PROD0033,Resistance Bands,Sports,1,26.09,26.09
ORD04268,PROD0048,World History,Books,2,25.51,51.02
ORD04269,PROD0032,Adjustable Dumbbells,Sports,2,159.46,318.92
ORD04269,PROD0015,Summer Dress,Clothing,2,67.24,134.48
ORD04269,PROD0045,Self-Help Bestseller,Books,1,13.44,13.44
ORD04270,PROD0042,Data Science Handbook,Books,3,26.6,79.8
ORD04270,PROD0060,Nail Polish Set,Beauty,2,16.35,32.7
ORD04270,PROD0068,Art & Craft Kit,Toys,1,13.06,13.06
ORD04271,PROD0074,Granola Mix,Food & Grocery,3,13.35,40.05
ORD04272,PROD0069,Science Experiment Kit,Toys,3,27.62,82.86
ORD04272,PROD0079,Multivitamins,Food & Grocery,3,20.74,62.22
ORD04272,PROD0012,Jeans,Clothing,2,65.37,130.74
ORD04273,PROD0007,Gaming Mouse,Electronics,1,109.76,109.76
ORD04273,PROD0043,ML Engineering Guide,Books,2,29.52,59.04
ORD04274,PROD0030,Throw Pillow,Home & Kitchen,2,42.17,84.34
ORD04274,PROD0068,Art & Craft Kit,Toys,3,13.06,39.18
ORD04274,PROD0073,Matcha Green Tea,Food & Grocery,2,31.91,63.82
ORD04275,PROD0011,T-Shirt,Clothing,2,18.75,37.5
ORD04275,PROD0022,Air Fryer,Home & Kitchen,1,143.78,143.78
ORD04275,PROD0053,Lipstick Set,Beauty,1,19.34,19.34
ORD04275,PROD0054,Foundation,Beauty,2,57.15,114.3
ORD04276,PROD0040,Fitness Tracker,Sports,3,99.28,297.84
ORD04276,PROD0073,Matcha Green Tea,Food & Grocery,3,31.91,95.73
ORD04276,PROD0053,Lipstick Set,Beauty,3,19.34,58.02
ORD04277,PROD0012,Jeans,Clothing,2,65.37,130.74
ORD04277,PROD0044,Business Strategy,Books,1,25.81,25.81
ORD04277,PROD0043,ML Engineering Guide,Books,2,29.52,59.04
ORD04277,PROD0071,Whey Protein Bar,Food & Grocery,3,22.38,67.14
ORD04278,PROD0060,Nail Polish Set,Beauty,3,16.35,49.05
ORD04278,PROD0019,Cap,Clothing,2,34.28,68.56
ORD04278,PROD0025,Knife Set,Home & Kitchen,2,144.87,289.74
ORD04279,PROD0018,Ankle Socks,Clothing,3,13.84,41.52
ORD04279,PROD0075,Extra Virgin Olive Oil,Food & Grocery,3,26.39,79.17
ORD04280,PROD0023,Blender,Home & Kitchen,1,60.62,60.62
ORD04280,PROD0036,Jump Rope,Sports,1,20.14,20.14
ORD04280,PROD0009,Phone Case,Electronics,1,22.66,22.66
ORD04281,PROD0080,Healthy Snack Box,Food & Grocery,2,23.63,47.26
ORD04281,PROD0038,Gym Bag,Sports,2,65.2,130.4
ORD04281,PROD0015,Summer Dress,Clothing,3,67.24,201.72
ORD04282,PROD0046,Science Fiction Novel,Books,3,13.49,40.47
ORD04283,PROD0023,Blender,Home & Kitchen,2,60.62,121.24
ORD04283,PROD0067,Card Game Pack,Toys,3,11.89,35.67
ORD04283,PROD0034,Water Bottle,Sports,3,49.06,147.18
ORD04284,PROD0077,Mixed Nuts Pack,Food & Grocery,2,37.44,74.88
ORD04284,PROD0058,Eye Cream,Beauty,2,71.04,142.08
ORD04284,PROD0019,Cap,Clothing,3,34.28,102.84
ORD04285,PROD0002,Smart Watch,Electronics,3,110.0,330.0
ORD04286,PROD0002,Smart Watch,Electronics,2,110.0,220.0
ORD04286,PROD0009,Phone Case,Electronics,1,22.66,22.66
ORD04286,PROD0007,Gaming Mouse,Electronics,1,109.76,109.76
ORD04286,PROD0057,Perfume,Beauty,3,50.54,151.62
ORD04287,PROD0044,Business Strategy,Books,3,25.81,77.43
ORD04287,PROD0021,Coffee Maker,Home & Kitchen,3,168.93,506.79
ORD04287,PROD0047,Cook Book,Books,1,17.53,17.53
ORD04288,PROD0028,Storage Organizer,Home & Kitchen,2,24.84,49.68
ORD04288,PROD0077,Mixed Nuts Pack,Food & Grocery,1,37.44,37.44
ORD04289,PROD0039,Protein Shaker,Sports,1,31.54,31.54
ORD04289,PROD0073,Matcha Green Tea,Food & Grocery,3,31.91,95.73
ORD04290,PROD0015,Summer Dress,Clothing,2,67.24,134.48
ORD04290,PROD0074,Granola Mix,Food & Grocery,1,13.35,13.35
ORD04290,PROD0027,Mug Set,Home & Kitchen,2,18.25,36.5
ORD04291,PROD0078,Raw Honey,Food & Grocery,2,18.09,36.18
ORD04292,PROD0060,Nail Polish Set,Beauty,2,16.35,32.7
ORD04293,PROD0017,Running Shorts,Clothing,3,23.82,71.46
ORD04293,PROD0053,Lipstick Set,Beauty,2,19.34,38.68
ORD04293,PROD0001,Wireless Headphones,Electronics,3,220.67,662.01
ORD04293,PROD0048,World History,Books,3,25.51,76.53
ORD04294,PROD0049,Travel Photography,Books,2,39.07,78.14
ORD04295,PROD0021,Coffee Maker,Home & Kitchen,3,168.93,506.79
ORD04295,PROD0019,Cap,Clothing,3,34.28,102.84
ORD04295,PROD0077,Mixed Nuts Pack,Food & Grocery,2,37.44,74.88
ORD04295,PROD0064,Action Figure,Toys,3,30.54,91.62
ORD04296,PROD0026,Cutting Board,Home & Kitchen,2,23.46,46.92
ORD04296,PROD0017,Running Shorts,Clothing,1,23.82,23.82
ORD04297,PROD0020,Scarf,Clothing,3,12.21,36.63
ORD04297,PROD0066,RC Racing Car,Toys,2,74.32,148.64
ORD04297,PROD0049,Travel Photography,Books,3,39.07,117.21
ORD04298,PROD0069,Science Experiment Kit,Toys,1,27.62,27.62
ORD04298,PROD0023,Blender,Home & Kitchen,3,60.62,181.86
ORD04298,PROD0006,Mechanical Keyboard,Electronics,3,151.5,454.5
ORD04299,PROD0034,Water Bottle,Sports,2,49.06,98.12
ORD04299,PROD0007,Gaming Mouse,Electronics,2,109.76,219.52
ORD04300,PROD0045,Self-Help Bestseller,Books,3,13.44,40.32
ORD04300,PROD0073,Matcha Green Tea,Food & Grocery,2,31.91,63.82
ORD04300,PROD0076,Artisan Pasta,Food & Grocery,1,10.93,10.93
ORD04301,PROD0041,Python Programming,Books,2,41.14,82.28
ORD04302,PROD0046,Science Fiction Novel,Books,1,13.49,13.49
ORD04303,PROD0001,Wireless Headphones,Electronics,1,220.67,220.67
ORD04303,PROD0004,USB-C Hub,Electronics,1,33.39,33.39
ORD04303,PROD0042,Data Science Handbook,Books,1,26.6,26.6
ORD04303,PROD0016,Hoodie,Clothing,2,57.25,114.5
ORD04304,PROD0007,Gaming Mouse,Electronics,3,109.76,329.28
ORD04304,PROD0020,Scarf,Clothing,3,12.21,36.63
ORD04304,PROD0079,Multivitamins,Food & Grocery,1,20.74,20.74
ORD04305,PROD0073,Matcha Green Tea,Food & Grocery,1,31.91,31.91
ORD04306,PROD0055,Argan Shampoo,Beauty,3,29.44,88.32
ORD04306,PROD0074,Granola Mix,Food & Grocery,1,13.35,13.35
ORD04306,PROD0004,USB-C Hub,Electronics,2,33.39,66.78
ORD04306,PROD0045,Self-Help Bestseller,Books,2,13.44,26.88
ORD04307,PROD0069,Science Experiment Kit,Toys,3,27.62,82.86
ORD04307,PROD0006,Mechanical Keyboard,Electronics,1,151.5,151.5
ORD04307,PROD0079,Multivitamins,Food & Grocery,2,20.74,41.48
ORD04308,PROD0047,Cook Book,Books,3,17.53,52.59
ORD04308,PROD0014,Winter Jacket,Clothing,3,87.84,263.52
ORD04308,PROD0029,LED Desk Lamp,Home & Kitchen,1,80.09,80.09
ORD04308,PROD0076,Artisan Pasta,Food & Grocery,3,10.93,32.79
ORD04309,PROD0038,Gym Bag,Sports,2,65.2,130.4
ORD04309,PROD0016,Hoodie,Clothing,3,57.25,171.75
ORD04309,PROD0002,Smart Watch,Electronics,1,110.0,110.0
ORD04310,PROD0068,Art & Craft Kit,Toys,3,13.06,39.18
ORD04310,PROD0055,Argan Shampoo,Beauty,1,29.44,29.44
ORD04310,PROD0001,Wireless Headphones,Electronics,1,220.67,220.67
ORD04310,PROD0078,Raw Honey,Food & Grocery,3,18.09,54.27
ORD04311,PROD0048,World History,Books,3,25.51,76.53
ORD04311,PROD0003,Bluetooth Speaker,Electronics,1,63.0,63.0
ORD04311,PROD0042,Data Science Handbook,Books,3,26.6,79.8
ORD04312,PROD0016,Hoodie,Clothing,2,57.25,114.5
ORD04312,PROD0008,Portable Monitor,Electronics,2,144.34,288.68
ORD04312,PROD0007,Gaming Mouse,Electronics,3,109.76,329.28
ORD04312,PROD0050,Graphic Novel,Books,1,18.57,18.57
ORD04313,PROD0043,ML Engineering Guide,Books,1,29.52,29.52
ORD04313,PROD0029,LED Desk Lamp,Home & Kitchen,2,80.09,160.18
ORD04313,PROD0071,Whey Protein Bar,Food & Grocery,2,22.38,44.76
ORD04314,PROD0003,Bluetooth Speaker,Electronics,2,63.0,126.0
ORD04314,PROD0060,Nail Polish Set,Beauty,3,16.35,49.05
ORD04315,PROD0078,Raw Honey,Food & Grocery,3,18.09,54.27
ORD04315,PROD0064,Action Figure,Toys,3,30.54,91.62
ORD04315,PROD0079,Multivitamins,Food & Grocery,3,20.74,62.22
ORD04316,PROD0017,Running Shorts,Clothing,1,23.82,23.82
ORD04316,PROD0074,Granola Mix,Food & Grocery,2,13.35,26.7
ORD04316,PROD0062,Strategy Board Game,Toys,1,43.8,43.8
ORD04316,PROD0004,USB-C Hub,Electronics,2,33.39,66.78
ORD04317,PROD0080,Healthy Snack Box,Food & Grocery,1,23.63,23.63
ORD04317,PROD0048,World History,Books,3,25.51,76.53
ORD04318,PROD0036,Jump Rope,Sports,2,20.14,40.28
ORD04318,PROD0037,Foam Roller,Sports,1,53.18,53.18
ORD04319,PROD0053,Lipstick Set,Beauty,1,19.34,19.34
ORD04319,PROD0066,RC Racing Car,Toys,2,74.32,148.64
ORD04320,PROD0030,Throw Pillow,Home & Kitchen,1,42.17,42.17
ORD04321,PROD0064,Action Figure,Toys,1,30.54,30.54
ORD04322,PROD0062,Strategy Board Game,Toys,1,43.8,43.8
ORD04322,PROD0064,Action Figure,Toys,1,30.54,30.54
ORD04322,PROD0068,Art & Craft Kit,Toys,3,13.06,39.18
ORD04323,PROD0040,Fitness Tracker,Sports,2,99.28,198.56
ORD04323,PROD0061,LEGO Creator Set,Toys,1,99.16,99.16
ORD04323,PROD0026,Cutting Board,Home & Kitchen,2,23.46,46.92
ORD04323,PROD0034,Water Bottle,Sports,3,49.06,147.18
ORD04324,PROD0006,Mechanical Keyboard,Electronics,3,151.5,454.5
ORD04324,PROD0020,Scarf,Clothing,1,12.21,12.21
ORD04324,PROD0004,USB-C Hub,Electronics,2,33.39,66.78
ORD04325,PROD0077,Mixed Nuts Pack,Food & Grocery,3,37.44,112.32
ORD04325,PROD0028,Storage Organizer,Home & Kitchen,1,24.84,24.84
ORD04325,PROD0061,LEGO Creator Set,Toys,2,99.16,198.32
ORD04325,PROD0030,Throw Pillow,Home & Kitchen,2,42.17,84.34
ORD04326,PROD0024,Toaster,Home & Kitchen,2,29.33,58.66
ORD04326,PROD0068,Art & Craft Kit,Toys,1,13.06,13.06
ORD04326,PROD0061,LEGO Creator Set,Toys,3,99.16,297.48
ORD04326,PROD0077,Mixed Nuts Pack,Food & Grocery,2,37.44,74.88
ORD04327,PROD0017,Running Shorts,Clothing,1,23.82,23.82
ORD04328,PROD0053,Lipstick Set,Beauty,3,19.34,58.02
ORD04329,PROD0048,World History,Books,2,25.51,51.02
ORD04330,PROD0031,Yoga Mat,Sports,2,68.43,136.86
ORD04330,PROD0055,Argan Shampoo,Beauty,3,29.44,88.32
ORD04331,PROD0052,SPF Sunscreen,Beauty,2,19.96,39.92
ORD04331,PROD0078,Raw Honey,Food & Grocery,3,18.09,54.27
ORD04331,PROD0059,Vitamin C Serum,Beauty,1,28.13,28.13
ORD04331,PROD0074,Granola Mix,Food & Grocery,2,13.35,26.7
ORD04332,PROD0055,Argan Shampoo,Beauty,3,29.44,88.32
ORD04333,PROD0056,Hair Conditioner,Beauty,2,28.27,56.54
ORD04333,PROD0076,Artisan Pasta,Food & Grocery,1,10.93,10.93
ORD04334,PROD0074,Granola Mix,Food & Grocery,1,13.35,13.35
ORD04334,PROD0033,Resistance Bands,Sports,3,26.09,78.27
ORD04334,PROD0053,Lipstick Set,Beauty,2,19.34,38.68
ORD04334,PROD0018,Ankle Socks,Clothing,3,13.84,41.52
ORD04335,PROD0073,Matcha Green Tea,Food & Grocery,3,31.91,95.73
ORD04335,PROD0061,LEGO Creator Set,Toys,1,99.16,99.16
ORD04335,PROD0079,Multivitamins,Food & Grocery,1,20.74,20.74
ORD04336,PROD0071,Whey Protein Bar,Food & Grocery,2,22.38,44.76
ORD04336,PROD0060,Nail Polish Set,Beauty,3,16.35,49.05
ORD04336,PROD0002,Smart Watch,Electronics,1,110.0,110.0
ORD04336,PROD0028,Storage Organizer,Home & Kitchen,1,24.84,24.84
ORD04337,PROD0002,Smart Watch,Electronics,3,110.0,330.0
ORD04337,PROD0046,Science Fiction Novel,Books,1,13.49,13.49
ORD04338,PROD0075,Extra Virgin Olive Oil,Food & Grocery,1,26.39,26.39
ORD04338,PROD0052,SPF Sunscreen,Beauty,1,19.96,19.96
ORD04339,PROD0059,Vitamin C Serum,Beauty,3,28.13,84.39
ORD04339,PROD0056,Hair Conditioner,Beauty,3,28.27,84.81
ORD04339,PROD0074,Granola Mix,Food & Grocery,1,13.35,13.35
ORD04340,PROD0036,Jump Rope,Sports,1,20.14,20.14
ORD04340,PROD0054,Foundation,Beauty,2,57.15,114.3
ORD04340,PROD0002,Smart Watch,Electronics,1,110.0,110.0
ORD04341,PROD0006,Mechanical Keyboard,Electronics,3,151.5,454.5
ORD04342,PROD0067,Card Game Pack,Toys,3,11.89,35.67
ORD04342,PROD0068,Art & Craft Kit,Toys,3,13.06,39.18
ORD04342,PROD0060,Nail Polish Set,Beauty,3,16.35,49.05
ORD04342,PROD0019,Cap,Clothing,1,34.28,34.28
ORD04343,PROD0057,Perfume,Beauty,3,50.54,151.62
ORD04343,PROD0011,T-Shirt,Clothing,2,18.75,37.5
ORD04343,PROD0002,Smart Watch,Electronics,2,110.0,220.0
ORD04344,PROD0051,Face Moisturizer,Beauty,2,39.06,78.12
ORD04344,PROD0016,Hoodie,Clothing,2,57.25,114.5
ORD04344,PROD0011,T-Shirt,Clothing,3,18.75,56.25
ORD04345,PROD0005,Webcam,Electronics,2,143.11,286.22
ORD04345,PROD0009,Phone Case,Electronics,2,22.66,45.32
ORD04345,PROD0013,Sneakers,Clothing,3,42.92,128.76
ORD04346,PROD0009,Phone Case,Electronics,1,22.66,22.66
ORD04346,PROD0057,Perfume,Beauty,2,50.54,101.08
ORD04347,PROD0035,Running Shoes,Sports,2,99.21,198.42
ORD04347,PROD0059,Vitamin C Serum,Beauty,2,28.13,56.26
ORD04347,PROD0074,Granola Mix,Food & Grocery,1,13.35,13.35
ORD04348,PROD0057,Perfume,Beauty,3,50.54,151.62
ORD04349,PROD0051,Face Moisturizer,Beauty,3,39.06,117.18
ORD04350,PROD0061,LEGO Creator Set,Toys,1,99.16,99.16
ORD04350,PROD0031,Yoga Mat,Sports,1,68.43,68.43
ORD04350,PROD0054,Foundation,Beauty,2,57.15,114.3
ORD04351,PROD0019,Cap,Clothing,1,34.28,34.28
ORD04351,PROD0002,Smart Watch,Electronics,3,110.0,330.0
ORD04351,PROD0028,Storage Organizer,Home & Kitchen,1,24.84,24.84
ORD04351,PROD0015,Summer Dress,Clothing,3,67.24,201.72
ORD04352,PROD0056,Hair Conditioner,Beauty,1,28.27,28.27
ORD04352,PROD0007,Gaming Mouse,Electronics,1,109.76,109.76
ORD04352,PROD0023,Blender,Home & Kitchen,1,60.62,60.62
ORD04353,PROD0052,SPF Sunscreen,Beauty,3,19.96,59.88
ORD04354,PROD0048,World History,Books,2,25.51,51.02
ORD04354,PROD0016,Hoodie,Clothing,3,57.25,171.75
ORD04355,PROD0038,Gym Bag,Sports,3,65.2,195.6
ORD04355,PROD0056,Hair Conditioner,Beauty,2,28.27,56.54
ORD04355,PROD0048,World History,Books,1,25.51,25.51
ORD04355,PROD0032,Adjustable Dumbbells,Sports,3,159.46,478.38
ORD04356,PROD0007,Gaming Mouse,Electronics,2,109.76,219.52
ORD04356,PROD0042,Data Science Handbook,Books,1,26.6,26.6
ORD04356,PROD0034,Water Bottle,Sports,2,49.06,98.12
ORD04357,PROD0067,Card Game Pack,Toys,3,11.89,35.67
ORD04357,PROD0016,Hoodie,Clothing,1,57.25,57.25
ORD04357,PROD0046,Science Fiction Novel,Books,1,13.49,13.49
ORD04357,PROD0005,Webcam,Electronics,1,143.11,143.11
ORD04358,PROD0015,Summer Dress,Clothing,2,67.24,134.48
ORD04359,PROD0029,LED Desk Lamp,Home & Kitchen,1,80.09,80.09
ORD04359,PROD0020,Scarf,Clothing,1,12.21,12.21
ORD04360,PROD0007,Gaming Mouse,Electronics,2,109.76,219.52
ORD04360,PROD0036,Jump Rope,Sports,1,20.14,20.14
ORD04360,PROD0016,Hoodie,Clothing,1,57.25,57.25
ORD04361,PROD0045,Self-Help Bestseller,Books,1,13.44,13.44
ORD04362,PROD0019,Cap,Clothing,1,34.28,34.28
ORD04362,PROD0055,Argan Shampoo,Beauty,3,29.44,88.32
ORD04362,PROD0063,1000-Piece Puzzle,Toys,1,26.71,26.71
ORD04362,PROD0054,Foundation,Beauty,2,57.15,114.3
ORD04363,PROD0058,Eye Cream,Beauty,1,71.04,71.04
ORD04364,PROD0080,Healthy Snack Box,Food & Grocery,3,23.63,70.89
ORD04365,PROD0038,Gym Bag,Sports,2,65.2,130.4
ORD04365,PROD0073,Matcha Green Tea,Food & Grocery,2,31.91,63.82
ORD04365,PROD0043,ML Engineering Guide,Books,2,29.52,59.04
ORD04365,PROD0002,Smart Watch,Electronics,2,110.0,220.0
ORD04366,PROD0019,Cap,Clothing,3,34.28,102.84
ORD04367,PROD0008,Portable Monitor,Electronics,2,144.34,288.68
ORD04368,PROD0031,Yoga Mat,Sports,2,68.43,136.86
ORD04368,PROD0050,Graphic Novel,Books,1,18.57,18.57
ORD04368,PROD0027,Mug Set,Home & Kitchen,3,18.25,54.75
ORD04368,PROD0077,Mixed Nuts Pack,Food & Grocery,1,37.44,37.44
ORD04369,PROD0067,Card Game Pack,Toys,2,11.89,23.78
ORD04369,PROD0013,Sneakers,Clothing,1,42.92,42.92
ORD04369,PROD0078,Raw Honey,Food & Grocery,3,18.09,54.27
ORD04369,PROD0038,Gym Bag,Sports,3,65.2,195.6
ORD04370,PROD0006,Mechanical Keyboard,Electronics,1,151.5,151.5
ORD04370,PROD0013,Sneakers,Clothing,2,42.92,85.84
ORD04370,PROD0055,Argan Shampoo,Beauty,2,29.44,58.88
ORD04371,PROD0059,Vitamin C Serum,Beauty,3,28.13,84.39
ORD04371,PROD0012,Jeans,Clothing,1,65.37,65.37
ORD04371,PROD0050,Graphic Novel,Books,3,18.57,55.71
ORD04371,PROD0079,Multivitamins,Food & Grocery,2,20.74,41.48
ORD04372,PROD0025,Knife Set,Home & Kitchen,1,144.87,144.87
ORD04372,PROD0032,Adjustable Dumbbells,Sports,2,159.46,318.92
ORD04373,PROD0061,LEGO Creator Set,Toys,1,99.16,99.16
ORD04373,PROD0024,Toaster,Home & Kitchen,2,29.33,58.66
ORD04374,PROD0036,Jump Rope,Sports,3,20.14,60.42
ORD04374,PROD0060,Nail Polish Set,Beauty,1,16.35,16.35
ORD04374,PROD0033,Resistance Bands,Sports,3,26.09,78.27
ORD04374,PROD0074,Granola Mix,Food & Grocery,2,13.35,26.7
ORD04375,PROD0012,Jeans,Clothing,3,65.37,196.11
ORD04376,PROD0036,Jump Rope,Sports,3,20.14,60.42
ORD04376,PROD0030,Throw Pillow,Home & Kitchen,1,42.17,42.17
ORD04376,PROD0029,LED Desk Lamp,Home & Kitchen,1,80.09,80.09
ORD04376,PROD0002,Smart Watch,Electronics,1,110.0,110.0
ORD04377,PROD0017,Running Shorts,Clothing,2,23.82,47.64
ORD04377,PROD0057,Perfume,Beauty,2,50.54,101.08
ORD04378,PROD0077,Mixed Nuts Pack,Food & Grocery,2,37.44,74.88
ORD04378,PROD0073,Matcha Green Tea,Food & Grocery,2,31.91,63.82
ORD04378,PROD0046,Science Fiction Novel,Books,3,13.49,40.47
ORD04379,PROD0014,Winter Jacket,Clothing,2,87.84,175.68
ORD04379,PROD0056,Hair Conditioner,Beauty,2,28.27,56.54
ORD04379,PROD0026,Cutting Board,Home & Kitchen,1,23.46,23.46
ORD04379,PROD0043,ML Engineering Guide,Books,3,29.52,88.56
ORD04380,PROD0055,Argan Shampoo,Beauty,2,29.44,58.88
ORD04381,PROD0080,Healthy Snack Box,Food & Grocery,2,23.63,47.26
ORD04382,PROD0080,Healthy Snack Box,Food & Grocery,3,23.63,70.89
ORD04382,PROD0067,Card Game Pack,Toys,3,11.89,35.67
ORD04383,PROD0009,Phone Case,Electronics,2,22.66,45.32
ORD04384,PROD0018,Ankle Socks,Clothing,3,13.84,41.52
ORD04384,PROD0032,Adjustable Dumbbells,Sports,1,159.46,159.46
ORD04384,PROD0078,Raw Honey,Food & Grocery,3,18.09,54.27
ORD04385,PROD0015,Summer Dress,Clothing,3,67.24,201.72
ORD04385,PROD0044,Business Strategy,Books,1,25.81,25.81
ORD04385,PROD0074,Granola Mix,Food & Grocery,1,13.35,13.35
ORD04385,PROD0032,Adjustable Dumbbells,Sports,2,159.46,318.92
ORD04386,PROD0023,Blender,Home & Kitchen,2,60.62,121.24
ORD04386,PROD0028,Storage Organizer,Home & Kitchen,3,24.84,74.52
ORD04387,PROD0027,Mug Set,Home & Kitchen,3,18.25,54.75
ORD04388,PROD0037,Foam Roller,Sports,3,53.18,159.54
ORD04388,PROD0076,Artisan Pasta,Food & Grocery,1,10.93,10.93
ORD04388,PROD0041,Python Programming,Books,1,41.14,41.14
ORD04388,PROD0069,Science Experiment Kit,Toys,3,27.62,82.86
ORD04389,PROD0018,Ankle Socks,Clothing,3,13.84,41.52
ORD04390,PROD0001,Wireless Headphones,Electronics,3,220.67,662.01
ORD04390,PROD0074,Granola Mix,Food & Grocery,3,13.35,40.05
ORD04390,PROD0014,Winter Jacket,Clothing,1,87.84,87.84
ORD04391,PROD0010,Tablet Stand,Electronics,2,16.34,32.68
ORD04391,PROD0053,Lipstick Set,Beauty,3,19.34,58.02
ORD04392,PROD0020,Scarf,Clothing,3,12.21,36.63
ORD04392,PROD0003,Bluetooth Speaker,Electronics,2,63.0,126.0
ORD04393,PROD0045,Self-Help Bestseller,Books,1,13.44,13.44
ORD04393,PROD0030,Throw Pillow,Home & Kitchen,2,42.17,84.34
ORD04393,PROD0071,Whey Protein Bar,Food & Grocery,2,22.38,44.76
ORD04393,PROD0059,Vitamin C Serum,Beauty,1,28.13,28.13
ORD04394,PROD0062,Strategy Board Game,Toys,2,43.8,87.6
ORD04395,PROD0009,Phone Case,Electronics,1,22.66,22.66
ORD04395,PROD0072,Premium Coffee Beans,Food & Grocery,3,43.12,129.36
ORD04396,PROD0012,Jeans,Clothing,3,65.37,196.11
ORD04396,PROD0067,Card Game Pack,Toys,2,11.89,23.78
ORD04397,PROD0075,Extra Virgin Olive Oil,Food & Grocery,2,26.39,52.78
ORD04397,PROD0018,Ankle Socks,Clothing,1,13.84,13.84
ORD04398,PROD0069,Science Experiment Kit,Toys,1,27.62,27.62
ORD04398,PROD0024,Toaster,Home & Kitchen,1,29.33,29.33
ORD04398,PROD0078,Raw Honey,Food & Grocery,1,18.09,18.09
ORD04398,PROD0073,Matcha Green Tea,Food & Grocery,1,31.91,31.91
ORD04399,PROD0061,LEGO Creator Set,Toys,3,99.16,297.48
ORD04399,PROD0027,Mug Set,Home & Kitchen,3,18.25,54.75
ORD04399,PROD0014,Winter Jacket,Clothing,1,87.84,87.84
ORD04399,PROD0022,Air Fryer,Home & Kitchen,3,143.78,431.34
ORD04400,PROD0026,Cutting Board,Home & Kitchen,2,23.46,46.92
ORD04400,PROD0024,Toaster,Home & Kitchen,2,29.33,58.66
ORD04400,PROD0021,Coffee Maker,Home & Kitchen,3,168.93,506.79
ORD04400,PROD0048,World History,Books,1,25.51,25.51
ORD04401,PROD0060,Nail Polish Set,Beauty,3,16.35,49.05
ORD04401,PROD0020,Scarf,Clothing,1,12.21,12.21
ORD04402,PROD0041,Python Programming,Books,2,41.14,82.28
ORD04402,PROD0029,LED Desk Lamp,Home & Kitchen,3,80.09,240.27
ORD04403,PROD0038,Gym Bag,Sports,3,65.2,195.6
ORD04403,PROD0076,Artisan Pasta,Food & Grocery,2,10.93,21.86
ORD04404,PROD0074,Granola Mix,Food & Grocery,3,13.35,40.05
ORD04404,PROD0015,Summer Dress,Clothing,3,67.24,201.72
ORD04405,PROD0032,Adjustable Dumbbells,Sports,1,159.46,159.46
ORD04406,PROD0020,Scarf,Clothing,2,12.21,24.42
ORD04406,PROD0073,Matcha Green Tea,Food & Grocery,2,31.91,63.82
ORD04406,PROD0052,SPF Sunscreen,Beauty,1,19.96,19.96
ORD04406,PROD0048,World History,Books,2,25.51,51.02
ORD04407,PROD0068,Art & Craft Kit,Toys,2,13.06,26.12
ORD04408,PROD0023,Blender,Home & Kitchen,2,60.62,121.24
ORD04408,PROD0006,Mechanical Keyboard,Electronics,2,151.5,303.0
ORD04408,PROD0025,Knife Set,Home & Kitchen,2,144.87,289.74
ORD04409,PROD0060,Nail Polish Set,Beauty,3,16.35,49.05
ORD04409,PROD0042,Data Science Handbook,Books,3,26.6,79.8
ORD04410,PROD0024,Toaster,Home & Kitchen,1,29.33,29.33
ORD04410,PROD0021,Coffee Maker,Home & Kitchen,1,168.93,168.93
ORD04410,PROD0014,Winter Jacket,Clothing,1,87.84,87.84
ORD04411,PROD0030,Throw Pillow,Home & Kitchen,2,42.17,84.34
ORD04412,PROD0066,RC Racing Car,Toys,1,74.32,74.32
ORD04413,PROD0080,Healthy Snack Box,Food & Grocery,3,23.63,70.89
ORD04413,PROD0025,Knife Set,Home & Kitchen,1,144.87,144.87
ORD04414,PROD0019,Cap,Clothing,1,34.28,34.28
ORD04414,PROD0012,Jeans,Clothing,3,65.37,196.11
ORD04415,PROD0039,Protein Shaker,Sports,2,31.54,63.08
ORD04415,PROD0016,Hoodie,Clothing,3,57.25,171.75
ORD04415,PROD0042,Data Science Handbook,Books,3,26.6,79.8
ORD04416,PROD0013,Sneakers,Clothing,3,42.92,128.76
ORD04416,PROD0056,Hair Conditioner,Beauty,3,28.27,84.81
ORD04416,PROD0040,Fitness Tracker,Sports,1,99.28,99.28
ORD04416,PROD0002,Smart Watch,Electronics,1,110.0,110.0
ORD04417,PROD0048,World History,Books,3,25.51,76.53
ORD04417,PROD0073,Matcha Green Tea,Food & Grocery,2,31.91,63.82
ORD04417,PROD0001,Wireless Headphones,Electronics,1,220.67,220.67
ORD04418,PROD0047,Cook Book,Books,2,17.53,35.06
ORD04418,PROD0064,Action Figure,Toys,1,30.54,30.54
ORD04418,PROD0004,USB-C Hub,Electronics,2,33.39,66.78
ORD04418,PROD0007,Gaming Mouse,Electronics,3,109.76,329.28
ORD04419,PROD0066,RC Racing Car,Toys,1,74.32,74.32
ORD04420,PROD0019,Cap,Clothing,2,34.28,68.56
ORD04421,PROD0005,Webcam,Electronics,3,143.11,429.33
ORD04421,PROD0056,Hair Conditioner,Beauty,2,28.27,56.54
ORD04421,PROD0077,Mixed Nuts Pack,Food & Grocery,1,37.44,37.44
ORD04421,PROD0075,Extra Virgin Olive Oil,Food & Grocery,3,26.39,79.17
ORD04422,PROD0070,Plush Stuffed Animal,Toys,1,16.69,16.69
ORD04422,PROD0031,Yoga Mat,Sports,1,68.43,68.43
ORD04422,PROD0039,Protein Shaker,Sports,2,31.54,63.08
ORD04423,PROD0049,Travel Photography,Books,1,39.07,39.07
ORD04423,PROD0069,Science Experiment Kit,Toys,2,27.62,55.24
ORD04423,PROD0041,Python Programming,Books,1,41.14,41.14
ORD04423,PROD0034,Water Bottle,Sports,2,49.06,98.12
ORD04424,PROD0055,Argan Shampoo,Beauty,3,29.44,88.32
ORD04424,PROD0025,Knife Set,Home & Kitchen,1,144.87,144.87
ORD04424,PROD0070,Plush Stuffed Animal,Toys,3,16.69,50.07
ORD04425,PROD0032,Adjustable Dumbbells,Sports,1,159.46,159.46
ORD04425,PROD0060,Nail Polish Set,Beauty,1,16.35,16.35
ORD04425,PROD0063,1000-Piece Puzzle,Toys,2,26.71,53.42
ORD04426,PROD0011,T-Shirt,Clothing,3,18.75,56.25
ORD04426,PROD0059,Vitamin C Serum,Beauty,2,28.13,56.26
ORD04426,PROD0034,Water Bottle,Sports,1,49.06,49.06
ORD04426,PROD0013,Sneakers,Clothing,3,42.92,128.76
ORD04427,PROD0053,Lipstick Set,Beauty,2,19.34,38.68
ORD04427,PROD0005,Webcam,Electronics,2,143.11,286.22
ORD04427,PROD0019,Cap,Clothing,2,34.28,68.56
ORD04427,PROD0007,Gaming Mouse,Electronics,3,109.76,329.28
ORD04428,PROD0048,World History,Books,1,25.51,25.51
ORD04428,PROD0004,USB-C Hub,Electronics,1,33.39,33.39
ORD04428,PROD0075,Extra Virgin Olive Oil,Food & Grocery,2,26.39,52.78
ORD04428,PROD0034,Water Bottle,Sports,2,49.06,98.12
ORD04429,PROD0062,Strategy Board Game,Toys,2,43.8,87.6
ORD04429,PROD0051,Face Moisturizer,Beauty,2,39.06,78.12
ORD04430,PROD0013,Sneakers,Clothing,3,42.92,128.76
ORD04430,PROD0027,Mug Set,Home & Kitchen,3,18.25,54.75
ORD04430,PROD0020,Scarf,Clothing,3,12.21,36.63
ORD04430,PROD0040,Fitness Tracker,Sports,1,99.28,99.28
ORD04431,PROD0026,Cutting Board,Home & Kitchen,3,23.46,70.38
ORD04432,PROD0077,Mixed Nuts Pack,Food & Grocery,1,37.44,37.44
ORD04432,PROD0061,LEGO Creator Set,Toys,1,99.16,99.16
ORD04432,PROD0027,Mug Set,Home & Kitchen,1,18.25,18.25
ORD04432,PROD0078,Raw Honey,Food & Grocery,1,18.09,18.09
ORD04433,PROD0043,ML Engineering Guide,Books,2,29.52,59.04
ORD04433,PROD0064,Action Figure,Toys,3,30.54,91.62
ORD04434,PROD0029,LED Desk Lamp,Home & Kitchen,3,80.09,240.27
ORD04434,PROD0062,Strategy Board Game,Toys,3,43.8,131.4
ORD04434,PROD0040,Fitness Tracker,Sports,3,99.28,297.84
ORD04434,PROD0034,Water Bottle,Sports,2,49.06,98.12
ORD04435,PROD0056,Hair Conditioner,Beauty,2,28.27,56.54
ORD04435,PROD0034,Water Bottle,Sports,2,49.06,98.12
ORD04435,PROD0019,Cap,Clothing,2,34.28,68.56
ORD04436,PROD0073,Matcha Green Tea,Food & Grocery,1,31.91,31.91
ORD04437,PROD0071,Whey Protein Bar,Food & Grocery,3,22.38,67.14
ORD04437,PROD0015,Summer Dress,Clothing,2,67.24,134.48
ORD04437,PROD0054,Foundation,Beauty,3,57.15,171.45
ORD04438,PROD0001,Wireless Headphones,Electronics,3,220.67,662.01
ORD04439,PROD0069,Science Experiment Kit,Toys,3,27.62,82.86
ORD04439,PROD0080,Healthy Snack Box,Food & Grocery,2,23.63,47.26
ORD04439,PROD0076,Artisan Pasta,Food & Grocery,3,10.93,32.79
ORD04440,PROD0079,Multivitamins,Food & Grocery,1,20.74,20.74
ORD04440,PROD0026,Cutting Board,Home & Kitchen,3,23.46,70.38
ORD04441,PROD0076,Artisan Pasta,Food & Grocery,2,10.93,21.86
ORD04442,PROD0052,SPF Sunscreen,Beauty,1,19.96,19.96
ORD04442,PROD0010,Tablet Stand,Electronics,2,16.34,32.68
ORD04442,PROD0005,Webcam,Electronics,2,143.11,286.22
ORD04442,PROD0079,Multivitamins,Food & Grocery,1,20.74,20.74
ORD04443,PROD0019,Cap,Clothing,1,34.28,34.28
ORD04443,PROD0061,LEGO Creator Set,Toys,2,99.16,198.32
ORD04443,PROD0047,Cook Book,Books,3,17.53,52.59
ORD04443,PROD0003,Bluetooth Speaker,Electronics,3,63.0,189.0
ORD04444,PROD0022,Air Fryer,Home & Kitchen,3,143.78,431.34
ORD04444,PROD0030,Throw Pillow,Home & Kitchen,3,42.17,126.51
ORD04444,PROD0057,Perfume,Beauty,2,50.54,101.08
ORD04445,PROD0030,Throw Pillow,Home & Kitchen,2,42.17,84.34
ORD04445,PROD0018,Ankle Socks,Clothing,1,13.84,13.84
ORD04445,PROD0055,Argan Shampoo,Beauty,1,29.44,29.44
ORD04445,PROD0050,Graphic Novel,Books,1,18.57,18.57
ORD04446,PROD0064,Action Figure,Toys,2,30.54,61.08
ORD04447,PROD0017,Running Shorts,Clothing,2,23.82,47.64
ORD04447,PROD0055,Argan Shampoo,Beauty,2,29.44,58.88
ORD04447,PROD0050,Graphic Novel,Books,2,18.57,37.14
ORD04447,PROD0054,Foundation,Beauty,2,57.15,114.3
ORD04448,PROD0032,Adjustable Dumbbells,Sports,3,159.46,478.38
ORD04448,PROD0005,Webcam,Electronics,3,143.11,429.33
ORD04448,PROD0066,RC Racing Car,Toys,2,74.32,148.64
ORD04449,PROD0073,Matcha Green Tea,Food & Grocery,2,31.91,63.82
ORD04449,PROD0045,Self-Help Bestseller,Books,2,13.44,26.88
ORD04449,PROD0062,Strategy Board Game,Toys,1,43.8,43.8
ORD04449,PROD0001,Wireless Headphones,Electronics,3,220.67,662.01
ORD04450,PROD0075,Extra Virgin Olive Oil,Food & Grocery,1,26.39,26.39
ORD04450,PROD0021,Coffee Maker,Home & Kitchen,1,168.93,168.93
ORD04450,PROD0040,Fitness Tracker,Sports,2,99.28,198.56
ORD04450,PROD0051,Face Moisturizer,Beauty,3,39.06,117.18
ORD04451,PROD0037,Foam Roller,Sports,2,53.18,106.36
ORD04451,PROD0044,Business Strategy,Books,3,25.81,77.43
ORD04452,PROD0070,Plush Stuffed Animal,Toys,2,16.69,33.38
ORD04452,PROD0033,Resistance Bands,Sports,3,26.09,78.27
ORD04452,PROD0044,Business Strategy,Books,1,25.81,25.81
ORD04453,PROD0027,Mug Set,Home & Kitchen,3,18.25,54.75
ORD04453,PROD0033,Resistance Bands,Sports,1,26.09,26.09
ORD04454,PROD0012,Jeans,Clothing,3,65.37,196.11
ORD04454,PROD0080,Healthy Snack Box,Food & Grocery,2,23.63,47.26
ORD04454,PROD0026,Cutting Board,Home & Kitchen,3,23.46,70.38
ORD04455,PROD0031,Yoga Mat,Sports,3,68.43,205.29
ORD04455,PROD0078,Raw Honey,Food & Grocery,2,18.09,36.18
ORD04455,PROD0024,Toaster,Home & Kitchen,1,29.33,29.33
ORD04456,PROD0004,USB-C Hub,Electronics,2,33.39,66.78
ORD04456,PROD0019,Cap,Clothing,3,34.28,102.84
ORD04456,PROD0049,Travel Photography,Books,3,39.07,117.21
ORD04456,PROD0080,Healthy Snack Box,Food & Grocery,3,23.63,70.89
ORD04457,PROD0049,Travel Photography,Books,3,39.07,117.21
ORD04457,PROD0009,Phone Case,Electronics,3,22.66,67.98
ORD04458,PROD0057,Perfume,Beauty,1,50.54,50.54
ORD04458,PROD0044,Business Strategy,Books,1,25.81,25.81
ORD04458,PROD0046,Science Fiction Novel,Books,3,13.49,40.47
ORD04458,PROD0018,Ankle Socks,Clothing,1,13.84,13.84
ORD04459,PROD0075,Extra Virgin Olive Oil,Food & Grocery,3,26.39,79.17
ORD04459,PROD0043,ML Engineering Guide,Books,2,29.52,59.04
ORD04459,PROD0036,Jump Rope,Sports,1,20.14,20.14
ORD04459,PROD0039,Protein Shaker,Sports,3,31.54,94.62
ORD04460,PROD0065,Collectible Doll,Toys,2,52.93,105.86
ORD04460,PROD0038,Gym Bag,Sports,2,65.2,130.4
ORD04460,PROD0073,Matcha Green Tea,Food & Grocery,2,31.91,63.82
ORD04460,PROD0062,Strategy Board Game,Toys,3,43.8,131.4
ORD04461,PROD0029,LED Desk Lamp,Home & Kitchen,2,80.09,160.18
ORD04461,PROD0013,Sneakers,Clothing,1,42.92,42.92
ORD04461,PROD0057,Perfume,Beauty,3,50.54,151.62
ORD04462,PROD0027,Mug Set,Home & Kitchen,3,18.25,54.75
ORD04462,PROD0052,SPF Sunscreen,Beauty,3,19.96,59.88
ORD04463,PROD0061,LEGO Creator Set,Toys,1,99.16,99.16
ORD04463,PROD0064,Action Figure,Toys,2,30.54,61.08
ORD04463,PROD0059,Vitamin C Serum,Beauty,1,28.13,28.13
ORD04463,PROD0055,Argan Shampoo,Beauty,2,29.44,58.88
ORD04464,PROD0013,Sneakers,Clothing,3,42.92,128.76
ORD04464,PROD0070,Plush Stuffed Animal,Toys,1,16.69,16.69
ORD04464,PROD0079,Multivitamins,Food & Grocery,3,20.74,62.22
ORD04464,PROD0024,Toaster,Home & Kitchen,2,29.33,58.66
ORD04465,PROD0023,Blender,Home & Kitchen,3,60.62,181.86
ORD04466,PROD0058,Eye Cream,Beauty,1,71.04,71.04
ORD04467,PROD0059,Vitamin C Serum,Beauty,1,28.13,28.13
ORD04467,PROD0032,Adjustable Dumbbells,Sports,2,159.46,318.92
ORD04467,PROD0050,Graphic Novel,Books,1,18.57,18.57
ORD04467,PROD0061,LEGO Creator Set,Toys,1,99.16,99.16
ORD04468,PROD0038,Gym Bag,Sports,1,65.2,65.2
ORD04468,PROD0060,Nail Polish Set,Beauty,1,16.35,16.35
ORD04468,PROD0041,Python Programming,Books,3,41.14,123.42
ORD04468,PROD0023,Blender,Home & Kitchen,1,60.62,60.62
ORD04469,PROD0032,Adjustable Dumbbells,Sports,3,159.46,478.38
ORD04469,PROD0049,Travel Photography,Books,3,39.07,117.21
ORD04469,PROD0022,Air Fryer,Home & Kitchen,1,143.78,143.78
ORD04469,PROD0041,Python Programming,Books,2,41.14,82.28
ORD04470,PROD0045,Self-Help Bestseller,Books,1,13.44,13.44
ORD04470,PROD0079,Multivitamins,Food & Grocery,1,20.74,20.74
ORD04471,PROD0052,SPF Sunscreen,Beauty,3,19.96,59.88
ORD04471,PROD0013,Sneakers,Clothing,1,42.92,42.92
ORD04472,PROD0059,Vitamin C Serum,Beauty,1,28.13,28.13
ORD04473,PROD0027,Mug Set,Home & Kitchen,3,18.25,54.75
ORD04473,PROD0014,Winter Jacket,Clothing,3,87.84,263.52
ORD04474,PROD0011,T-Shirt,Clothing,2,18.75,37.5
ORD04474,PROD0066,RC Racing Car,Toys,2,74.32,148.64
ORD04475,PROD0005,Webcam,Electronics,1,143.11,143.11
ORD04475,PROD0064,Action Figure,Toys,2,30.54,61.08
ORD04475,PROD0060,Nail Polish Set,Beauty,3,16.35,49.05
ORD04475,PROD0046,Science Fiction Novel,Books,1,13.49,13.49
ORD04476,PROD0012,Jeans,Clothing,3,65.37,196.11
ORD04476,PROD0008,Portable Monitor,Electronics,2,144.34,288.68
ORD04476,PROD0059,Vitamin C Serum,Beauty,3,28.13,84.39
ORD04476,PROD0037,Foam Roller,Sports,1,53.18,53.18
ORD04477,PROD0002,Smart Watch,Electronics,2,110.0,220.0
ORD04478,PROD0063,1000-Piece Puzzle,Toys,3,26.71,80.13
ORD04478,PROD0039,Protein Shaker,Sports,1,31.54,31.54
ORD04478,PROD0010,Tablet Stand,Electronics,1,16.34,16.34
ORD04479,PROD0044,Business Strategy,Books,2,25.81,51.62
ORD04479,PROD0034,Water Bottle,Sports,3,49.06,147.18
ORD04479,PROD0004,USB-C Hub,Electronics,2,33.39,66.78
ORD04480,PROD0070,Plush Stuffed Animal,Toys,1,16.69,16.69
ORD04480,PROD0048,World History,Books,3,25.51,76.53
ORD04480,PROD0075,Extra Virgin Olive Oil,Food & Grocery,2,26.39,52.78
ORD04481,PROD0016,Hoodie,Clothing,1,57.25,57.25
ORD04482,PROD0004,USB-C Hub,Electronics,1,33.39,33.39
ORD04482,PROD0077,Mixed Nuts Pack,Food & Grocery,2,37.44,74.88
ORD04482,PROD0055,Argan Shampoo,Beauty,3,29.44,88.32
ORD04483,PROD0028,Storage Organizer,Home & Kitchen,1,24.84,24.84
ORD04484,PROD0034,Water Bottle,Sports,2,49.06,98.12
ORD04484,PROD0053,Lipstick Set,Beauty,2,19.34,38.68
ORD04484,PROD0023,Blender,Home & Kitchen,3,60.62,181.86
ORD04484,PROD0070,Plush Stuffed Animal,Toys,3,16.69,50.07
ORD04485,PROD0040,Fitness Tracker,Sports,2,99.28,198.56
ORD04485,PROD0071,Whey Protein Bar,Food & Grocery,3,22.38,67.14
ORD04485,PROD0034,Water Bottle,Sports,2,49.06,98.12
ORD04486,PROD0075,Extra Virgin Olive Oil,Food & Grocery,1,26.39,26.39
ORD04486,PROD0022,Air Fryer,Home & Kitchen,1,143.78,143.78
ORD04486,PROD0073,Matcha Green Tea,Food & Grocery,1,31.91,31.91
ORD04487,PROD0021,Coffee Maker,Home & Kitchen,2,168.93,337.86
ORD04488,PROD0060,Nail Polish Set,Beauty,2,16.35,32.7
ORD04488,PROD0046,Science Fiction Novel,Books,2,13.49,26.98
ORD04489,PROD0047,Cook Book,Books,1,17.53,17.53
ORD04489,PROD0022,Air Fryer,Home & Kitchen,3,143.78,431.34
ORD04489,PROD0079,Multivitamins,Food & Grocery,1,20.74,20.74
ORD04490,PROD0009,Phone Case,Electronics,1,22.66,22.66
ORD04490,PROD0064,Action Figure,Toys,2,30.54,61.08
ORD04490,PROD0029,LED Desk Lamp,Home & Kitchen,2,80.09,160.18
ORD04491,PROD0051,Face Moisturizer,Beauty,1,39.06,39.06
ORD04491,PROD0038,Gym Bag,Sports,2,65.2,130.4
ORD04491,PROD0063,1000-Piece Puzzle,Toys,2,26.71,53.42
ORD04492,PROD0023,Blender,Home & Kitchen,2,60.62,121.24
ORD04493,PROD0003,Bluetooth Speaker,Electronics,3,63.0,189.0
ORD04493,PROD0044,Business Strategy,Books,3,25.81,77.43
ORD04493,PROD0026,Cutting Board,Home & Kitchen,3,23.46,70.38
ORD04493,PROD0014,Winter Jacket,Clothing,2,87.84,175.68
ORD04494,PROD0057,Perfume,Beauty,1,50.54,50.54
ORD04494,PROD0066,RC Racing Car,Toys,3,74.32,222.96
ORD04494,PROD0036,Jump Rope,Sports,1,20.14,20.14
ORD04494,PROD0015,Summer Dress,Clothing,1,67.24,67.24
ORD04495,PROD0076,Artisan Pasta,Food & Grocery,3,10.93,32.79
ORD04495,PROD0051,Face Moisturizer,Beauty,3,39.06,117.18
ORD04496,PROD0079,Multivitamins,Food & Grocery,1,20.74,20.74
ORD04496,PROD0029,LED Desk Lamp,Home & Kitchen,1,80.09,80.09
ORD04497,PROD0048,World History,Books,1,25.51,25.51
ORD04497,PROD0032,Adjustable Dumbbells,Sports,2,159.46,318.92
ORD04498,PROD0042,Data Science Handbook,Books,1,26.6,26.6
ORD04499,PROD0076,Artisan Pasta,Food & Grocery,3,10.93,32.79
ORD04499,PROD0003,Bluetooth Speaker,Electronics,2,63.0,126.0
ORD04499,PROD0066,RC Racing Car,Toys,2,74.32,148.64
ORD04500,PROD0080,Healthy Snack Box,Food & Grocery,3,23.63,70.89
ORD04500,PROD0060,Nail Polish Set,Beauty,3,16.35,49.05
ORD04501,PROD0031,Yoga Mat,Sports,3,68.43,205.29
ORD04501,PROD0022,Air Fryer,Home & Kitchen,2,143.78,287.56
ORD04502,PROD0046,Science Fiction Novel,Books,1,13.49,13.49
ORD04502,PROD0076,Artisan Pasta,Food & Grocery,3,10.93,32.79
ORD04502,PROD0072,Premium Coffee Beans,Food & Grocery,2,43.12,86.24
ORD04502,PROD0059,Vitamin C Serum,Beauty,1,28.13,28.13
ORD04503,PROD0016,Hoodie,Clothing,2,57.25,114.5
ORD04504,PROD0052,SPF Sunscreen,Beauty,2,19.96,39.92
ORD04504,PROD0067,Card Game Pack,Toys,3,11.89,35.67
ORD04505,PROD0002,Smart Watch,Electronics,2,110.0,220.0
ORD04505,PROD0015,Summer Dress,Clothing,1,67.24,67.24
ORD04505,PROD0032,Adjustable Dumbbells,Sports,3,159.46,478.38
ORD04506,PROD0006,Mechanical Keyboard,Electronics,2,151.5,303.0
ORD04507,PROD0034,Water Bottle,Sports,2,49.06,98.12
ORD04507,PROD0005,Webcam,Electronics,2,143.11,286.22
ORD04507,PROD0013,Sneakers,Clothing,1,42.92,42.92
ORD04507,PROD0016,Hoodie,Clothing,2,57.25,114.5
ORD04508,PROD0029,LED Desk Lamp,Home & Kitchen,1,80.09,80.09
ORD04509,PROD0010,Tablet Stand,Electronics,1,16.34,16.34
ORD04509,PROD0050,Graphic Novel,Books,3,18.57,55.71
ORD04510,PROD0078,Raw Honey,Food & Grocery,2,18.09,36.18
ORD04511,PROD0026,Cutting Board,Home & Kitchen,1,23.46,23.46
ORD04512,PROD0073,Matcha Green Tea,Food & Grocery,1,31.91,31.91
ORD04512,PROD0061,LEGO Creator Set,Toys,3,99.16,297.48
ORD04512,PROD0065,Collectible Doll,Toys,1,52.93,52.93
ORD04513,PROD0074,Granola Mix,Food & Grocery,3,13.35,40.05
ORD04513,PROD0067,Card Game Pack,Toys,2,11.89,23.78
ORD04514,PROD0056,Hair Conditioner,Beauty,2,28.27,56.54
ORD04514,PROD0070,Plush Stuffed Animal,Toys,3,16.69,50.07
ORD04514,PROD0076,Artisan Pasta,Food & Grocery,1,10.93,10.93
ORD04515,PROD0019,Cap,Clothing,1,34.28,34.28
ORD04515,PROD0026,Cutting Board,Home & Kitchen,1,23.46,23.46
ORD04516,PROD0029,LED Desk Lamp,Home & Kitchen,3,80.09,240.27
ORD04516,PROD0055,Argan Shampoo,Beauty,3,29.44,88.32
ORD04517,PROD0040,Fitness Tracker,Sports,1,99.28,99.28
ORD04518,PROD0080,Healthy Snack Box,Food & Grocery,2,23.63,47.26
ORD04518,PROD0066,RC Racing Car,Toys,2,74.32,148.64
ORD04518,PROD0074,Granola Mix,Food & Grocery,2,13.35,26.7
ORD04518,PROD0073,Matcha Green Tea,Food & Grocery,2,31.91,63.82
ORD04519,PROD0071,Whey Protein Bar,Food & Grocery,2,22.38,44.76
ORD04520,PROD0025,Knife Set,Home & Kitchen,3,144.87,434.61
ORD04520,PROD0056,Hair Conditioner,Beauty,2,28.27,56.54
ORD04520,PROD0013,Sneakers,Clothing,3,42.92,128.76
ORD04521,PROD0072,Premium Coffee Beans,Food & Grocery,3,43.12,129.36
ORD04521,PROD0062,Strategy Board Game,Toys,3,43.8,131.4
ORD04522,PROD0037,Foam Roller,Sports,1,53.18,53.18
ORD04523,PROD0072,Premium Coffee Beans,Food & Grocery,2,43.12,86.24
ORD04523,PROD0006,Mechanical Keyboard,Electronics,2,151.5,303.0
ORD04523,PROD0078,Raw Honey,Food & Grocery,1,18.09,18.09
ORD04524,PROD0043,ML Engineering Guide,Books,2,29.52,59.04
ORD04524,PROD0058,Eye Cream,Beauty,3,71.04,213.12
ORD04524,PROD0018,Ankle Socks,Clothing,3,13.84,41.52
ORD04524,PROD0010,Tablet Stand,Electronics,1,16.34,16.34
ORD04525,PROD0048,World History,Books,2,25.51,51.02
ORD04526,PROD0013,Sneakers,Clothing,2,42.92,85.84
ORD04526,PROD0078,Raw Honey,Food & Grocery,3,18.09,54.27
ORD04527,PROD0008,Portable Monitor,Electronics,2,144.34,288.68
ORD04527,PROD0003,Bluetooth Speaker,Electronics,2,63.0,126.0
ORD04527,PROD0074,Granola Mix,Food & Grocery,1,13.35,13.35
ORD04527,PROD0070,Plush Stuffed Animal,Toys,1,16.69,16.69
ORD04528,PROD0020,Scarf,Clothing,3,12.21,36.63
ORD04528,PROD0012,Jeans,Clothing,2,65.37,130.74
ORD04529,PROD0014,Winter Jacket,Clothing,2,87.84,175.68
ORD04530,PROD0041,Python Programming,Books,2,41.14,82.28
ORD04530,PROD0028,Storage Organizer,Home & Kitchen,3,24.84,74.52
ORD04530,PROD0076,Artisan Pasta,Food & Grocery,3,10.93,32.79
ORD04531,PROD0025,Knife Set,Home & Kitchen,1,144.87,144.87
ORD04531,PROD0023,Blender,Home & Kitchen,1,60.62,60.62
ORD04532,PROD0059,Vitamin C Serum,Beauty,3,28.13,84.39
ORD04532,PROD0066,RC Racing Car,Toys,2,74.32,148.64
ORD04532,PROD0018,Ankle Socks,Clothing,1,13.84,13.84
ORD04533,PROD0022,Air Fryer,Home & Kitchen,3,143.78,431.34
ORD04533,PROD0029,LED Desk Lamp,Home & Kitchen,3,80.09,240.27
ORD04534,PROD0060,Nail Polish Set,Beauty,2,16.35,32.7
ORD04534,PROD0080,Healthy Snack Box,Food & Grocery,3,23.63,70.89
ORD04535,PROD0057,Perfume,Beauty,2,50.54,101.08
ORD04536,PROD0001,Wireless Headphones,Electronics,1,220.67,220.67
ORD04537,PROD0012,Jeans,Clothing,2,65.37,130.74
ORD04537,PROD0056,Hair Conditioner,Beauty,2,28.27,56.54
ORD04537,PROD0033,Resistance Bands,Sports,3,26.09,78.27
ORD04538,PROD0022,Air Fryer,Home & Kitchen,1,143.78,143.78
ORD04538,PROD0012,Jeans,Clothing,1,65.37,65.37
ORD04539,PROD0023,Blender,Home & Kitchen,2,60.62,121.24
ORD04539,PROD0025,Knife Set,Home & Kitchen,1,144.87,144.87
ORD04539,PROD0043,ML Engineering Guide,Books,2,29.52,59.04
ORD04539,PROD0035,Running Shoes,Sports,3,99.21,297.63
ORD04540,PROD0069,Science Experiment Kit,Toys,3,27.62,82.86
ORD04540,PROD0041,Python Programming,Books,3,41.14,123.42
ORD04540,PROD0052,SPF Sunscreen,Beauty,1,19.96,19.96
ORD04541,PROD0002,Smart Watch,Electronics,1,110.0,110.0
ORD04541,PROD0009,Phone Case,Electronics,1,22.66,22.66
ORD04541,PROD0053,Lipstick Set,Beauty,2,19.34,38.68
ORD04541,PROD0068,Art & Craft Kit,Toys,1,13.06,13.06
ORD04542,PROD0007,Gaming Mouse,Electronics,3,109.76,329.28
ORD04543,PROD0007,Gaming Mouse,Electronics,2,109.76,219.52
ORD04543,PROD0053,Lipstick Set,Beauty,3,19.34,58.02
ORD04543,PROD0024,Toaster,Home & Kitchen,2,29.33,58.66
ORD04543,PROD0050,Graphic Novel,Books,3,18.57,55.71
ORD04544,PROD0019,Cap,Clothing,1,34.28,34.28
ORD04544,PROD0067,Card Game Pack,Toys,3,11.89,35.67
ORD04545,PROD0074,Granola Mix,Food & Grocery,2,13.35,26.7
ORD04545,PROD0023,Blender,Home & Kitchen,1,60.62,60.62
ORD04546,PROD0026,Cutting Board,Home & Kitchen,1,23.46,23.46
ORD04546,PROD0004,USB-C Hub,Electronics,1,33.39,33.39
ORD04547,PROD0046,Science Fiction Novel,Books,3,13.49,40.47
ORD04547,PROD0034,Water Bottle,Sports,3,49.06,147.18
ORD04548,PROD0072,Premium Coffee Beans,Food & Grocery,1,43.12,43.12
ORD04548,PROD0025,Knife Set,Home & Kitchen,1,144.87,144.87
ORD04548,PROD0004,USB-C Hub,Electronics,1,33.39,33.39
ORD04549,PROD0021,Coffee Maker,Home & Kitchen,3,168.93,506.79
ORD04549,PROD0019,Cap,Clothing,2,34.28,68.56
ORD04550,PROD0054,Foundation,Beauty,2,57.15,114.3
ORD04551,PROD0053,Lipstick Set,Beauty,2,19.34,38.68
ORD04551,PROD0034,Water Bottle,Sports,3,49.06,147.18
ORD04552,PROD0026,Cutting Board,Home & Kitchen,3,23.46,70.38
ORD04552,PROD0067,Card Game Pack,Toys,1,11.89,11.89
ORD04552,PROD0040,Fitness Tracker,Sports,3,99.28,297.84
ORD04553,PROD0028,Storage Organizer,Home & Kitchen,2,24.84,49.68
ORD04554,PROD0006,Mechanical Keyboard,Electronics,2,151.5,303.0
ORD04554,PROD0056,Hair Conditioner,Beauty,1,28.27,28.27
ORD04554,PROD0067,Card Game Pack,Toys,1,11.89,11.89
ORD04555,PROD0040,Fitness Tracker,Sports,1,99.28,99.28
ORD04555,PROD0029,LED Desk Lamp,Home & Kitchen,3,80.09,240.27
ORD04555,PROD0044,Business Strategy,Books,3,25.81,77.43
ORD04555,PROD0011,T-Shirt,Clothing,2,18.75,37.5
ORD04556,PROD0037,Foam Roller,Sports,2,53.18,106.36
ORD04557,PROD0008,Portable Monitor,Electronics,1,144.34,144.34
ORD04557,PROD0078,Raw Honey,Food & Grocery,2,18.09,36.18
ORD04558,PROD0064,Action Figure,Toys,2,30.54,61.08
ORD04558,PROD0073,Matcha Green Tea,Food & Grocery,2,31.91,63.82
ORD04558,PROD0003,Bluetooth Speaker,Electronics,3,63.0,189.0
ORD04559,PROD0074,Granola Mix,Food & Grocery,2,13.35,26.7
ORD04560,PROD0044,Business Strategy,Books,2,25.81,51.62
ORD04560,PROD0057,Perfume,Beauty,3,50.54,151.62
ORD04561,PROD0065,Collectible Doll,Toys,1,52.93,52.93
ORD04561,PROD0015,Summer Dress,Clothing,3,67.24,201.72
ORD04561,PROD0008,Portable Monitor,Electronics,2,144.34,288.68
ORD04561,PROD0034,Water Bottle,Sports,1,49.06,49.06
ORD04562,PROD0051,Face Moisturizer,Beauty,1,39.06,39.06
ORD04562,PROD0066,RC Racing Car,Toys,2,74.32,148.64
ORD04562,PROD0018,Ankle Socks,Clothing,3,13.84,41.52
ORD04562,PROD0054,Foundation,Beauty,1,57.15,57.15
ORD04563,PROD0059,Vitamin C Serum,Beauty,3,28.13,84.39
ORD04563,PROD0035,Running Shoes,Sports,1,99.21,99.21
ORD04564,PROD0040,Fitness Tracker,Sports,2,99.28,198.56
ORD04564,PROD0002,Smart Watch,Electronics,3,110.0,330.0
ORD04565,PROD0016,Hoodie,Clothing,3,57.25,171.75
ORD04565,PROD0033,Resistance Bands,Sports,2,26.09,52.18
ORD04565,PROD0032,Adjustable Dumbbells,Sports,1,159.46,159.46
ORD04565,PROD0014,Winter Jacket,Clothing,3,87.84,263.52
ORD04566,PROD0008,Portable Monitor,Electronics,3,144.34,433.02
ORD04566,PROD0034,Water Bottle,Sports,2,49.06,98.12
ORD04566,PROD0051,Face Moisturizer,Beauty,2,39.06,78.12
ORD04566,PROD0047,Cook Book,Books,1,17.53,17.53
ORD04567,PROD0076,Artisan Pasta,Food & Grocery,2,10.93,21.86
ORD04567,PROD0056,Hair Conditioner,Beauty,1,28.27,28.27
ORD04567,PROD0075,Extra Virgin Olive Oil,Food & Grocery,3,26.39,79.17
ORD04568,PROD0072,Premium Coffee Beans,Food & Grocery,1,43.12,43.12
ORD04568,PROD0002,Smart Watch,Electronics,3,110.0,330.0
ORD04568,PROD0032,Adjustable Dumbbells,Sports,2,159.46,318.92
ORD04569,PROD0061,LEGO Creator Set,Toys,3,99.16,297.48
ORD04569,PROD0006,Mechanical Keyboard,Electronics,2,151.5,303.0
ORD04569,PROD0001,Wireless Headphones,Electronics,3,220.67,662.01
ORD04570,PROD0068,Art & Craft Kit,Toys,1,13.06,13.06
ORD04570,PROD0045,Self-Help Bestseller,Books,3,13.44,40.32
ORD04570,PROD0066,RC Racing Car,Toys,2,74.32,148.64
ORD04570,PROD0019,Cap,Clothing,2,34.28,68.56
ORD04571,PROD0077,Mixed Nuts Pack,Food & Grocery,1,37.44,37.44
ORD04571,PROD0027,Mug Set,Home & Kitchen,2,18.25,36.5
ORD04571,PROD0074,Granola Mix,Food & Grocery,2,13.35,26.7
ORD04571,PROD0038,Gym Bag,Sports,3,65.2,195.6
ORD04572,PROD0019,Cap,Clothing,1,34.28,34.28
ORD04572,PROD0056,Hair Conditioner,Beauty,3,28.27,84.81
ORD04572,PROD0055,Argan Shampoo,Beauty,3,29.44,88.32
ORD04573,PROD0022,Air Fryer,Home & Kitchen,1,143.78,143.78
ORD04574,PROD0061,LEGO Creator Set,Toys,1,99.16,99.16
ORD04575,PROD0076,Artisan Pasta,Food & Grocery,3,10.93,32.79
ORD04575,PROD0069,Science Experiment Kit,Toys,3,27.62,82.86
ORD04575,PROD0055,Argan Shampoo,Beauty,1,29.44,29.44
ORD04576,PROD0080,Healthy Snack Box,Food & Grocery,1,23.63,23.63
ORD04576,PROD0073,Matcha Green Tea,Food & Grocery,2,31.91,63.82
ORD04576,PROD0013,Sneakers,Clothing,2,42.92,85.84
ORD04577,PROD0009,Phone Case,Electronics,1,22.66,22.66
ORD04577,PROD0062,Strategy Board Game,Toys,3,43.8,131.4
ORD04577,PROD0060,Nail Polish Set,Beauty,1,16.35,16.35
ORD04577,PROD0036,Jump Rope,Sports,3,20.14,60.42
ORD04578,PROD0022,Air Fryer,Home & Kitchen,3,143.78,431.34
ORD04579,PROD0050,Graphic Novel,Books,1,18.57,18.57
ORD04579,PROD0056,Hair Conditioner,Beauty,3,28.27,84.81
ORD04579,PROD0071,Whey Protein Bar,Food & Grocery,1,22.38,22.38
ORD04580,PROD0014,Winter Jacket,Clothing,3,87.84,263.52
ORD04580,PROD0079,Multivitamins,Food & Grocery,2,20.74,41.48
ORD04580,PROD0064,Action Figure,Toys,2,30.54,61.08
ORD04580,PROD0020,Scarf,Clothing,1,12.21,12.21
ORD04581,PROD0005,Webcam,Electronics,2,143.11,286.22
ORD04581,PROD0008,Portable Monitor,Electronics,1,144.34,144.34
ORD04581,PROD0044,Business Strategy,Books,2,25.81,51.62
ORD04581,PROD0046,Science Fiction Novel,Books,1,13.49,13.49
ORD04582,PROD0009,Phone Case,Electronics,2,22.66,45.32
ORD04582,PROD0053,Lipstick Set,Beauty,3,19.34,58.02
ORD04582,PROD0079,Multivitamins,Food & Grocery,3,20.74,62.22
ORD04582,PROD0073,Matcha Green Tea,Food & Grocery,1,31.91,31.91
ORD04583,PROD0051,Face Moisturizer,Beauty,2,39.06,78.12
ORD04583,PROD0075,Extra Virgin Olive Oil,Food & Grocery,2,26.39,52.78
ORD04584,PROD0063,1000-Piece Puzzle,Toys,1,26.71,26.71
ORD04584,PROD0037,Foam Roller,Sports,1,53.18,53.18
ORD04585,PROD0039,Protein Shaker,Sports,3,31.54,94.62
ORD04585,PROD0009,Phone Case,Electronics,1,22.66,22.66
ORD04585,PROD0008,Portable Monitor,Electronics,1,144.34,144.34
ORD04585,PROD0042,Data Science Handbook,Books,3,26.6,79.8
ORD04586,PROD0010,Tablet Stand,Electronics,3,16.34,49.02
ORD04587,PROD0043,ML Engineering Guide,Books,3,29.52,88.56
ORD04587,PROD0037,Foam Roller,Sports,1,53.18,53.18
ORD04587,PROD0050,Graphic Novel,Books,1,18.57,18.57
ORD04588,PROD0029,LED Desk Lamp,Home & Kitchen,1,80.09,80.09
ORD04588,PROD0018,Ankle Socks,Clothing,2,13.84,27.68
ORD04588,PROD0006,Mechanical Keyboard,Electronics,1,151.5,151.5
ORD04589,PROD0054,Foundation,Beauty,3,57.15,171.45
ORD04590,PROD0024,Toaster,Home & Kitchen,2,29.33,58.66
ORD04591,PROD0078,Raw Honey,Food & Grocery,1,18.09,18.09
ORD04591,PROD0024,Toaster,Home & Kitchen,2,29.33,58.66
ORD04592,PROD0073,Matcha Green Tea,Food & Grocery,1,31.91,31.91
ORD04592,PROD0002,Smart Watch,Electronics,2,110.0,220.0
ORD04592,PROD0010,Tablet Stand,Electronics,2,16.34,32.68
ORD04593,PROD0018,Ankle Socks,Clothing,2,13.84,27.68
ORD04593,PROD0039,Protein Shaker,Sports,3,31.54,94.62
ORD04593,PROD0038,Gym Bag,Sports,1,65.2,65.2
ORD04594,PROD0066,RC Racing Car,Toys,3,74.32,222.96
ORD04595,PROD0061,LEGO Creator Set,Toys,3,99.16,297.48
ORD04596,PROD0036,Jump Rope,Sports,1,20.14,20.14
ORD04596,PROD0051,Face Moisturizer,Beauty,3,39.06,117.18
ORD04596,PROD0076,Artisan Pasta,Food & Grocery,1,10.93,10.93
ORD04597,PROD0012,Jeans,Clothing,2,65.37,130.74
ORD04597,PROD0048,World History,Books,3,25.51,76.53
ORD04598,PROD0016,Hoodie,Clothing,2,57.25,114.5
ORD04598,PROD0055,Argan Shampoo,Beauty,2,29.44,58.88
ORD04598,PROD0064,Action Figure,Toys,1,30.54,30.54
ORD04599,PROD0020,Scarf,Clothing,3,12.21,36.63
ORD04599,PROD0037,Foam Roller,Sports,3,53.18,159.54
ORD04600,PROD0060,Nail Polish Set,Beauty,3,16.35,49.05
ORD04600,PROD0011,T-Shirt,Clothing,2,18.75,37.5
ORD04601,PROD0006,Mechanical Keyboard,Electronics,3,151.5,454.5
ORD04601,PROD0051,Face Moisturizer,Beauty,2,39.06,78.12
ORD04601,PROD0032,Adjustable Dumbbells,Sports,3,159.46,478.38
ORD04601,PROD0076,Artisan Pasta,Food & Grocery,2,10.93,21.86
ORD04602,PROD0013,Sneakers,Clothing,1,42.92,42.92
ORD04602,PROD0022,Air Fryer,Home & Kitchen,2,143.78,287.56
ORD04602,PROD0048,World History,Books,1,25.51,25.51
ORD04602,PROD0058,Eye Cream,Beauty,3,71.04,213.12
ORD04603,PROD0023,Blender,Home & Kitchen,1,60.62,60.62
ORD04604,PROD0054,Foundation,Beauty,2,57.15,114.3
ORD04604,PROD0040,Fitness Tracker,Sports,1,99.28,99.28
ORD04605,PROD0069,Science Experiment Kit,Toys,2,27.62,55.24
ORD04605,PROD0042,Data Science Handbook,Books,3,26.6,79.8
ORD04605,PROD0013,Sneakers,Clothing,1,42.92,42.92
ORD04606,PROD0012,Jeans,Clothing,2,65.37,130.74
ORD04606,PROD0051,Face Moisturizer,Beauty,1,39.06,39.06
ORD04606,PROD0016,Hoodie,Clothing,1,57.25,57.25
ORD04606,PROD0055,Argan Shampoo,Beauty,3,29.44,88.32
ORD04607,PROD0014,Winter Jacket,Clothing,1,87.84,87.84
ORD04607,PROD0038,Gym Bag,Sports,3,65.2,195.6
ORD04608,PROD0030,Throw Pillow,Home & Kitchen,3,42.17,126.51
ORD04609,PROD0036,Jump Rope,Sports,3,20.14,60.42
ORD04610,PROD0038,Gym Bag,Sports,2,65.2,130.4
ORD04611,PROD0058,Eye Cream,Beauty,2,71.04,142.08
ORD04611,PROD0038,Gym Bag,Sports,2,65.2,130.4
ORD04611,PROD0062,Strategy Board Game,Toys,1,43.8,43.8
ORD04612,PROD0056,Hair Conditioner,Beauty,2,28.27,56.54
ORD04612,PROD0066,RC Racing Car,Toys,1,74.32,74.32
ORD04612,PROD0060,Nail Polish Set,Beauty,2,16.35,32.7
ORD04613,PROD0007,Gaming Mouse,Electronics,1,109.76,109.76
ORD04613,PROD0054,Foundation,Beauty,3,57.15,171.45
ORD04613,PROD0055,Argan Shampoo,Beauty,3,29.44,88.32
ORD04613,PROD0027,Mug Set,Home & Kitchen,2,18.25,36.5
ORD04614,PROD0015,Summer Dress,Clothing,2,67.24,134.48
ORD04614,PROD0060,Nail Polish Set,Beauty,3,16.35,49.05
ORD04614,PROD0035,Running Shoes,Sports,1,99.21,99.21
ORD04615,PROD0039,Protein Shaker,Sports,1,31.54,31.54
ORD04615,PROD0022,Air Fryer,Home & Kitchen,3,143.78,431.34
ORD04615,PROD0058,Eye Cream,Beauty,1,71.04,71.04
ORD04616,PROD0076,Artisan Pasta,Food & Grocery,2,10.93,21.86
ORD04617,PROD0046,Science Fiction Novel,Books,3,13.49,40.47
ORD04617,PROD0023,Blender,Home & Kitchen,1,60.62,60.62
ORD04617,PROD0080,Healthy Snack Box,Food & Grocery,3,23.63,70.89
ORD04617,PROD0043,ML Engineering Guide,Books,3,29.52,88.56
ORD04618,PROD0035,Running Shoes,Sports,3,99.21,297.63
ORD04619,PROD0008,Portable Monitor,Electronics,2,144.34,288.68
ORD04619,PROD0004,USB-C Hub,Electronics,2,33.39,66.78
ORD04619,PROD0020,Scarf,Clothing,2,12.21,24.42
ORD04619,PROD0034,Water Bottle,Sports,3,49.06,147.18
ORD04620,PROD0027,Mug Set,Home & Kitchen,3,18.25,54.75
ORD04620,PROD0069,Science Experiment Kit,Toys,1,27.62,27.62
ORD04621,PROD0062,Strategy Board Game,Toys,1,43.8,43.8
ORD04621,PROD0052,SPF Sunscreen,Beauty,3,19.96,59.88
ORD04621,PROD0023,Blender,Home & Kitchen,3,60.62,181.86
ORD04622,PROD0062,Strategy Board Game,Toys,3,43.8,131.4
ORD04622,PROD0016,Hoodie,Clothing,1,57.25,57.25
ORD04622,PROD0038,Gym Bag,Sports,2,65.2,130.4
ORD04622,PROD0051,Face Moisturizer,Beauty,2,39.06,78.12
ORD04623,PROD0033,Resistance Bands,Sports,3,26.09,78.27
ORD04623,PROD0031,Yoga Mat,Sports,3,68.43,205.29
ORD04624,PROD0061,LEGO Creator Set,Toys,3,99.16,297.48
ORD04624,PROD0072,Premium Coffee Beans,Food & Grocery,2,43.12,86.24
ORD04625,PROD0035,Running Shoes,Sports,3,99.21,297.63
ORD04625,PROD0071,Whey Protein Bar,Food & Grocery,2,22.38,44.76
ORD04626,PROD0044,Business Strategy,Books,2,25.81,51.62
ORD04626,PROD0017,Running Shorts,Clothing,2,23.82,47.64
ORD04627,PROD0050,Graphic Novel,Books,1,18.57,18.57
ORD04627,PROD0066,RC Racing Car,Toys,3,74.32,222.96
ORD04628,PROD0018,Ankle Socks,Clothing,1,13.84,13.84
ORD04629,PROD0053,Lipstick Set,Beauty,1,19.34,19.34
ORD04629,PROD0050,Graphic Novel,Books,2,18.57,37.14
ORD04630,PROD0055,Argan Shampoo,Beauty,2,29.44,58.88
ORD04630,PROD0037,Foam Roller,Sports,2,53.18,106.36
ORD04631,PROD0028,Storage Organizer,Home & Kitchen,3,24.84,74.52
ORD04631,PROD0076,Artisan Pasta,Food & Grocery,3,10.93,32.79
ORD04632,PROD0027,Mug Set,Home & Kitchen,1,18.25,18.25
ORD04632,PROD0070,Plush Stuffed Animal,Toys,1,16.69,16.69
ORD04633,PROD0073,Matcha Green Tea,Food & Grocery,2,31.91,63.82
ORD04633,PROD0044,Business Strategy,Books,2,25.81,51.62
ORD04634,PROD0043,ML Engineering Guide,Books,1,29.52,29.52
ORD04635,PROD0038,Gym Bag,Sports,2,65.2,130.4
ORD04635,PROD0064,Action Figure,Toys,2,30.54,61.08
ORD04636,PROD0034,Water Bottle,Sports,1,49.06,49.06
ORD04636,PROD0062,Strategy Board Game,Toys,3,43.8,131.4
ORD04636,PROD0031,Yoga Mat,Sports,3,68.43,205.29
ORD04637,PROD0015,Summer Dress,Clothing,1,67.24,67.24
ORD04637,PROD0077,Mixed Nuts Pack,Food & Grocery,3,37.44,112.32
ORD04637,PROD0014,Winter Jacket,Clothing,2,87.84,175.68
ORD04638,PROD0077,Mixed Nuts Pack,Food & Grocery,1,37.44,37.44
ORD04638,PROD0007,Gaming Mouse,Electronics,1,109.76,109.76
ORD04639,PROD0019,Cap,Clothing,2,34.28,68.56
ORD04639,PROD0070,Plush Stuffed Animal,Toys,1,16.69,16.69
ORD04640,PROD0052,SPF Sunscreen,Beauty,1,19.96,19.96
ORD04640,PROD0073,Matcha Green Tea,Food & Grocery,2,31.91,63.82
ORD04640,PROD0050,Graphic Novel,Books,1,18.57,18.57
ORD04641,PROD0079,Multivitamins,Food & Grocery,1,20.74,20.74
ORD04641,PROD0071,Whey Protein Bar,Food & Grocery,1,22.38,22.38
ORD04642,PROD0025,Knife Set,Home & Kitchen,1,144.87,144.87
ORD04642,PROD0074,Granola Mix,Food & Grocery,1,13.35,13.35
ORD04642,PROD0070,Plush Stuffed Animal,Toys,2,16.69,33.38
ORD04643,PROD0053,Lipstick Set,Beauty,2,19.34,38.68
ORD04644,PROD0061,LEGO Creator Set,Toys,2,99.16,198.32
ORD04644,PROD0014,Winter Jacket,Clothing,3,87.84,263.52
ORD04644,PROD0039,Protein Shaker,Sports,2,31.54,63.08
ORD04645,PROD0017,Running Shorts,Clothing,3,23.82,71.46
ORD04646,PROD0067,Card Game Pack,Toys,3,11.89,35.67
ORD04646,PROD0024,Toaster,Home & Kitchen,3,29.33,87.99
ORD04646,PROD0058,Eye Cream,Beauty,1,71.04,71.04
ORD04647,PROD0027,Mug Set,Home & Kitchen,1,18.25,18.25
ORD04647,PROD0066,RC Racing Car,Toys,1,74.32,74.32
ORD04647,PROD0059,Vitamin C Serum,Beauty,3,28.13,84.39
ORD04648,PROD0046,Science Fiction Novel,Books,2,13.49,26.98
ORD04648,PROD0074,Granola Mix,Food & Grocery,2,13.35,26.7
ORD04648,PROD0035,Running Shoes,Sports,2,99.21,198.42
ORD04649,PROD0075,Extra Virgin Olive Oil,Food & Grocery,1,26.39,26.39
ORD04650,PROD0021,Coffee Maker,Home & Kitchen,2,168.93,337.86
ORD04650,PROD0074,Granola Mix,Food & Grocery,2,13.35,26.7
ORD04651,PROD0037,Foam Roller,Sports,1,53.18,53.18
ORD04652,PROD0033,Resistance Bands,Sports,1,26.09,26.09
ORD04652,PROD0013,Sneakers,Clothing,3,42.92,128.76
ORD04652,PROD0009,Phone Case,Electronics,1,22.66,22.66
ORD04653,PROD0023,Blender,Home & Kitchen,3,60.62,181.86
ORD04653,PROD0039,Protein Shaker,Sports,1,31.54,31.54
ORD04653,PROD0062,Strategy Board Game,Toys,3,43.8,131.4
ORD04653,PROD0074,Granola Mix,Food & Grocery,1,13.35,13.35
ORD04654,PROD0030,Throw Pillow,Home & Kitchen,3,42.17,126.51
ORD04654,PROD0024,Toaster,Home & Kitchen,2,29.33,58.66
ORD04655,PROD0041,Python Programming,Books,2,41.14,82.28
ORD04656,PROD0016,Hoodie,Clothing,3,57.25,171.75
ORD04656,PROD0025,Knife Set,Home & Kitchen,3,144.87,434.61
ORD04657,PROD0065,Collectible Doll,Toys,3,52.93,158.79
ORD04657,PROD0005,Webcam,Electronics,2,143.11,286.22
ORD04657,PROD0067,Card Game Pack,Toys,1,11.89,11.89
ORD04658,PROD0011,T-Shirt,Clothing,1,18.75,18.75
ORD04658,PROD0018,Ankle Socks,Clothing,2,13.84,27.68
ORD04658,PROD0027,Mug Set,Home & Kitchen,3,18.25,54.75
ORD04658,PROD0076,Artisan Pasta,Food & Grocery,2,10.93,21.86
ORD04659,PROD0071,Whey Protein Bar,Food & Grocery,2,22.38,44.76
ORD04659,PROD0070,Plush Stuffed Animal,Toys,2,16.69,33.38
ORD04659,PROD0044,Business Strategy,Books,1,25.81,25.81
ORD04660,PROD0018,Ankle Socks,Clothing,2,13.84,27.68
ORD04660,PROD0021,Coffee Maker,Home & Kitchen,1,168.93,168.93
ORD04660,PROD0034,Water Bottle,Sports,1,49.06,49.06
ORD04660,PROD0080,Healthy Snack Box,Food & Grocery,3,23.63,70.89
ORD04661,PROD0033,Resistance Bands,Sports,2,26.09,52.18
ORD04661,PROD0012,Jeans,Clothing,2,65.37,130.74
ORD04662,PROD0070,Plush Stuffed Animal,Toys,1,16.69,16.69
ORD04662,PROD0007,Gaming Mouse,Electronics,2,109.76,219.52
ORD04663,PROD0025,Knife Set,Home & Kitchen,3,144.87,434.61
ORD04664,PROD0033,Resistance Bands,Sports,1,26.09,26.09
ORD04664,PROD0016,Hoodie,Clothing,1,57.25,57.25
ORD04664,PROD0039,Protein Shaker,Sports,3,31.54,94.62
ORD04664,PROD0079,Multivitamins,Food & Grocery,3,20.74,62.22
ORD04665,PROD0057,Perfume,Beauty,3,50.54,151.62
ORD04665,PROD0012,Jeans,Clothing,2,65.37,130.74
ORD04665,PROD0025,Knife Set,Home & Kitchen,1,144.87,144.87
ORD04666,PROD0075,Extra Virgin Olive Oil,Food & Grocery,1,26.39,26.39
ORD04666,PROD0009,Phone Case,Electronics,1,22.66,22.66
ORD04666,PROD0045,Self-Help Bestseller,Books,1,13.44,13.44
ORD04667,PROD0002,Smart Watch,Electronics,2,110.0,220.0
ORD04667,PROD0064,Action Figure,Toys,1,30.54,30.54
ORD04667,PROD0024,Toaster,Home & Kitchen,2,29.33,58.66
ORD04667,PROD0008,Portable Monitor,Electronics,1,144.34,144.34
ORD04668,PROD0068,Art & Craft Kit,Toys,1,13.06,13.06
ORD04668,PROD0018,Ankle Socks,Clothing,1,13.84,13.84
ORD04668,PROD0033,Resistance Bands,Sports,2,26.09,52.18
ORD04669,PROD0044,Business Strategy,Books,3,25.81,77.43
ORD04669,PROD0072,Premium Coffee Beans,Food & Grocery,2,43.12,86.24
ORD04669,PROD0027,Mug Set,Home & Kitchen,3,18.25,54.75
ORD04669,PROD0059,Vitamin C Serum,Beauty,3,28.13,84.39
ORD04670,PROD0059,Vitamin C Serum,Beauty,3,28.13,84.39
ORD04670,PROD0037,Foam Roller,Sports,2,53.18,106.36
ORD04670,PROD0044,Business Strategy,Books,2,25.81,51.62
ORD04670,PROD0003,Bluetooth Speaker,Electronics,1,63.0,63.0
ORD04671,PROD0057,Perfume,Beauty,1,50.54,50.54
ORD04671,PROD0016,Hoodie,Clothing,3,57.25,171.75
ORD04671,PROD0041,Python Programming,Books,1,41.14,41.14
ORD04672,PROD0031,Yoga Mat,Sports,1,68.43,68.43
ORD04672,PROD0041,Python Programming,Books,3,41.14,123.42
ORD04672,PROD0072,Premium Coffee Beans,Food & Grocery,1,43.12,43.12
ORD04672,PROD0029,LED Desk Lamp,Home & Kitchen,3,80.09,240.27
ORD04673,PROD0035,Running Shoes,Sports,1,99.21,99.21
ORD04674,PROD0074,Granola Mix,Food & Grocery,1,13.35,13.35
ORD04675,PROD0022,Air Fryer,Home & Kitchen,2,143.78,287.56
ORD04675,PROD0003,Bluetooth Speaker,Electronics,3,63.0,189.0
ORD04675,PROD0026,Cutting Board,Home & Kitchen,1,23.46,23.46
ORD04676,PROD0035,Running Shoes,Sports,3,99.21,297.63
ORD04677,PROD0033,Resistance Bands,Sports,3,26.09,78.27
ORD04677,PROD0044,Business Strategy,Books,1,25.81,25.81
ORD04678,PROD0060,Nail Polish Set,Beauty,3,16.35,49.05
ORD04678,PROD0046,Science Fiction Novel,Books,3,13.49,40.47
ORD04678,PROD0055,Argan Shampoo,Beauty,3,29.44,88.32
ORD04678,PROD0070,Plush Stuffed Animal,Toys,3,16.69,50.07
ORD04679,PROD0021,Coffee Maker,Home & Kitchen,3,168.93,506.79
ORD04680,PROD0061,LEGO Creator Set,Toys,1,99.16,99.16
ORD04680,PROD0028,Storage Organizer,Home & Kitchen,2,24.84,49.68
ORD04681,PROD0010,Tablet Stand,Electronics,3,16.34,49.02
ORD04681,PROD0007,Gaming Mouse,Electronics,1,109.76,109.76
ORD04681,PROD0061,LEGO Creator Set,Toys,2,99.16,198.32
ORD04681,PROD0020,Scarf,Clothing,1,12.21,12.21
ORD04682,PROD0064,Action Figure,Toys,2,30.54,61.08
ORD04683,PROD0035,Running Shoes,Sports,3,99.21,297.63
ORD04683,PROD0023,Blender,Home & Kitchen,3,60.62,181.86
ORD04683,PROD0059,Vitamin C Serum,Beauty,3,28.13,84.39
ORD04683,PROD0034,Water Bottle,Sports,2,49.06,98.12
ORD04684,PROD0054,Foundation,Beauty,3,57.15,171.45
ORD04685,PROD0001,Wireless Headphones,Electronics,2,220.67,441.34
ORD04685,PROD0014,Winter Jacket,Clothing,3,87.84,263.52
ORD04685,PROD0059,Vitamin C Serum,Beauty,1,28.13,28.13
ORD04686,PROD0065,Collectible Doll,Toys,3,52.93,158.79
ORD04686,PROD0053,Lipstick Set,Beauty,1,19.34,19.34
ORD04686,PROD0045,Self-Help Bestseller,Books,3,13.44,40.32
ORD04687,PROD0057,Perfume,Beauty,2,50.54,101.08
ORD04687,PROD0001,Wireless Headphones,Electronics,2,220.67,441.34
ORD04687,PROD0055,Argan Shampoo,Beauty,3,29.44,88.32
ORD04687,PROD0071,Whey Protein Bar,Food & Grocery,3,22.38,67.14
ORD04688,PROD0024,Toaster,Home & Kitchen,2,29.33,58.66
ORD04688,PROD0043,ML Engineering Guide,Books,2,29.52,59.04
ORD04689,PROD0078,Raw Honey,Food & Grocery,3,18.09,54.27
ORD04689,PROD0019,Cap,Clothing,1,34.28,34.28
ORD04690,PROD0067,Card Game Pack,Toys,2,11.89,23.78
ORD04691,PROD0052,SPF Sunscreen,Beauty,3,19.96,59.88
ORD04691,PROD0002,Smart Watch,Electronics,2,110.0,220.0
ORD04692,PROD0063,1000-Piece Puzzle,Toys,1,26.71,26.71
ORD04692,PROD0019,Cap,Clothing,3,34.28,102.84
ORD04693,PROD0043,ML Engineering Guide,Books,3,29.52,88.56
ORD04694,PROD0078,Raw Honey,Food & Grocery,2,18.09,36.18
ORD04694,PROD0068,Art & Craft Kit,Toys,1,13.06,13.06
ORD04694,PROD0071,Whey Protein Bar,Food & Grocery,3,22.38,67.14
ORD04695,PROD0039,Protein Shaker,Sports,2,31.54,63.08
ORD04695,PROD0058,Eye Cream,Beauty,1,71.04,71.04
ORD04696,PROD0074,Granola Mix,Food & Grocery,2,13.35,26.7
ORD04696,PROD0010,Tablet Stand,Electronics,2,16.34,32.68
ORD04696,PROD0005,Webcam,Electronics,1,143.11,143.11
ORD04697,PROD0030,Throw Pillow,Home & Kitchen,3,42.17,126.51
ORD04697,PROD0017,Running Shorts,Clothing,1,23.82,23.82
ORD04697,PROD0011,T-Shirt,Clothing,3,18.75,56.25
ORD04697,PROD0067,Card Game Pack,Toys,3,11.89,35.67
ORD04698,PROD0078,Raw Honey,Food & Grocery,3,18.09,54.27
ORD04699,PROD0062,Strategy Board Game,Toys,1,43.8,43.8
ORD04699,PROD0041,Python Programming,Books,2,41.14,82.28
ORD04700,PROD0008,Portable Monitor,Electronics,3,144.34,433.02
ORD04700,PROD0062,Strategy Board Game,Toys,3,43.8,131.4
ORD04700,PROD0012,Jeans,Clothing,3,65.37,196.11
ORD04700,PROD0024,Toaster,Home & Kitchen,3,29.33,87.99
ORD04701,PROD0067,Card Game Pack,Toys,1,11.89,11.89
ORD04701,PROD0002,Smart Watch,Electronics,3,110.0,330.0
ORD04701,PROD0024,Toaster,Home & Kitchen,2,29.33,58.66
ORD04702,PROD0018,Ankle Socks,Clothing,2,13.84,27.68
ORD04702,PROD0019,Cap,Clothing,3,34.28,102.84
ORD04702,PROD0070,Plush Stuffed Animal,Toys,3,16.69,50.07
ORD04703,PROD0053,Lipstick Set,Beauty,2,19.34,38.68
ORD04703,PROD0034,Water Bottle,Sports,2,49.06,98.12
ORD04704,PROD0078,Raw Honey,Food & Grocery,2,18.09,36.18
ORD04705,PROD0053,Lipstick Set,Beauty,2,19.34,38.68
ORD04705,PROD0044,Business Strategy,Books,2,25.81,51.62
ORD04705,PROD0056,Hair Conditioner,Beauty,3,28.27,84.81
ORD04705,PROD0021,Coffee Maker,Home & Kitchen,1,168.93,168.93
ORD04706,PROD0030,Throw Pillow,Home & Kitchen,2,42.17,84.34
ORD04706,PROD0006,Mechanical Keyboard,Electronics,3,151.5,454.5
ORD04706,PROD0022,Air Fryer,Home & Kitchen,3,143.78,431.34
ORD04706,PROD0061,LEGO Creator Set,Toys,3,99.16,297.48
ORD04707,PROD0074,Granola Mix,Food & Grocery,2,13.35,26.7
ORD04707,PROD0069,Science Experiment Kit,Toys,2,27.62,55.24
ORD04707,PROD0046,Science Fiction Novel,Books,1,13.49,13.49
ORD04707,PROD0054,Foundation,Beauty,3,57.15,171.45
ORD04708,PROD0079,Multivitamins,Food & Grocery,2,20.74,41.48
ORD04708,PROD0031,Yoga Mat,Sports,1,68.43,68.43
ORD04708,PROD0034,Water Bottle,Sports,1,49.06,49.06
ORD04709,PROD0040,Fitness Tracker,Sports,2,99.28,198.56
ORD04709,PROD0059,Vitamin C Serum,Beauty,2,28.13,56.26
ORD04709,PROD0024,Toaster,Home & Kitchen,2,29.33,58.66
ORD04709,PROD0030,Throw Pillow,Home & Kitchen,1,42.17,42.17
ORD04710,PROD0044,Business Strategy,Books,3,25.81,77.43
ORD04710,PROD0002,Smart Watch,Electronics,3,110.0,330.0
ORD04710,PROD0012,Jeans,Clothing,2,65.37,130.74
ORD04711,PROD0039,Protein Shaker,Sports,1,31.54,31.54
ORD04711,PROD0037,Foam Roller,Sports,2,53.18,106.36
ORD04711,PROD0048,World History,Books,1,25.51,25.51
ORD04711,PROD0065,Collectible Doll,Toys,1,52.93,52.93
ORD04712,PROD0015,Summer Dress,Clothing,3,67.24,201.72
ORD04713,PROD0068,Art & Craft Kit,Toys,1,13.06,13.06
ORD04713,PROD0028,Storage Organizer,Home & Kitchen,3,24.84,74.52
ORD04713,PROD0024,Toaster,Home & Kitchen,1,29.33,29.33
ORD04713,PROD0034,Water Bottle,Sports,1,49.06,49.06
ORD04714,PROD0013,Sneakers,Clothing,1,42.92,42.92
ORD04715,PROD0019,Cap,Clothing,3,34.28,102.84
ORD04715,PROD0079,Multivitamins,Food & Grocery,2,20.74,41.48
ORD04715,PROD0024,Toaster,Home & Kitchen,2,29.33,58.66
ORD04716,PROD0045,Self-Help Bestseller,Books,1,13.44,13.44
ORD04716,PROD0021,Coffee Maker,Home & Kitchen,1,168.93,168.93
ORD04716,PROD0059,Vitamin C Serum,Beauty,2,28.13,56.26
ORD04717,PROD0053,Lipstick Set,Beauty,2,19.34,38.68
ORD04717,PROD0025,Knife Set,Home & Kitchen,1,144.87,144.87
ORD04717,PROD0079,Multivitamins,Food & Grocery,1,20.74,20.74
ORD04717,PROD0076,Artisan Pasta,Food & Grocery,3,10.93,32.79
ORD04718,PROD0035,Running Shoes,Sports,1,99.21,99.21
ORD04718,PROD0048,World History,Books,2,25.51,51.02
ORD04719,PROD0014,Winter Jacket,Clothing,3,87.84,263.52
ORD04719,PROD0059,Vitamin C Serum,Beauty,3,28.13,84.39
ORD04719,PROD0033,Resistance Bands,Sports,2,26.09,52.18
ORD04719,PROD0038,Gym Bag,Sports,1,65.2,65.2
ORD04720,PROD0059,Vitamin C Serum,Beauty,2,28.13,56.26
ORD04720,PROD0009,Phone Case,Electronics,1,22.66,22.66
ORD04721,PROD0041,Python Programming,Books,2,41.14,82.28
ORD04721,PROD0047,Cook Book,Books,3,17.53,52.59
ORD04721,PROD0066,RC Racing Car,Toys,2,74.32,148.64
ORD04722,PROD0069,Science Experiment Kit,Toys,1,27.62,27.62
ORD04722,PROD0067,Card Game Pack,Toys,1,11.89,11.89
ORD04723,PROD0067,Card Game Pack,Toys,2,11.89,23.78
ORD04723,PROD0002,Smart Watch,Electronics,3,110.0,330.0
ORD04724,PROD0027,Mug Set,Home & Kitchen,1,18.25,18.25
ORD04725,PROD0054,Foundation,Beauty,2,57.15,114.3
ORD04725,PROD0013,Sneakers,Clothing,2,42.92,85.84
ORD04725,PROD0023,Blender,Home & Kitchen,2,60.62,121.24
ORD04726,PROD0013,Sneakers,Clothing,3,42.92,128.76
ORD04727,PROD0021,Coffee Maker,Home & Kitchen,2,168.93,337.86
ORD04728,PROD0043,ML Engineering Guide,Books,3,29.52,88.56
ORD04728,PROD0020,Scarf,Clothing,1,12.21,12.21
ORD04728,PROD0021,Coffee Maker,Home & Kitchen,3,168.93,506.79
ORD04729,PROD0047,Cook Book,Books,3,17.53,52.59
ORD04730,PROD0014,Winter Jacket,Clothing,3,87.84,263.52
ORD04730,PROD0034,Water Bottle,Sports,2,49.06,98.12
ORD04731,PROD0078,Raw Honey,Food & Grocery,3,18.09,54.27
ORD04731,PROD0049,Travel Photography,Books,2,39.07,78.14
ORD04731,PROD0047,Cook Book,Books,1,17.53,17.53
ORD04731,PROD0005,Webcam,Electronics,3,143.11,429.33
ORD04732,PROD0080,Healthy Snack Box,Food & Grocery,1,23.63,23.63
ORD04732,PROD0029,LED Desk Lamp,Home & Kitchen,2,80.09,160.18
ORD04732,PROD0038,Gym Bag,Sports,2,65.2,130.4
ORD04732,PROD0017,Running Shorts,Clothing,1,23.82,23.82
ORD04733,PROD0056,Hair Conditioner,Beauty,1,28.27,28.27
ORD04733,PROD0076,Artisan Pasta,Food & Grocery,1,10.93,10.93
ORD04733,PROD0061,LEGO Creator Set,Toys,1,99.16,99.16
ORD04733,PROD0053,Lipstick Set,Beauty,2,19.34,38.68
ORD04734,PROD0067,Card Game Pack,Toys,3,11.89,35.67
ORD04734,PROD0010,Tablet Stand,Electronics,1,16.34,16.34
ORD04735,PROD0078,Raw Honey,Food & Grocery,1,18.09,18.09
ORD04736,PROD0046,Science Fiction Novel,Books,3,13.49,40.47
ORD04737,PROD0049,Travel Photography,Books,2,39.07,78.14
ORD04738,PROD0013,Sneakers,Clothing,2,42.92,85.84
ORD04738,PROD0069,Science Experiment Kit,Toys,1,27.62,27.62
ORD04739,PROD0018,Ankle Socks,Clothing,3,13.84,41.52
ORD04739,PROD0011,T-Shirt,Clothing,1,18.75,18.75
ORD04739,PROD0016,Hoodie,Clothing,1,57.25,57.25
ORD04740,PROD0054,Foundation,Beauty,3,57.15,171.45
ORD04740,PROD0051,Face Moisturizer,Beauty,3,39.06,117.18
ORD04740,PROD0041,Python Programming,Books,2,41.14,82.28
ORD04740,PROD0009,Phone Case,Electronics,1,22.66,22.66
ORD04741,PROD0042,Data Science Handbook,Books,3,26.6,79.8
ORD04741,PROD0011,T-Shirt,Clothing,3,18.75,56.25
ORD04741,PROD0068,Art & Craft Kit,Toys,3,13.06,39.18
ORD04741,PROD0037,Foam Roller,Sports,2,53.18,106.36
ORD04742,PROD0015,Summer Dress,Clothing,2,67.24,134.48
ORD04742,PROD0043,ML Engineering Guide,Books,2,29.52,59.04
ORD04742,PROD0058,Eye Cream,Beauty,2,71.04,142.08
ORD04743,PROD0012,Jeans,Clothing,3,65.37,196.11
ORD04743,PROD0013,Sneakers,Clothing,3,42.92,128.76
ORD04744,PROD0016,Hoodie,Clothing,3,57.25,171.75
ORD04744,PROD0051,Face Moisturizer,Beauty,1,39.06,39.06
ORD04744,PROD0011,T-Shirt,Clothing,2,18.75,37.5
ORD04744,PROD0064,Action Figure,Toys,1,30.54,30.54
ORD04745,PROD0048,World History,Books,1,25.51,25.51
ORD04745,PROD0036,Jump Rope,Sports,1,20.14,20.14
ORD04745,PROD0044,Business Strategy,Books,2,25.81,51.62
ORD04745,PROD0010,Tablet Stand,Electronics,1,16.34,16.34
ORD04746,PROD0067,Card Game Pack,Toys,2,11.89,23.78
ORD04746,PROD0061,LEGO Creator Set,Toys,3,99.16,297.48
ORD04746,PROD0003,Bluetooth Speaker,Electronics,2,63.0,126.0
ORD04746,PROD0016,Hoodie,Clothing,1,57.25,57.25
ORD04747,PROD0045,Self-Help Bestseller,Books,1,13.44,13.44
ORD04748,PROD0069,Science Experiment Kit,Toys,1,27.62,27.62
ORD04748,PROD0019,Cap,Clothing,1,34.28,34.28
ORD04749,PROD0058,Eye Cream,Beauty,1,71.04,71.04
ORD04749,PROD0064,Action Figure,Toys,2,30.54,61.08
ORD04750,PROD0004,USB-C Hub,Electronics,2,33.39,66.78
ORD04751,PROD0001,Wireless Headphones,Electronics,3,220.67,662.01
ORD04751,PROD0077,Mixed Nuts Pack,Food & Grocery,2,37.44,74.88
ORD04751,PROD0038,Gym Bag,Sports,2,65.2,130.4
ORD04751,PROD0073,Matcha Green Tea,Food & Grocery,1,31.91,31.91
ORD04752,PROD0035,Running Shoes,Sports,2,99.21,198.42
ORD04752,PROD0064,Action Figure,Toys,1,30.54,30.54
ORD04753,PROD0013,Sneakers,Clothing,3,42.92,128.76
ORD04753,PROD0032,Adjustable Dumbbells,Sports,3,159.46,478.38
ORD04753,PROD0067,Card Game Pack,Toys,3,11.89,35.67
ORD04754,PROD0064,Action Figure,Toys,2,30.54,61.08
ORD04755,PROD0022,Air Fryer,Home & Kitchen,3,143.78,431.34
ORD04756,PROD0039,Protein Shaker,Sports,3,31.54,94.62
ORD04756,PROD0023,Blender,Home & Kitchen,1,60.62,60.62
ORD04757,PROD0055,Argan Shampoo,Beauty,1,29.44,29.44
ORD04757,PROD0080,Healthy Snack Box,Food & Grocery,2,23.63,47.26
ORD04757,PROD0069,Science Experiment Kit,Toys,2,27.62,55.24
ORD04758,PROD0075,Extra Virgin Olive Oil,Food & Grocery,1,26.39,26.39
ORD04758,PROD0020,Scarf,Clothing,3,12.21,36.63
ORD04758,PROD0073,Matcha Green Tea,Food & Grocery,3,31.91,95.73
ORD04758,PROD0054,Foundation,Beauty,1,57.15,57.15
ORD04759,PROD0037,Foam Roller,Sports,1,53.18,53.18
ORD04759,PROD0022,Air Fryer,Home & Kitchen,3,143.78,431.34
ORD04760,PROD0065,Collectible Doll,Toys,2,52.93,105.86
ORD04760,PROD0064,Action Figure,Toys,3,30.54,91.62
ORD04761,PROD0077,Mixed Nuts Pack,Food & Grocery,2,37.44,74.88
ORD04761,PROD0016,Hoodie,Clothing,2,57.25,114.5
ORD04761,PROD0054,Foundation,Beauty,3,57.15,171.45
ORD04762,PROD0031,Yoga Mat,Sports,3,68.43,205.29
ORD04763,PROD0047,Cook Book,Books,1,17.53,17.53
ORD04763,PROD0050,Graphic Novel,Books,2,18.57,37.14
ORD04763,PROD0005,Webcam,Electronics,1,143.11,143.11
ORD04763,PROD0063,1000-Piece Puzzle,Toys,2,26.71,53.42
ORD04764,PROD0024,Toaster,Home & Kitchen,2,29.33,58.66
ORD04764,PROD0033,Resistance Bands,Sports,2,26.09,52.18
ORD04765,PROD0080,Healthy Snack Box,Food & Grocery,3,23.63,70.89
ORD04765,PROD0066,RC Racing Car,Toys,2,74.32,148.64
ORD04765,PROD0076,Artisan Pasta,Food & Grocery,2,10.93,21.86
ORD04766,PROD0057,Perfume,Beauty,1,50.54,50.54
ORD04766,PROD0049,Travel Photography,Books,1,39.07,39.07
ORD04766,PROD0040,Fitness Tracker,Sports,1,99.28,99.28
ORD04767,PROD0072,Premium Coffee Beans,Food & Grocery,2,43.12,86.24
ORD04767,PROD0073,Matcha Green Tea,Food & Grocery,3,31.91,95.73
ORD04768,PROD0039,Protein Shaker,Sports,2,31.54,63.08
ORD04768,PROD0023,Blender,Home & Kitchen,3,60.62,181.86
ORD04769,PROD0004,USB-C Hub,Electronics,1,33.39,33.39
ORD04769,PROD0045,Self-Help Bestseller,Books,3,13.44,40.32
ORD04769,PROD0052,SPF Sunscreen,Beauty,1,19.96,19.96
ORD04769,PROD0032,Adjustable Dumbbells,Sports,1,159.46,159.46
ORD04770,PROD0031,Yoga Mat,Sports,1,68.43,68.43
ORD04770,PROD0058,Eye Cream,Beauty,2,71.04,142.08
ORD04770,PROD0051,Face Moisturizer,Beauty,1,39.06,39.06
ORD04770,PROD0012,Jeans,Clothing,2,65.37,130.74
ORD04771,PROD0031,Yoga Mat,Sports,1,68.43,68.43
ORD04771,PROD0002,Smart Watch,Electronics,1,110.0,110.0
ORD04771,PROD0061,LEGO Creator Set,Toys,1,99.16,99.16
ORD04772,PROD0037,Foam Roller,Sports,3,53.18,159.54
ORD04773,PROD0002,Smart Watch,Electronics,3,110.0,330.0
ORD04774,PROD0041,Python Programming,Books,2,41.14,82.28
ORD04774,PROD0042,Data Science Handbook,Books,3,26.6,79.8
ORD04775,PROD0050,Graphic Novel,Books,3,18.57,55.71
ORD04775,PROD0078,Raw Honey,Food & Grocery,3,18.09,54.27
ORD04775,PROD0065,Collectible Doll,Toys,1,52.93,52.93
ORD04775,PROD0056,Hair Conditioner,Beauty,2,28.27,56.54
ORD04776,PROD0015,Summer Dress,Clothing,3,67.24,201.72
ORD04777,PROD0049,Travel Photography,Books,3,39.07,117.21
ORD04777,PROD0042,Data Science Handbook,Books,3,26.6,79.8
ORD04778,PROD0004,USB-C Hub,Electronics,1,33.39,33.39
ORD04778,PROD0060,Nail Polish Set,Beauty,2,16.35,32.7
ORD04778,PROD0011,T-Shirt,Clothing,1,18.75,18.75
ORD04778,PROD0008,Portable Monitor,Electronics,1,144.34,144.34
ORD04779,PROD0028,Storage Organizer,Home & Kitchen,2,24.84,49.68
ORD04779,PROD0036,Jump Rope,Sports,1,20.14,20.14
ORD04779,PROD0018,Ankle Socks,Clothing,3,13.84,41.52
ORD04780,PROD0034,Water Bottle,Sports,1,49.06,49.06
ORD04781,PROD0069,Science Experiment Kit,Toys,3,27.62,82.86
ORD04781,PROD0017,Running Shorts,Clothing,2,23.82,47.64
ORD04782,PROD0076,Artisan Pasta,Food & Grocery,3,10.93,32.79
ORD04782,PROD0032,Adjustable Dumbbells,Sports,3,159.46,478.38
ORD04782,PROD0078,Raw Honey,Food & Grocery,3,18.09,54.27
ORD04782,PROD0073,Matcha Green Tea,Food & Grocery,1,31.91,31.91
ORD04783,PROD0014,Winter Jacket,Clothing,3,87.84,263.52
ORD04783,PROD0025,Knife Set,Home & Kitchen,2,144.87,289.74
ORD04783,PROD0039,Protein Shaker,Sports,2,31.54,63.08
ORD04784,PROD0008,Portable Monitor,Electronics,2,144.34,288.68
ORD04784,PROD0046,Science Fiction Novel,Books,1,13.49,13.49
ORD04785,PROD0046,Science Fiction Novel,Books,1,13.49,13.49
ORD04786,PROD0076,Artisan Pasta,Food & Grocery,1,10.93,10.93
ORD04786,PROD0055,Argan Shampoo,Beauty,2,29.44,58.88
ORD04786,PROD0052,SPF Sunscreen,Beauty,1,19.96,19.96
ORD04787,PROD0052,SPF Sunscreen,Beauty,1,19.96,19.96
ORD04787,PROD0043,ML Engineering Guide,Books,3,29.52,88.56
ORD04788,PROD0058,Eye Cream,Beauty,1,71.04,71.04
ORD04789,PROD0046,Science Fiction Novel,Books,2,13.49,26.98
ORD04790,PROD0071,Whey Protein Bar,Food & Grocery,2,22.38,44.76
ORD04791,PROD0043,ML Engineering Guide,Books,3,29.52,88.56
ORD04792,PROD0025,Knife Set,Home & Kitchen,1,144.87,144.87
ORD04792,PROD0038,Gym Bag,Sports,2,65.2,130.4
ORD04793,PROD0053,Lipstick Set,Beauty,2,19.34,38.68
ORD04794,PROD0049,Travel Photography,Books,2,39.07,78.14
ORD04795,PROD0013,Sneakers,Clothing,2,42.92,85.84
ORD04795,PROD0012,Jeans,Clothing,1,65.37,65.37
ORD04795,PROD0032,Adjustable Dumbbells,Sports,3,159.46,478.38
ORD04796,PROD0015,Summer Dress,Clothing,2,67.24,134.48
ORD04796,PROD0037,Foam Roller,Sports,1,53.18,53.18
ORD04796,PROD0042,Data Science Handbook,Books,3,26.6,79.8
ORD04797,PROD0015,Summer Dress,Clothing,1,67.24,67.24
ORD04797,PROD0078,Raw Honey,Food & Grocery,2,18.09,36.18
ORD04797,PROD0031,Yoga Mat,Sports,2,68.43,136.86
ORD04798,PROD0069,Science Experiment Kit,Toys,2,27.62,55.24
ORD04799,PROD0059,Vitamin C Serum,Beauty,3,28.13,84.39
ORD04799,PROD0005,Webcam,Electronics,1,143.11,143.11
ORD04799,PROD0070,Plush Stuffed Animal,Toys,1,16.69,16.69
ORD04799,PROD0002,Smart Watch,Electronics,1,110.0,110.0
ORD04800,PROD0011,T-Shirt,Clothing,1,18.75,18.75
ORD04800,PROD0043,ML Engineering Guide,Books,2,29.52,59.04
ORD04801,PROD0053,Lipstick Set,Beauty,2,19.34,38.68
ORD04801,PROD0047,Cook Book,Books,2,17.53,35.06
ORD04801,PROD0010,Tablet Stand,Electronics,2,16.34,32.68
ORD04802,PROD0029,LED Desk Lamp,Home & Kitchen,1,80.09,80.09
ORD04802,PROD0060,Nail Polish Set,Beauty,1,16.35,16.35
ORD04802,PROD0011,T-Shirt,Clothing,2,18.75,37.5
ORD04802,PROD0004,USB-C Hub,Electronics,2,33.39,66.78
ORD04803,PROD0050,Graphic Novel,Books,3,18.57,55.71
ORD04803,PROD0004,USB-C Hub,Electronics,2,33.39,66.78
ORD04803,PROD0076,Artisan Pasta,Food & Grocery,1,10.93,10.93
ORD04803,PROD0066,RC Racing Car,Toys,2,74.32,148.64
ORD04804,PROD0003,Bluetooth Speaker,Electronics,1,63.0,63.0
ORD04804,PROD0042,Data Science Handbook,Books,1,26.6,26.6
ORD04804,PROD0025,Knife Set,Home & Kitchen,1,144.87,144.87
ORD04805,PROD0049,Travel Photography,Books,2,39.07,78.14
ORD04805,PROD0048,World History,Books,2,25.51,51.02
ORD04805,PROD0021,Coffee Maker,Home & Kitchen,3,168.93,506.79
ORD04805,PROD0027,Mug Set,Home & Kitchen,3,18.25,54.75
ORD04806,PROD0003,Bluetooth Speaker,Electronics,1,63.0,63.0
ORD04806,PROD0016,Hoodie,Clothing,3,57.25,171.75
ORD04806,PROD0061,LEGO Creator Set,Toys,1,99.16,99.16
ORD04806,PROD0018,Ankle Socks,Clothing,1,13.84,13.84
ORD04807,PROD0075,Extra Virgin Olive Oil,Food & Grocery,3,26.39,79.17
ORD04808,PROD0055,Argan Shampoo,Beauty,2,29.44,58.88
ORD04808,PROD0073,Matcha Green Tea,Food & Grocery,3,31.91,95.73
ORD04809,PROD0017,Running Shorts,Clothing,1,23.82,23.82
ORD04809,PROD0078,Raw Honey,Food & Grocery,1,18.09,18.09
ORD04809,PROD0013,Sneakers,Clothing,3,42.92,128.76
ORD04810,PROD0041,Python Programming,Books,2,41.14,82.28
ORD04810,PROD0048,World History,Books,1,25.51,25.51
ORD04810,PROD0009,Phone Case,Electronics,1,22.66,22.66
ORD04810,PROD0062,Strategy Board Game,Toys,2,43.8,87.6
ORD04811,PROD0072,Premium Coffee Beans,Food & Grocery,1,43.12,43.12
ORD04812,PROD0073,Matcha Green Tea,Food & Grocery,2,31.91,63.82
ORD04812,PROD0033,Resistance Bands,Sports,2,26.09,52.18
ORD04813,PROD0018,Ankle Socks,Clothing,1,13.84,13.84
ORD04813,PROD0010,Tablet Stand,Electronics,1,16.34,16.34
ORD04813,PROD0022,Air Fryer,Home & Kitchen,3,143.78,431.34
ORD04814,PROD0075,Extra Virgin Olive Oil,Food & Grocery,2,26.39,52.78
ORD04815,PROD0011,T-Shirt,Clothing,2,18.75,37.5
ORD04815,PROD0024,Toaster,Home & Kitchen,1,29.33,29.33
ORD04815,PROD0059,Vitamin C Serum,Beauty,1,28.13,28.13
ORD04815,PROD0062,Strategy Board Game,Toys,3,43.8,131.4
ORD04816,PROD0069,Science Experiment Kit,Toys,1,27.62,27.62
ORD04817,PROD0075,Extra Virgin Olive Oil,Food & Grocery,3,26.39,79.17
ORD04818,PROD0025,Knife Set,Home & Kitchen,3,144.87,434.61
ORD04818,PROD0045,Self-Help Bestseller,Books,2,13.44,26.88
ORD04818,PROD0052,SPF Sunscreen,Beauty,2,19.96,39.92
ORD04818,PROD0050,Graphic Novel,Books,2,18.57,37.14
ORD04819,PROD0013,Sneakers,Clothing,1,42.92,42.92
ORD04820,PROD0035,Running Shoes,Sports,1,99.21,99.21
ORD04820,PROD0037,Foam Roller,Sports,2,53.18,106.36
ORD04820,PROD0069,Science Experiment Kit,Toys,1,27.62,27.62
ORD04821,PROD0037,Foam Roller,Sports,2,53.18,106.36
ORD04821,PROD0041,Python Programming,Books,1,41.14,41.14
ORD04821,PROD0076,Artisan Pasta,Food & Grocery,1,10.93,10.93
ORD04821,PROD0046,Science Fiction Novel,Books,2,13.49,26.98
ORD04822,PROD0016,Hoodie,Clothing,2,57.25,114.5
ORD04822,PROD0055,Argan Shampoo,Beauty,3,29.44,88.32
ORD04822,PROD0030,Throw Pillow,Home & Kitchen,2,42.17,84.34
ORD04822,PROD0037,Foam Roller,Sports,2,53.18,106.36
ORD04823,PROD0068,Art & Craft Kit,Toys,3,13.06,39.18
ORD04823,PROD0022,Air Fryer,Home & Kitchen,2,143.78,287.56
ORD04823,PROD0001,Wireless Headphones,Electronics,3,220.67,662.01
ORD04824,PROD0036,Jump Rope,Sports,3,20.14,60.42
ORD04824,PROD0040,Fitness Tracker,Sports,2,99.28,198.56
ORD04824,PROD0039,Protein Shaker,Sports,3,31.54,94.62
ORD04825,PROD0067,Card Game Pack,Toys,2,11.89,23.78
ORD04826,PROD0080,Healthy Snack Box,Food & Grocery,3,23.63,70.89
ORD04827,PROD0078,Raw Honey,Food & Grocery,2,18.09,36.18
ORD04827,PROD0013,Sneakers,Clothing,1,42.92,42.92
ORD04828,PROD0079,Multivitamins,Food & Grocery,1,20.74,20.74
ORD04829,PROD0066,RC Racing Car,Toys,2,74.32,148.64
ORD04829,PROD0063,1000-Piece Puzzle,Toys,1,26.71,26.71
ORD04829,PROD0050,Graphic Novel,Books,1,18.57,18.57
ORD04829,PROD0076,Artisan Pasta,Food & Grocery,2,10.93,21.86
ORD04830,PROD0080,Healthy Snack Box,Food & Grocery,1,23.63,23.63
ORD04830,PROD0040,Fitness Tracker,Sports,3,99.28,297.84
ORD04830,PROD0043,ML Engineering Guide,Books,2,29.52,59.04
ORD04830,PROD0036,Jump Rope,Sports,2,20.14,40.28
ORD04831,PROD0065,Collectible Doll,Toys,3,52.93,158.79
ORD04831,PROD0051,Face Moisturizer,Beauty,1,39.06,39.06
ORD04831,PROD0004,USB-C Hub,Electronics,1,33.39,33.39
ORD04832,PROD0028,Storage Organizer,Home & Kitchen,2,24.84,49.68
ORD04833,PROD0051,Face Moisturizer,Beauty,1,39.06,39.06
ORD04834,PROD0006,Mechanical Keyboard,Electronics,2,151.5,303.0
ORD04835,PROD0036,Jump Rope,Sports,3,20.14,60.42
ORD04836,PROD0062,Strategy Board Game,Toys,1,43.8,43.8
ORD04836,PROD0044,Business Strategy,Books,1,25.81,25.81
ORD04836,PROD0012,Jeans,Clothing,2,65.37,130.74
ORD04836,PROD0020,Scarf,Clothing,3,12.21,36.63
ORD04837,PROD0069,Science Experiment Kit,Toys,1,27.62,27.62
ORD04838,PROD0058,Eye Cream,Beauty,2,71.04,142.08
ORD04839,PROD0035,Running Shoes,Sports,2,99.21,198.42
ORD04839,PROD0040,Fitness Tracker,Sports,1,99.28,99.28
ORD04839,PROD0002,Smart Watch,Electronics,2,110.0,220.0
ORD04840,PROD0060,Nail Polish Set,Beauty,3,16.35,49.05
ORD04840,PROD0017,Running Shorts,Clothing,2,23.82,47.64
ORD04840,PROD0026,Cutting Board,Home & Kitchen,2,23.46,46.92
ORD04841,PROD0028,Storage Organizer,Home & Kitchen,1,24.84,24.84
ORD04841,PROD0024,Toaster,Home & Kitchen,1,29.33,29.33
ORD04841,PROD0006,Mechanical Keyboard,Electronics,1,151.5,151.5
ORD04842,PROD0048,World History,Books,3,25.51,76.53
ORD04842,PROD0052,SPF Sunscreen,Beauty,3,19.96,59.88
ORD04842,PROD0079,Multivitamins,Food & Grocery,3,20.74,62.22
ORD04843,PROD0027,Mug Set,Home & Kitchen,3,18.25,54.75
ORD04843,PROD0074,Granola Mix,Food & Grocery,2,13.35,26.7
ORD04843,PROD0052,SPF Sunscreen,Beauty,2,19.96,39.92
ORD04843,PROD0065,Collectible Doll,Toys,1,52.93,52.93
ORD04844,PROD0055,Argan Shampoo,Beauty,3,29.44,88.32
ORD04844,PROD0034,Water Bottle,Sports,1,49.06,49.06
ORD04845,PROD0006,Mechanical Keyboard,Electronics,3,151.5,454.5
ORD04845,PROD0061,LEGO Creator Set,Toys,1,99.16,99.16
ORD04845,PROD0005,Webcam,Electronics,1,143.11,143.11
ORD04845,PROD0070,Plush Stuffed Animal,Toys,3,16.69,50.07
ORD04846,PROD0080,Healthy Snack Box,Food & Grocery,2,23.63,47.26
ORD04846,PROD0013,Sneakers,Clothing,1,42.92,42.92
ORD04847,PROD0030,Throw Pillow,Home & Kitchen,1,42.17,42.17
ORD04848,PROD0070,Plush Stuffed Animal,Toys,3,16.69,50.07
ORD04848,PROD0023,Blender,Home & Kitchen,3,60.62,181.86
ORD04848,PROD0080,Healthy Snack Box,Food & Grocery,3,23.63,70.89
ORD04849,PROD0058,Eye Cream,Beauty,2,71.04,142.08
ORD04849,PROD0021,Coffee Maker,Home & Kitchen,3,168.93,506.79
ORD04850,PROD0007,Gaming Mouse,Electronics,2,109.76,219.52
ORD04850,PROD0016,Hoodie,Clothing,1,57.25,57.25
ORD04850,PROD0001,Wireless Headphones,Electronics,3,220.67,662.01
ORD04850,PROD0009,Phone Case,Electronics,2,22.66,45.32
ORD04851,PROD0001,Wireless Headphones,Electronics,3,220.67,662.01
ORD04852,PROD0055,Argan Shampoo,Beauty,3,29.44,88.32
ORD04852,PROD0070,Plush Stuffed Animal,Toys,2,16.69,33.38
ORD04852,PROD0058,Eye Cream,Beauty,1,71.04,71.04
ORD04852,PROD0049,Travel Photography,Books,1,39.07,39.07
ORD04853,PROD0049,Travel Photography,Books,1,39.07,39.07
ORD04853,PROD0077,Mixed Nuts Pack,Food & Grocery,3,37.44,112.32
ORD04853,PROD0074,Granola Mix,Food & Grocery,2,13.35,26.7
ORD04853,PROD0014,Winter Jacket,Clothing,2,87.84,175.68
ORD04854,PROD0054,Foundation,Beauty,2,57.15,114.3
ORD04854,PROD0016,Hoodie,Clothing,3,57.25,171.75
ORD04855,PROD0027,Mug Set,Home & Kitchen,3,18.25,54.75
ORD04855,PROD0052,SPF Sunscreen,Beauty,3,19.96,59.88
ORD04855,PROD0064,Action Figure,Toys,1,30.54,30.54
ORD04855,PROD0066,RC Racing Car,Toys,1,74.32,74.32
ORD04856,PROD0021,Coffee Maker,Home & Kitchen,3,168.93,506.79
ORD04856,PROD0007,Gaming Mouse,Electronics,2,109.76,219.52
ORD04856,PROD0034,Water Bottle,Sports,2,49.06,98.12
ORD04857,PROD0056,Hair Conditioner,Beauty,3,28.27,84.81
ORD04857,PROD0044,Business Strategy,Books,1,25.81,25.81
ORD04858,PROD0058,Eye Cream,Beauty,3,71.04,213.12
ORD04858,PROD0064,Action Figure,Toys,2,30.54,61.08
ORD04858,PROD0009,Phone Case,Electronics,3,22.66,67.98
ORD04858,PROD0028,Storage Organizer,Home & Kitchen,2,24.84,49.68
ORD04859,PROD0004,USB-C Hub,Electronics,2,33.39,66.78
ORD04860,PROD0016,Hoodie,Clothing,1,57.25,57.25
ORD04861,PROD0016,Hoodie,Clothing,3,57.25,171.75
ORD04861,PROD0052,SPF Sunscreen,Beauty,1,19.96,19.96
ORD04861,PROD0061,LEGO Creator Set,Toys,1,99.16,99.16
ORD04862,PROD0048,World History,Books,3,25.51,76.53
ORD04862,PROD0051,Face Moisturizer,Beauty,2,39.06,78.12
ORD04862,PROD0071,Whey Protein Bar,Food & Grocery,2,22.38,44.76
ORD04862,PROD0027,Mug Set,Home & Kitchen,1,18.25,18.25
ORD04863,PROD0009,Phone Case,Electronics,1,22.66,22.66
ORD04863,PROD0054,Foundation,Beauty,2,57.15,114.3
ORD04863,PROD0003,Bluetooth Speaker,Electronics,2,63.0,126.0
ORD04863,PROD0070,Plush Stuffed Animal,Toys,3,16.69,50.07
ORD04864,PROD0060,Nail Polish Set,Beauty,2,16.35,32.7
ORD04865,PROD0062,Strategy Board Game,Toys,2,43.8,87.6
ORD04865,PROD0018,Ankle Socks,Clothing,2,13.84,27.68
ORD04866,PROD0070,Plush Stuffed Animal,Toys,1,16.69,16.69
ORD04866,PROD0079,Multivitamins,Food & Grocery,3,20.74,62.22
ORD04867,PROD0003,Bluetooth Speaker,Electronics,2,63.0,126.0
ORD04868,PROD0031,Yoga Mat,Sports,2,68.43,136.86
ORD04868,PROD0076,Artisan Pasta,Food & Grocery,1,10.93,10.93
ORD04869,PROD0067,Card Game Pack,Toys,3,11.89,35.67
ORD04869,PROD0017,Running Shorts,Clothing,3,23.82,71.46
ORD04869,PROD0047,Cook Book,Books,3,17.53,52.59
ORD04869,PROD0056,Hair Conditioner,Beauty,3,28.27,84.81
ORD04870,PROD0044,Business Strategy,Books,2,25.81,51.62
ORD04870,PROD0062,Strategy Board Game,Toys,2,43.8,87.6
ORD04871,PROD0004,USB-C Hub,Electronics,2,33.39,66.78
ORD04871,PROD0065,Collectible Doll,Toys,2,52.93,105.86
ORD04871,PROD0062,Strategy Board Game,Toys,1,43.8,43.8
ORD04871,PROD0019,Cap,Clothing,3,34.28,102.84
ORD04872,PROD0073,Matcha Green Tea,Food & Grocery,1,31.91,31.91
ORD04872,PROD0078,Raw Honey,Food & Grocery,1,18.09,18.09
ORD04872,PROD0031,Yoga Mat,Sports,2,68.43,136.86
ORD04872,PROD0059,Vitamin C Serum,Beauty,3,28.13,84.39
ORD04873,PROD0021,Coffee Maker,Home & Kitchen,2,168.93,337.86
ORD04873,PROD0029,LED Desk Lamp,Home & Kitchen,2,80.09,160.18
ORD04873,PROD0042,Data Science Handbook,Books,1,26.6,26.6
ORD04874,PROD0080,Healthy Snack Box,Food & Grocery,3,23.63,70.89
ORD04874,PROD0043,ML Engineering Guide,Books,3,29.52,88.56
ORD04875,PROD0057,Perfume,Beauty,2,50.54,101.08
ORD04875,PROD0074,Granola Mix,Food & Grocery,3,13.35,40.05
ORD04876,PROD0014,Winter Jacket,Clothing,2,87.84,175.68
ORD04876,PROD0004,USB-C Hub,Electronics,3,33.39,100.17
ORD04877,PROD0044,Business Strategy,Books,3,25.81,77.43
ORD04878,PROD0037,Foam Roller,Sports,2,53.18,106.36
ORD04878,PROD0046,Science Fiction Novel,Books,3,13.49,40.47
ORD04878,PROD0064,Action Figure,Toys,3,30.54,91.62
ORD04878,PROD0056,Hair Conditioner,Beauty,1,28.27,28.27
ORD04879,PROD0068,Art & Craft Kit,Toys,2,13.06,26.12
ORD04879,PROD0054,Foundation,Beauty,1,57.15,57.15
ORD04879,PROD0025,Knife Set,Home & Kitchen,3,144.87,434.61
ORD04880,PROD0039,Protein Shaker,Sports,2,31.54,63.08
ORD04881,PROD0037,Foam Roller,Sports,3,53.18,159.54
ORD04882,PROD0040,Fitness Tracker,Sports,2,99.28,198.56
ORD04882,PROD0076,Artisan Pasta,Food & Grocery,1,10.93,10.93
ORD04883,PROD0025,Knife Set,Home & Kitchen,1,144.87,144.87
ORD04884,PROD0050,Graphic Novel,Books,1,18.57,18.57
ORD04885,PROD0032,Adjustable Dumbbells,Sports,1,159.46,159.46
ORD04886,PROD0010,Tablet Stand,Electronics,2,16.34,32.68
ORD04886,PROD0001,Wireless Headphones,Electronics,1,220.67,220.67
ORD04886,PROD0019,Cap,Clothing,2,34.28,68.56
ORD04887,PROD0047,Cook Book,Books,3,17.53,52.59
ORD04888,PROD0043,ML Engineering Guide,Books,1,29.52,29.52
ORD04888,PROD0049,Travel Photography,Books,3,39.07,117.21
ORD04888,PROD0052,SPF Sunscreen,Beauty,2,19.96,39.92
ORD04888,PROD0032,Adjustable Dumbbells,Sports,2,159.46,318.92
ORD04889,PROD0030,Throw Pillow,Home & Kitchen,1,42.17,42.17
ORD04890,PROD0019,Cap,Clothing,1,34.28,34.28
ORD04891,PROD0080,Healthy Snack Box,Food & Grocery,1,23.63,23.63
ORD04892,PROD0052,SPF Sunscreen,Beauty,3,19.96,59.88
ORD04892,PROD0047,Cook Book,Books,1,17.53,17.53
ORD04893,PROD0049,Travel Photography,Books,3,39.07,117.21
ORD04893,PROD0044,Business Strategy,Books,2,25.81,51.62
ORD04893,PROD0051,Face Moisturizer,Beauty,3,39.06,117.18
ORD04894,PROD0039,Protein Shaker,Sports,3,31.54,94.62
ORD04895,PROD0002,Smart Watch,Electronics,2,110.0,220.0
ORD04895,PROD0072,Premium Coffee Beans,Food & Grocery,1,43.12,43.12
ORD04895,PROD0028,Storage Organizer,Home & Kitchen,1,24.84,24.84
ORD04895,PROD0045,Self-Help Bestseller,Books,3,13.44,40.32
ORD04896,PROD0036,Jump Rope,Sports,1,20.14,20.14
ORD04896,PROD0035,Running Shoes,Sports,1,99.21,99.21
ORD04897,PROD0021,Coffee Maker,Home & Kitchen,3,168.93,506.79
ORD04897,PROD0022,Air Fryer,Home & Kitchen,2,143.78,287.56
ORD04897,PROD0008,Portable Monitor,Electronics,3,144.34,433.02
ORD04898,PROD0045,Self-Help Bestseller,Books,2,13.44,26.88
ORD04899,PROD0020,Scarf,Clothing,3,12.21,36.63
ORD04899,PROD0073,Matcha Green Tea,Food & Grocery,1,31.91,31.91
ORD04899,PROD0072,Premium Coffee Beans,Food & Grocery,3,43.12,129.36
ORD04899,PROD0071,Whey Protein Bar,Food & Grocery,2,22.38,44.76
ORD04900,PROD0025,Knife Set,Home & Kitchen,2,144.87,289.74
ORD04900,PROD0069,Science Experiment Kit,Toys,3,27.62,82.86
ORD04900,PROD0009,Phone Case,Electronics,2,22.66,45.32
ORD04901,PROD0024,Toaster,Home & Kitchen,3,29.33,87.99
ORD04902,PROD0050,Graphic Novel,Books,1,18.57,18.57
ORD04902,PROD0048,World History,Books,1,25.51,25.51
ORD04903,PROD0075,Extra Virgin Olive Oil,Food & Grocery,1,26.39,26.39
ORD04903,PROD0035,Running Shoes,Sports,1,99.21,99.21
ORD04904,PROD0017,Running Shorts,Clothing,1,23.82,23.82
ORD04904,PROD0047,Cook Book,Books,1,17.53,17.53
ORD04904,PROD0065,Collectible Doll,Toys,3,52.93,158.79
ORD04904,PROD0023,Blender,Home & Kitchen,3,60.62,181.86
ORD04905,PROD0075,Extra Virgin Olive Oil,Food & Grocery,2,26.39,52.78
ORD04905,PROD0034,Water Bottle,Sports,1,49.06,49.06
ORD04905,PROD0051,Face Moisturizer,Beauty,2,39.06,78.12
ORD04905,PROD0041,Python Programming,Books,2,41.14,82.28
ORD04906,PROD0076,Artisan Pasta,Food & Grocery,3,10.93,32.79
ORD04907,PROD0033,Resistance Bands,Sports,1,26.09,26.09
ORD04907,PROD0075,Extra Virgin Olive Oil,Food & Grocery,1,26.39,26.39
ORD04908,PROD0075,Extra Virgin Olive Oil,Food & Grocery,2,26.39,52.78
ORD04908,PROD0057,Perfume,Beauty,2,50.54,101.08
ORD04909,PROD0053,Lipstick Set,Beauty,3,19.34,58.02
ORD04910,PROD0044,Business Strategy,Books,3,25.81,77.43
ORD04910,PROD0070,Plush Stuffed Animal,Toys,1,16.69,16.69
ORD04910,PROD0036,Jump Rope,Sports,2,20.14,40.28
ORD04910,PROD0038,Gym Bag,Sports,3,65.2,195.6
ORD04911,PROD0017,Running Shorts,Clothing,2,23.82,47.64
ORD04911,PROD0037,Foam Roller,Sports,3,53.18,159.54
ORD04912,PROD0001,Wireless Headphones,Electronics,2,220.67,441.34
ORD04913,PROD0025,Knife Set,Home & Kitchen,2,144.87,289.74
ORD04913,PROD0038,Gym Bag,Sports,2,65.2,130.4
ORD04913,PROD0077,Mixed Nuts Pack,Food & Grocery,1,37.44,37.44
ORD04913,PROD0061,LEGO Creator Set,Toys,1,99.16,99.16
ORD04914,PROD0040,Fitness Tracker,Sports,1,99.28,99.28
ORD04914,PROD0044,Business Strategy,Books,3,25.81,77.43
ORD04915,PROD0023,Blender,Home & Kitchen,3,60.62,181.86
ORD04916,PROD0075,Extra Virgin Olive Oil,Food & Grocery,3,26.39,79.17
ORD04916,PROD0041,Python Programming,Books,1,41.14,41.14
ORD04917,PROD0011,T-Shirt,Clothing,1,18.75,18.75
ORD04917,PROD0074,Granola Mix,Food & Grocery,3,13.35,40.05
ORD04917,PROD0021,Coffee Maker,Home & Kitchen,1,168.93,168.93
ORD04918,PROD0039,Protein Shaker,Sports,2,31.54,63.08
ORD04918,PROD0001,Wireless Headphones,Electronics,1,220.67,220.67
ORD04918,PROD0034,Water Bottle,Sports,1,49.06,49.06
ORD04918,PROD0022,Air Fryer,Home & Kitchen,2,143.78,287.56
ORD04919,PROD0029,LED Desk Lamp,Home & Kitchen,2,80.09,160.18
ORD04919,PROD0046,Science Fiction Novel,Books,3,13.49,40.47
ORD04920,PROD0068,Art & Craft Kit,Toys,3,13.06,39.18
ORD04920,PROD0022,Air Fryer,Home & Kitchen,3,143.78,431.34
ORD04920,PROD0049,Travel Photography,Books,3,39.07,117.21
ORD04921,PROD0045,Self-Help Bestseller,Books,1,13.44,13.44
ORD04921,PROD0022,Air Fryer,Home & Kitchen,1,143.78,143.78
ORD04921,PROD0011,T-Shirt,Clothing,2,18.75,37.5
ORD04922,PROD0020,Scarf,Clothing,3,12.21,36.63
ORD04922,PROD0025,Knife Set,Home & Kitchen,2,144.87,289.74
ORD04923,PROD0004,USB-C Hub,Electronics,2,33.39,66.78
ORD04923,PROD0051,Face Moisturizer,Beauty,2,39.06,78.12
ORD04923,PROD0059,Vitamin C Serum,Beauty,3,28.13,84.39
ORD04924,PROD0015,Summer Dress,Clothing,1,67.24,67.24
ORD04924,PROD0068,Art & Craft Kit,Toys,3,13.06,39.18
ORD04924,PROD0056,Hair Conditioner,Beauty,3,28.27,84.81
ORD04925,PROD0022,Air Fryer,Home & Kitchen,3,143.78,431.34
ORD04925,PROD0036,Jump Rope,Sports,3,20.14,60.42
ORD04925,PROD0033,Resistance Bands,Sports,3,26.09,78.27
ORD04925,PROD0014,Winter Jacket,Clothing,2,87.84,175.68
ORD04926,PROD0001,Wireless Headphones,Electronics,1,220.67,220.67
ORD04927,PROD0013,Sneakers,Clothing,2,42.92,85.84
ORD04928,PROD0035,Running Shoes,Sports,1,99.21,99.21
ORD04928,PROD0025,Knife Set,Home & Kitchen,1,144.87,144.87
ORD04929,PROD0075,Extra Virgin Olive Oil,Food & Grocery,2,26.39,52.78
ORD04929,PROD0032,Adjustable Dumbbells,Sports,1,159.46,159.46
ORD04929,PROD0037,Foam Roller,Sports,3,53.18,159.54
ORD04929,PROD0030,Throw Pillow,Home & Kitchen,3,42.17,126.51
ORD04930,PROD0025,Knife Set,Home & Kitchen,2,144.87,289.74
ORD04931,PROD0054,Foundation,Beauty,2,57.15,114.3
ORD04931,PROD0047,Cook Book,Books,1,17.53,17.53
ORD04931,PROD0023,Blender,Home & Kitchen,2,60.62,121.24
ORD04931,PROD0044,Business Strategy,Books,2,25.81,51.62
ORD04932,PROD0053,Lipstick Set,Beauty,3,19.34,58.02
ORD04932,PROD0016,Hoodie,Clothing,3,57.25,171.75
ORD04932,PROD0005,Webcam,Electronics,3,143.11,429.33
ORD04933,PROD0064,Action Figure,Toys,3,30.54,91.62
ORD04934,PROD0006,Mechanical Keyboard,Electronics,3,151.5,454.5
ORD04934,PROD0046,Science Fiction Novel,Books,1,13.49,13.49
ORD04934,PROD0023,Blender,Home & Kitchen,2,60.62,121.24
ORD04934,PROD0013,Sneakers,Clothing,3,42.92,128.76
ORD04935,PROD0062,Strategy Board Game,Toys,3,43.8,131.4
ORD04935,PROD0071,Whey Protein Bar,Food & Grocery,1,22.38,22.38
ORD04935,PROD0044,Business Strategy,Books,1,25.81,25.81
ORD04935,PROD0008,Portable Monitor,Electronics,2,144.34,288.68
ORD04936,PROD0069,Science Experiment Kit,Toys,3,27.62,82.86
ORD04937,PROD0062,Strategy Board Game,Toys,1,43.8,43.8
ORD04937,PROD0014,Winter Jacket,Clothing,3,87.84,263.52
ORD04938,PROD0039,Protein Shaker,Sports,2,31.54,63.08
ORD04938,PROD0046,Science Fiction Novel,Books,1,13.49,13.49
ORD04938,PROD0064,Action Figure,Toys,2,30.54,61.08
ORD04939,PROD0005,Webcam,Electronics,1,143.11,143.11
ORD04939,PROD0060,Nail Polish Set,Beauty,2,16.35,32.7
ORD04940,PROD0062,Strategy Board Game,Toys,3,43.8,131.4
ORD04940,PROD0036,Jump Rope,Sports,2,20.14,40.28
ORD04941,PROD0057,Perfume,Beauty,3,50.54,151.62
ORD04941,PROD0001,Wireless Headphones,Electronics,1,220.67,220.67
ORD04941,PROD0025,Knife Set,Home & Kitchen,1,144.87,144.87
ORD04941,PROD0052,SPF Sunscreen,Beauty,1,19.96,19.96
ORD04942,PROD0058,Eye Cream,Beauty,2,71.04,142.08
ORD04942,PROD0053,Lipstick Set,Beauty,3,19.34,58.02
ORD04943,PROD0053,Lipstick Set,Beauty,1,19.34,19.34
ORD04943,PROD0017,Running Shorts,Clothing,3,23.82,71.46
ORD04943,PROD0059,Vitamin C Serum,Beauty,1,28.13,28.13
ORD04944,PROD0059,Vitamin C Serum,Beauty,3,28.13,84.39
ORD04944,PROD0079,Multivitamins,Food & Grocery,2,20.74,41.48
ORD04945,PROD0049,Travel Photography,Books,3,39.07,117.21
ORD04945,PROD0017,Running Shorts,Clothing,3,23.82,71.46
ORD04945,PROD0033,Resistance Bands,Sports,3,26.09,78.27
ORD04946,PROD0079,Multivitamins,Food & Grocery,2,20.74,41.48
ORD04946,PROD0055,Argan Shampoo,Beauty,1,29.44,29.44
ORD04946,PROD0032,Adjustable Dumbbells,Sports,3,159.46,478.38
ORD04946,PROD0005,Webcam,Electronics,2,143.11,286.22
ORD04947,PROD0005,Webcam,Electronics,3,143.11,429.33
ORD04947,PROD0060,Nail Polish Set,Beauty,2,16.35,32.7
ORD04948,PROD0075,Extra Virgin Olive Oil,Food & Grocery,3,26.39,79.17
ORD04948,PROD0019,Cap,Clothing,2,34.28,68.56
ORD04948,PROD0020,Scarf,Clothing,2,12.21,24.42
ORD04948,PROD0026,Cutting Board,Home & Kitchen,1,23.46,23.46
ORD04949,PROD0075,Extra Virgin Olive Oil,Food & Grocery,2,26.39,52.78
ORD04949,PROD0009,Phone Case,Electronics,3,22.66,67.98
ORD04950,PROD0067,Card Game Pack,Toys,2,11.89,23.78
ORD04950,PROD0033,Resistance Bands,Sports,3,26.09,78.27
ORD04950,PROD0025,Knife Set,Home & Kitchen,1,144.87,144.87
ORD04950,PROD0001,Wireless Headphones,Electronics,1,220.67,220.67
ORD04951,PROD0015,Summer Dress,Clothing,2,67.24,134.48
ORD04952,PROD0077,Mixed Nuts Pack,Food & Grocery,2,37.44,74.88
ORD04952,PROD0059,Vitamin C Serum,Beauty,2,28.13,56.26
ORD04953,PROD0047,Cook Book,Books,1,17.53,17.53
ORD04954,PROD0043,ML Engineering Guide,Books,1,29.52,29.52
ORD04954,PROD0036,Jump Rope,Sports,2,20.14,40.28
ORD04954,PROD0037,Foam Roller,Sports,2,53.18,106.36
ORD04954,PROD0016,Hoodie,Clothing,3,57.25,171.75
ORD04955,PROD0021,Coffee Maker,Home & Kitchen,2,168.93,337.86
ORD04955,PROD0045,Self-Help Bestseller,Books,1,13.44,13.44
ORD04955,PROD0036,Jump Rope,Sports,1,20.14,20.14
ORD04955,PROD0008,Portable Monitor,Electronics,1,144.34,144.34
ORD04956,PROD0013,Sneakers,Clothing,3,42.92,128.76
ORD04956,PROD0038,Gym Bag,Sports,2,65.2,130.4
ORD04956,PROD0018,Ankle Socks,Clothing,3,13.84,41.52
ORD04957,PROD0010,Tablet Stand,Electronics,1,16.34,16.34
ORD04957,PROD0049,Travel Photography,Books,1,39.07,39.07
ORD04958,PROD0080,Healthy Snack Box,Food & Grocery,1,23.63,23.63
ORD04959,PROD0048,World History,Books,2,25.51,51.02
ORD04960,PROD0043,ML Engineering Guide,Books,1,29.52,29.52
ORD04960,PROD0070,Plush Stuffed Animal,Toys,1,16.69,16.69
ORD04960,PROD0050,Graphic Novel,Books,3,18.57,55.71
ORD04960,PROD0058,Eye Cream,Beauty,3,71.04,213.12
ORD04961,PROD0040,Fitness Tracker,Sports,3,99.28,297.84
ORD04961,PROD0016,Hoodie,Clothing,1,57.25,57.25
ORD04962,PROD0042,Data Science Handbook,Books,3,26.6,79.8
ORD04962,PROD0033,Resistance Bands,Sports,3,26.09,78.27
ORD04962,PROD0026,Cutting Board,Home & Kitchen,1,23.46,23.46
ORD04963,PROD0003,Bluetooth Speaker,Electronics,1,63.0,63.0
ORD04963,PROD0007,Gaming Mouse,Electronics,1,109.76,109.76
ORD04963,PROD0011,T-Shirt,Clothing,1,18.75,18.75
ORD04963,PROD0035,Running Shoes,Sports,1,99.21,99.21
ORD04964,PROD0049,Travel Photography,Books,3,39.07,117.21
ORD04964,PROD0065,Collectible Doll,Toys,3,52.93,158.79
ORD04964,PROD0067,Card Game Pack,Toys,3,11.89,35.67
ORD04964,PROD0030,Throw Pillow,Home & Kitchen,3,42.17,126.51
ORD04965,PROD0070,Plush Stuffed Animal,Toys,1,16.69,16.69
ORD04965,PROD0026,Cutting Board,Home & Kitchen,1,23.46,23.46
ORD04966,PROD0029,LED Desk Lamp,Home & Kitchen,1,80.09,80.09
ORD04966,PROD0038,Gym Bag,Sports,3,65.2,195.6
ORD04966,PROD0042,Data Science Handbook,Books,2,26.6,53.2
ORD04966,PROD0019,Cap,Clothing,2,34.28,68.56
ORD04967,PROD0018,Ankle Socks,Clothing,3,13.84,41.52
ORD04967,PROD0047,Cook Book,Books,2,17.53,35.06
ORD04967,PROD0029,LED Desk Lamp,Home & Kitchen,1,80.09,80.09
ORD04968,PROD0070,Plush Stuffed Animal,Toys,1,16.69,16.69
ORD04968,PROD0078,Raw Honey,Food & Grocery,2,18.09,36.18
ORD04969,PROD0049,Travel Photography,Books,1,39.07,39.07
ORD04969,PROD0002,Smart Watch,Electronics,1,110.0,110.0
ORD04970,PROD0009,Phone Case,Electronics,1,22.66,22.66
ORD04970,PROD0031,Yoga Mat,Sports,3,68.43,205.29
ORD04970,PROD0073,Matcha Green Tea,Food & Grocery,2,31.91,63.82
ORD04970,PROD0014,Winter Jacket,Clothing,1,87.84,87.84
ORD04971,PROD0050,Graphic Novel,Books,2,18.57,37.14
ORD04971,PROD0033,Resistance Bands,Sports,3,26.09,78.27
ORD04971,PROD0073,Matcha Green Tea,Food & Grocery,1,31.91,31.91
ORD04971,PROD0032,Adjustable Dumbbells,Sports,2,159.46,318.92
ORD04972,PROD0072,Premium Coffee Beans,Food & Grocery,2,43.12,86.24
ORD04972,PROD0077,Mixed Nuts Pack,Food & Grocery,3,37.44,112.32
ORD04973,PROD0047,Cook Book,Books,1,17.53,17.53
ORD04973,PROD0042,Data Science Handbook,Books,3,26.6,79.8
ORD04973,PROD0003,Bluetooth Speaker,Electronics,2,63.0,126.0
ORD04973,PROD0012,Jeans,Clothing,2,65.37,130.74
ORD04974,PROD0028,Storage Organizer,Home & Kitchen,1,24.84,24.84
ORD04975,PROD0042,Data Science Handbook,Books,2,26.6,53.2
ORD04975,PROD0014,Winter Jacket,Clothing,2,87.84,175.68
ORD04975,PROD0023,Blender,Home & Kitchen,1,60.62,60.62
ORD04976,PROD0064,Action Figure,Toys,1,30.54,30.54
ORD04977,PROD0019,Cap,Clothing,1,34.28,34.28
ORD04977,PROD0037,Foam Roller,Sports,1,53.18,53.18
ORD04977,PROD0079,Multivitamins,Food & Grocery,3,20.74,62.22
ORD04978,PROD0062,Strategy Board Game,Toys,3,43.8,131.4
ORD04979,PROD0011,T-Shirt,Clothing,3,18.75,56.25
ORD04979,PROD0015,Summer Dress,Clothing,3,67.24,201.72
ORD04979,PROD0023,Blender,Home & Kitchen,2,60.62,121.24
ORD04980,PROD0058,Eye Cream,Beauty,1,71.04,71.04
ORD04980,PROD0037,Foam Roller,Sports,2,53.18,106.36
ORD04981,PROD0022,Air Fryer,Home & Kitchen,1,143.78,143.78
ORD04981,PROD0065,Collectible Doll,Toys,3,52.93,158.79
ORD04982,PROD0056,Hair Conditioner,Beauty,1,28.27,28.27
ORD04983,PROD0076,Artisan Pasta,Food & Grocery,2,10.93,21.86
ORD04983,PROD0035,Running Shoes,Sports,1,99.21,99.21
ORD04984,PROD0019,Cap,Clothing,1,34.28,34.28
ORD04984,PROD0053,Lipstick Set,Beauty,1,19.34,19.34
ORD04984,PROD0058,Eye Cream,Beauty,1,71.04,71.04
ORD04984,PROD0020,Scarf,Clothing,2,12.21,24.42
ORD04985,PROD0062,Strategy Board Game,Toys,1,43.8,43.8
ORD04986,PROD0023,Blender,Home & Kitchen,1,60.62,60.62
ORD04986,PROD0031,Yoga Mat,Sports,3,68.43,205.29
ORD04987,PROD0068,Art & Craft Kit,Toys,3,13.06,39.18
ORD04987,PROD0078,Raw Honey,Food & Grocery,2,18.09,36.18
ORD04988,PROD0036,Jump Rope,Sports,3,20.14,60.42
ORD04988,PROD0063,1000-Piece Puzzle,Toys,2,26.71,53.42
ORD04989,PROD0065,Collectible Doll,Toys,2,52.93,105.86
ORD04989,PROD0028,Storage Organizer,Home & Kitchen,2,24.84,49.68
ORD04990,PROD0015,Summer Dress,Clothing,3,67.24,201.72
ORD04990,PROD0079,Multivitamins,Food & Grocery,1,20.74,20.74
ORD04991,PROD0020,Scarf,Clothing,3,12.21,36.63
ORD04991,PROD0033,Resistance Bands,Sports,1,26.09,26.09
ORD04991,PROD0017,Running Shorts,Clothing,3,23.82,71.46
ORD04991,PROD0060,Nail Polish Set,Beauty,1,16.35,16.35
ORD04992,PROD0069,Science Experiment Kit,Toys,2,27.62,55.24
ORD04993,PROD0024,Toaster,Home & Kitchen,1,29.33,29.33
ORD04993,PROD0003,Bluetooth Speaker,Electronics,1,63.0,63.0
ORD04993,PROD0048,World History,Books,2,25.51,51.02
ORD04993,PROD0075,Extra Virgin Olive Oil,Food & Grocery,2,26.39,52.78
ORD04994,PROD0065,Collectible Doll,Toys,3,52.93,158.79
ORD04994,PROD0080,Healthy Snack Box,Food & Grocery,2,23.63,47.26
ORD04994,PROD0042,Data Science Handbook,Books,3,26.6,79.8
ORD04994,PROD0059,Vitamin C Serum,Beauty,3,28.13,84.39
ORD04995,PROD0043,ML Engineering Guide,Books,1,29.52,29.52
ORD04995,PROD0003,Bluetooth Speaker,Electronics,1,63.0,63.0
ORD04995,PROD0075,Extra Virgin Olive Oil,Food & Grocery,1,26.39,26.39
ORD04996,PROD0048,World History,Books,2,25.51,51.02
ORD04997,PROD0025,Knife Set,Home & Kitchen,2,144.87,289.74
ORD04997,PROD0030,Throw Pillow,Home & Kitchen,2,42.17,84.34
ORD04997,PROD0029,LED Desk Lamp,Home & Kitchen,1,80.09,80.09
ORD04998,PROD0014,Winter Jacket,Clothing,2,87.84,175.68
ORD04999,PROD0042,Data Science Handbook,Books,2,26.6,53.2
ORD05000,PROD0017,Running Shorts,Clothing,2,23.82,47.64
ORD05000,PROD0049,Travel Photography,Books,3,39.07,117.21
ORD05000,PROD0047,Cook Book,Books,2,17.53,35.06
ORD05000,PROD0069,Science Experiment Kit,Toys,1,27.62,27.62
